{
"type": "FeatureCollection",
"name": "Analisis_Electoral_Final",
"crs": { "type": "name", "properties": { "name": "urn:ogc:def:crs:EPSG::32614" } },
"features": [
{ "type": "Feature", "properties": { "ID": 635.0, "ENTIDAD": 30, "DISTRITO_F": 19, "DISTRITO_L": 25, "MUNICIPIO": 34, "SECCION": 638, "TIPO": 2, "CONTROL": 3125.0, "GEOMETRY1_": null, "SECCION_KEY": "638", "morena": 187, "pt": 358, "verde": 39, "verde-morena": 6, "pan": 64, "pri": 0, "mc": 524, "V_4T_25": 590, "V_ALI_25": 64, "V_MC_25": 524, "TOTAL_25": 1178, "GANADOR_25": "4T", "MARGEN_VICTORIA": 0.056027164685908321, "GANADOR_21": "4T", "PERFIL_POLITICO": "BASTION" }, "geometry": { "type": "Polygon", "coordinates": [ [ [ 910377.010233944980428, 2042183.384563819970936 ], [ 910378.733789645018987, 2042205.239519040100276 ], [ 910374.127345634973608, 2042211.938593639992177 ], [ 910384.148465187987313, 2042210.751296039903536 ], [ 910423.53669523796998, 2042206.084596789907664 ], [ 910469.541054690023884, 2042200.633983910083771 ], [ 910474.588000169023871, 2042200.036020010011271 ], [ 910482.561397743993439, 2042199.093541460111737 ], [ 910588.237083095009439, 2042186.602371250046417 ], [ 910594.316794891958125, 2042185.883731809910387 ], [ 910601.947194469044916, 2042184.932741600088775 ], [ 910934.944197561009787, 2042143.430737629998475 ], [ 910943.226668915012851, 2042142.398476239992306 ], [ 911160.171331136021763, 2042120.340869540115818 ], [ 911225.825636868015863, 2042113.593836389947683 ], [ 911176.698755174991675, 2042016.97050695004873 ], [ 911167.616469891974702, 2041999.107361299917102 ], [ 911134.777860317961313, 2041946.633024520007893 ], [ 911119.707137153018266, 2041922.55085193994455 ], [ 911095.72961782803759, 2041885.628353730076924 ], [ 911079.859968853997998, 2041862.288380570011213 ], [ 911065.791347241029143, 2041841.597232880070806 ], [ 911054.776482785004191, 2041825.397338279988617 ], [ 911037.51312139397487, 2041789.963526790030301 ], [ 911012.67857729899697, 2041738.989489729981869 ], [ 910974.517881346982904, 2041661.033159859944135 ], [ 910966.213083956041373, 2041620.38362387008965 ], [ 910952.305018009035848, 2041552.307739439886063 ], [ 910934.508146713953465, 2041496.83018756005913 ], [ 910926.182369412970729, 2041478.482687310082838 ], [ 910844.550641642999835, 2041311.35289644007571 ], [ 910827.096739050000906, 2041268.70837415009737 ], [ 910771.344988589989953, 2041304.000708200037479 ], [ 910743.213372466037981, 2041320.368165770079941 ], [ 910644.496973427943885, 2041378.677234489936382 ], [ 910640.413050918024965, 2041198.939562340034172 ], [ 910639.878493170021102, 2041091.738631659885868 ], [ 910582.137285970035009, 2041088.560175040038303 ], [ 910521.217698373948224, 2041082.733038099948317 ], [ 910538.369588330038823, 2041197.022177360020578 ], [ 910470.837711879983544, 2041198.513367030071095 ], [ 910422.052855568006635, 2041198.513330569956452 ], [ 910330.661109815002419, 2041236.007300300057977 ], [ 910355.837195241008885, 2041328.31546550989151 ], [ 910381.843438094016165, 2041393.114494079956785 ], [ 910433.014916431973688, 2041495.871641640085727 ], [ 910459.72387078194879, 2041480.764578429982066 ], [ 910517.988431975012645, 2041446.550601890077814 ], [ 910525.570030785049312, 2041461.132643379969522 ], [ 910540.651993614039384, 2041475.954043379984796 ], [ 910475.047915440052748, 2041599.686332219978794 ], [ 910482.794095596997067, 2041622.707678549923003 ], [ 910495.143521458026953, 2041658.9701939499937 ], [ 910517.767886574962176, 2041722.786544380011037 ], [ 910429.654065015958622, 2041741.468370960094035 ], [ 910449.071421472006477, 2041799.720585450064391 ], [ 910604.704845192027278, 2041772.065616910113022 ], [ 910665.191139311995357, 2041952.199681259924546 ], [ 910659.365668858983554, 2041983.922996369889006 ], [ 910653.593248671968468, 2042023.770535789895803 ], [ 910728.526272334042005, 2042133.689786530099809 ], [ 910585.900957818957977, 2042150.188709009904414 ], [ 910573.944947408977896, 2042151.571782479993999 ], [ 910539.891659443965182, 2042155.511073060100898 ], [ 910511.347886099014431, 2042158.813021979993209 ], [ 910465.865416152053513, 2042164.074442419921979 ], [ 910437.449045213055797, 2042167.361653409898281 ], [ 910414.401793102035299, 2042170.027763749938458 ], [ 910376.289317592047155, 2042174.436621889937669 ], [ 910377.010233944980428, 2042183.384563819970936 ] ] ] } },
{ "type": "Feature", "properties": { "ID": 636.0, "ENTIDAD": 30, "DISTRITO_F": 19, "DISTRITO_L": 25, "MUNICIPIO": 34, "SECCION": 639, "TIPO": 2, "CONTROL": 4768.0, "GEOMETRY1_": null, "SECCION_KEY": "639", "morena": 136, "pt": 159, "verde": 24, "verde-morena": 10, "pan": 34, "pri": 1, "mc": 380, "V_4T_25": 329, "V_ALI_25": 35, "V_MC_25": 380, "TOTAL_25": 744, "GANADOR_25": "MC", "MARGEN_VICTORIA": 0.068548387096774188, "GANADOR_21": "4T", "PERFIL_POLITICO": "TERRITORIO MC" }, "geometry": { "type": "Polygon", "coordinates": [ [ [ 909847.175320151029155, 2041123.452755480073392 ], [ 909849.819069092045538, 2041129.810661539901048 ], [ 909864.751485235057771, 2041164.173572190105915 ], [ 909867.526625914033502, 2041169.326652149902657 ], [ 909859.495479719946161, 2041179.071205449989066 ], [ 909880.05614650005009, 2041218.717542479978874 ], [ 909726.281292267027311, 2041273.945571509888396 ], [ 909446.44970617198851, 2041355.162025389960036 ], [ 909469.195524370996282, 2041374.228419590042904 ], [ 909558.720472545013763, 2041471.21392525988631 ], [ 909692.329658447997645, 2041638.734328449936584 ], [ 909801.917931691976264, 2041818.467668029945344 ], [ 909770.19212297804188, 2041831.515560700092465 ], [ 909901.491602145018987, 2042132.809831540100276 ], [ 909959.69993547804188, 2042257.163998200092465 ], [ 909975.941440160968341, 2042255.76848 ], [ 910006.143043324002065, 2042255.19860293995589 ], [ 910068.836092529003508, 2042254.01564156007953 ], [ 910089.707368353032507, 2042251.12703423993662 ], [ 910162.350928158964962, 2042241.073086430085823 ], [ 910165.885416417964734, 2042240.583909410052001 ], [ 910171.270858010975644, 2042239.838558420073241 ], [ 910357.133216441958211, 2042214.115005539963022 ], [ 910365.313068385003135, 2042212.982905119890347 ], [ 910374.127345634973608, 2042211.938593639992177 ], [ 910378.733789645018987, 2042205.239519040100276 ], [ 910377.010233944980428, 2042183.384563819970936 ], [ 910376.289317592047155, 2042174.436621889937669 ], [ 910414.401793102035299, 2042170.027763749938458 ], [ 910437.449045213055797, 2042167.361653409898281 ], [ 910465.865416152053513, 2042164.074442419921979 ], [ 910511.347886099014431, 2042158.813021979993209 ], [ 910539.891659443965182, 2042155.511073060100898 ], [ 910573.944947408977896, 2042151.571782479993999 ], [ 910585.900957818957977, 2042150.188709009904414 ], [ 910728.526272334042005, 2042133.689786530099809 ], [ 910653.593248671968468, 2042023.770535789895803 ], [ 910659.365668858983554, 2041983.922996369889006 ], [ 910665.191139311995357, 2041952.199681259924546 ], [ 910604.704845192027278, 2041772.065616910113022 ], [ 910449.071421472006477, 2041799.720585450064391 ], [ 910429.654065015958622, 2041741.468370960094035 ], [ 910517.767886574962176, 2041722.786544380011037 ], [ 910495.143521458026953, 2041658.9701939499937 ], [ 910482.794095596997067, 2041622.707678549923003 ], [ 910475.047915440052748, 2041599.686332219978794 ], [ 910540.651993614039384, 2041475.954043379984796 ], [ 910525.570030785049312, 2041461.132643379969522 ], [ 910517.988431975012645, 2041446.550601890077814 ], [ 910459.72387078194879, 2041480.764578429982066 ], [ 910433.014916431973688, 2041495.871641640085727 ], [ 910381.843438094016165, 2041393.114494079956785 ], [ 910355.837195241008885, 2041328.31546550989151 ], [ 910330.661109815002419, 2041236.007300300057977 ], [ 910306.145026838057674, 2041116.371086820028722 ], [ 910239.252792294952087, 2041149.533609180012718 ], [ 910228.934851886006072, 2041154.692569890059531 ], [ 910190.480687116971239, 2041172.927751220064238 ], [ 910114.91041536105331, 2041205.101653960067779 ], [ 910109.083358197007328, 2041159.279521760065109 ], [ 910104.050916883046739, 2041096.770719320047647 ], [ 910098.223862092941999, 2041047.770173619966954 ], [ 910028.563617990002967, 2041067.900073719909415 ], [ 909968.438615754013881, 2041086.175906419986859 ], [ 909905.664935618988238, 2041104.45173714007251 ], [ 909847.175320151029155, 2041123.452755480073392 ] ] ] } },
{ "type": "Feature", "properties": { "ID": 637.0, "ENTIDAD": 30, "DISTRITO_F": 19, "DISTRITO_L": 25, "MUNICIPIO": 34, "SECCION": 640, "TIPO": 2, "CONTROL": 3142.0, "GEOMETRY1_": null, "SECCION_KEY": "640", "morena": 146, "pt": 218, "verde": 21, "verde-morena": 6, "pan": 36, "pri": 2, "mc": 449, "V_4T_25": 391, "V_ALI_25": 38, "V_MC_25": 449, "TOTAL_25": 878, "GANADOR_25": "MC", "MARGEN_VICTORIA": 0.066059225512528477, "GANADOR_21": "4T", "PERFIL_POLITICO": "TERRITORIO MC" }, "geometry": { "type": "Polygon", "coordinates": [ [ [ 909847.175320151029155, 2041123.452755480073392 ], [ 909905.664935618988238, 2041104.45173714007251 ], [ 909968.438615754013881, 2041086.175906419986859 ], [ 910028.563617990002967, 2041067.900073719909415 ], [ 910098.223862092941999, 2041047.770173619966954 ], [ 910104.050916883046739, 2041096.770719320047647 ], [ 910109.083358197007328, 2041159.279521760065109 ], [ 910114.91041536105331, 2041205.101653960067779 ], [ 910190.480687116971239, 2041172.927751220064238 ], [ 910228.934851884027012, 2041154.692569890059531 ], [ 910239.252792294952087, 2041149.533609180012718 ], [ 910306.145026838057674, 2041116.371086820028722 ], [ 910302.362401793012396, 2041092.164651029976085 ], [ 910296.005620748037472, 2041030.715318749891594 ], [ 910287.709784994018264, 2040963.20110060996376 ], [ 910283.256888758973219, 2040907.857444070046768 ], [ 910279.652170323999599, 2040853.574011409888044 ], [ 910275.835404703975655, 2040802.683292960049585 ], [ 910272.442729333997704, 2040750.520306929945946 ], [ 910269.050073942984454, 2040671.639695199904963 ], [ 910177.051656884956174, 2040640.372376830084249 ], [ 910170.032539058942348, 2040637.276139640016481 ], [ 910165.911498446017504, 2040631.695608339970931 ], [ 910152.461463507963344, 2040613.481990870088339 ], [ 910137.493679000996053, 2040592.099407559959218 ], [ 910124.038822134956717, 2040572.878152889898047 ], [ 910078.105801669997163, 2040509.688428760040551 ], [ 910059.076198399998248, 2040482.699128109961748 ], [ 910045.33251779305283, 2040463.206865580054 ], [ 910018.648130216053687, 2040427.024416740052402 ], [ 910000.187170755001716, 2040401.992449289886281 ], [ 909963.759805176989175, 2040361.841105269966647 ], [ 909891.063004942960106, 2040404.08300655009225 ], [ 909781.248395303962752, 2040497.112340690102428 ], [ 909903.158558196038939, 2040610.084787589963526 ], [ 909884.472651354968548, 2040623.343683240003884 ], [ 909840.872202064958401, 2040654.28110641008243 ], [ 909778.237548051984049, 2040712.199798790039495 ], [ 909758.85504542500712, 2040752.90344153996557 ], [ 909721.367132465005852, 2040783.99535735999234 ], [ 909683.995318814995699, 2040810.513148660073057 ], [ 909635.21112762298435, 2040804.703083080006763 ], [ 909586.775234324042685, 2040785.170643950114027 ], [ 909544.335778043023311, 2040770.36682198010385 ], [ 909477.097878622007556, 2040768.66740303998813 ], [ 909421.736753929057159, 2040780.999342920025811 ], [ 909342.738179072039202, 2040760.69444067007862 ], [ 909305.598564025945961, 2040778.063982960069552 ], [ 909267.414055328001268, 2040836.60064592002891 ], [ 909186.557891772012226, 2040889.481735969893634 ], [ 909143.886236901045777, 2040883.826163060031831 ], [ 909082.876973093021661, 2040877.707112279953435 ], [ 909027.864146308042109, 2040876.316678649978712 ], [ 908971.690326601965353, 2040920.667490189895034 ], [ 908951.959526177961379, 2040975.093506529927254 ], [ 908949.893293648958206, 2040994.026717809960246 ], [ 908947.974463689955883, 2041011.609256349969655 ], [ 909054.363352618995123, 2041037.183499860111624 ], [ 909096.686709598056041, 2041056.561446300009266 ], [ 909133.129728863947093, 2041066.636651090113446 ], [ 909176.793756637023762, 2041068.217188789974898 ], [ 909194.582481498946436, 2041065.371006410103291 ], [ 909233.17518308898434, 2041149.737472360022366 ], [ 909330.838760950951837, 2041258.252721620025113 ], [ 909370.509557976038195, 2041289.078240890055895 ], [ 909421.34839297097642, 2041334.121186210075393 ], [ 909446.44970617198851, 2041355.162025389960036 ], [ 909726.281292267027311, 2041273.945571509888396 ], [ 909880.05614650005009, 2041218.717542479978874 ], [ 909859.495479719946161, 2041179.071205449989066 ], [ 909867.526625914033502, 2041169.326652149902657 ], [ 909864.751485235057771, 2041164.173572190105915 ], [ 909849.819069092045538, 2041129.810661539901048 ], [ 909847.175320151029155, 2041123.452755480073392 ] ] ] } },
{ "type": "Feature", "properties": { "ID": 638.0, "ENTIDAD": 30, "DISTRITO_F": 19, "DISTRITO_L": 25, "MUNICIPIO": 34, "SECCION": 641, "TIPO": 2, "CONTROL": 3153.0, "GEOMETRY1_": null, "SECCION_KEY": "641", "morena": 129, "pt": 304, "verde": 18, "verde-morena": 7, "pan": 28, "pri": 2, "mc": 252, "V_4T_25": 458, "V_ALI_25": 30, "V_MC_25": 252, "TOTAL_25": 740, "GANADOR_25": "4T", "MARGEN_VICTORIA": 0.27837837837837837, "GANADOR_21": "4T", "PERFIL_POLITICO": "BASTION" }, "geometry": { "type": "Polygon", "coordinates": [ [ [ 910330.661109815002419, 2041236.007300300057977 ], [ 910422.052855568006635, 2041198.513330569956452 ], [ 910470.837711879983544, 2041198.513367030071095 ], [ 910538.369588330038823, 2041197.022177360020578 ], [ 910521.217698373948224, 2041082.733038099948317 ], [ 910582.137285970035009, 2041088.560175040038303 ], [ 910639.878462058026344, 2041091.738631709944457 ], [ 910639.067740967962891, 2040998.400774860056117 ], [ 910640.552071913029067, 2040973.803596769925207 ], [ 910641.40027145401109, 2040945.813703839899972 ], [ 910641.824379949015565, 2040920.156301720067859 ], [ 910644.793041207944043, 2040871.810124129988253 ], [ 910649.88216211902909, 2040805.864242319948971 ], [ 910639.704114096006379, 2040721.046375419944525 ], [ 910639.130296653020196, 2040708.634480260079727 ], [ 910549.462017138954252, 2040690.498750580009073 ], [ 910470.231243683025241, 2040679.34209719998762 ], [ 910373.127258499967866, 2040649.425467839930207 ], [ 910288.596643846016377, 2040606.095450229942799 ], [ 910176.173631572979502, 2040456.788105509942397 ], [ 910115.154376075020991, 2040488.715604139957577 ], [ 910103.265204038005322, 2040495.445947580039501 ], [ 910078.105801669997163, 2040509.688428760040551 ], [ 910124.038822134956717, 2040572.878152889898047 ], [ 910137.493678997969255, 2040592.099407559959218 ], [ 910152.461463507963344, 2040613.481990870088339 ], [ 910165.911498446017504, 2040631.695608339970931 ], [ 910170.032539058942348, 2040637.276139640016481 ], [ 910177.051656884956174, 2040640.372376830084249 ], [ 910269.050073942984454, 2040671.639695199904963 ], [ 910272.442729333997704, 2040750.520306929945946 ], [ 910275.835404703975655, 2040802.683292960049585 ], [ 910279.652170323999599, 2040853.574011409888044 ], [ 910283.256888758973219, 2040907.857444070046768 ], [ 910287.709784994018264, 2040963.20110060996376 ], [ 910296.005620748037472, 2041030.715318749891594 ], [ 910302.362401793012396, 2041092.164651029976085 ], [ 910306.145026838057674, 2041116.371086820028722 ], [ 910330.661109815002419, 2041236.007300300057977 ] ] ] } },
{ "type": "Feature", "properties": { "ID": 639.0, "ENTIDAD": 30, "DISTRITO_F": 19, "DISTRITO_L": 25, "MUNICIPIO": 34, "SECCION": 642, "TIPO": 2, "CONTROL": 3158.0, "GEOMETRY1_": null, "SECCION_KEY": "642", "morena": 162, "pt": 140, "verde": 17, "verde-morena": 7, "pan": 25, "pri": 3, "mc": 227, "V_4T_25": 326, "V_ALI_25": 28, "V_MC_25": 227, "TOTAL_25": 581, "GANADOR_25": "4T", "MARGEN_VICTORIA": 0.1703958691910499, "GANADOR_21": "4T", "PERFIL_POLITICO": "BASTION" }, "geometry": { "type": "Polygon", "coordinates": [ [ [ 910644.496973427943885, 2041378.677234489936382 ], [ 910743.213372466037981, 2041320.368165770079941 ], [ 910771.344988589989953, 2041304.000708200037479 ], [ 910827.096739050000906, 2041268.70837415009737 ], [ 910886.428882358944975, 2041224.209336070111021 ], [ 910896.827407122007571, 2041215.330609160009772 ], [ 910952.921806768048555, 2041167.434694390045479 ], [ 910969.799883496016264, 2041155.159168960060924 ], [ 911005.751353626023047, 2041124.677755 ], [ 911034.221166801056825, 2041097.394224179908633 ], [ 911006.965177117031999, 2041036.781131420051679 ], [ 910987.669147307053208, 2040992.463785510044545 ], [ 910969.221290686982684, 2040955.355958269909024 ], [ 910936.778517286991701, 2040878.17168202996254 ], [ 910904.759831111994572, 2040803.743986519984901 ], [ 910893.733530513010919, 2040775.542040050029755 ], [ 910892.168239598046057, 2040752.517657920019701 ], [ 910841.702767087961547, 2040743.655642650090158 ], [ 910774.813165570958517, 2040728.23385000997223 ], [ 910701.462729819002561, 2040726.379938269965351 ], [ 910652.910737233003601, 2040711.421623579924926 ], [ 910639.130296653020196, 2040708.634480260079727 ], [ 910639.704114096006379, 2040721.046375419944525 ], [ 910649.88216211902909, 2040805.864242319948971 ], [ 910644.793041207944043, 2040871.810124129988253 ], [ 910641.824379949015565, 2040920.156301720067859 ], [ 910641.40027145401109, 2040945.813703839899972 ], [ 910640.552071913029067, 2040973.803596769925207 ], [ 910639.067740967962891, 2040998.400774860056117 ], [ 910639.878462058026344, 2041091.738631709944457 ], [ 910640.413019969011657, 2041198.939562419895083 ], [ 910644.496973427943885, 2041378.677234489936382 ] ] ] } },
{ "type": "Feature", "properties": { "ID": 640.0, "ENTIDAD": 30, "DISTRITO_F": 19, "DISTRITO_L": 25, "MUNICIPIO": 34, "SECCION": 643, "TIPO": 2, "CONTROL": 3162.0, "GEOMETRY1_": null, "SECCION_KEY": "643", "morena": 171, "pt": 116, "verde": 25, "verde-morena": 5, "pan": 26, "pri": 2, "mc": 275, "V_4T_25": 317, "V_ALI_25": 28, "V_MC_25": 275, "TOTAL_25": 620, "GANADOR_25": "4T", "MARGEN_VICTORIA": 0.067741935483870974, "GANADOR_21": "4T", "PERFIL_POLITICO": "BASTION" }, "geometry": { "type": "Polygon", "coordinates": [ [ [ 910969.799883496016264, 2041155.159168960060924 ], [ 911052.124535021954216, 2041129.735097520053387 ], [ 911120.591517720953561, 2041109.89165231003426 ], [ 911175.12831100798212, 2041094.553223059978336 ], [ 911252.67281295103021, 2041074.101987679954618 ], [ 911288.462584947003052, 2041062.172093309927732 ], [ 911380.919491364969872, 2041037.46018297993578 ], [ 911443.125521205947734, 2041019.991416430100799 ], [ 911510.018305415986106, 2041002.948722020024434 ], [ 911574.780748188961297, 2040983.775682949926704 ], [ 911620.796167428023182, 2040970.993659039959311 ], [ 911666.386424585012719, 2040956.507289730012417 ], [ 911649.343717013020068, 2040907.296351589960977 ], [ 911633.792245025979355, 2040864.050375619903207 ], [ 911620.834738250006922, 2040829.995808579958975 ], [ 911602.386741196038201, 2040781.479820990003645 ], [ 911571.24182022199966, 2040702.736051589949057 ], [ 911552.498469082987867, 2040692.96492230007425 ], [ 911474.637475722003728, 2040707.431152320001274 ], [ 911426.37390611495357, 2040713.935624670004472 ], [ 911360.469461817992851, 2040704.147785450099036 ], [ 911295.423645969945937, 2040700.198604450095445 ], [ 911228.417945142020471, 2040689.350936270086095 ], [ 911148.838873757049441, 2040691.916656340006739 ], [ 911099.358086701016873, 2040713.551337719894946 ], [ 911031.539690708043054, 2040734.722541159950197 ], [ 910982.639400204992853, 2040733.486599979922175 ], [ 910951.728420716011897, 2040746.436510280007496 ], [ 910902.595931597985327, 2040754.348818140104413 ], [ 910892.168239598046057, 2040752.517657920019701 ], [ 910893.733530513010919, 2040775.542040050029755 ], [ 910904.759831111994572, 2040803.743986519984901 ], [ 910936.778517286991701, 2040878.17168202996254 ], [ 910969.221290686982684, 2040955.355958269909024 ], [ 910987.669147307053208, 2040992.463785510044545 ], [ 911006.965177117031999, 2041036.781131420051679 ], [ 911034.221166801056825, 2041097.394224179908633 ], [ 911005.751353626023047, 2041124.677755 ], [ 910969.799883496016264, 2041155.159168960060924 ] ] ] } },
{ "type": "Feature", "properties": { "ID": 630.0, "ENTIDAD": 30, "DISTRITO_F": 19, "DISTRITO_L": 25, "MUNICIPIO": 34, "SECCION": 633, "TIPO": 2, "CONTROL": 3012.0, "GEOMETRY1_": null, "SECCION_KEY": "633", "morena": 330, "pt": 311, "verde": 38, "verde-morena": 14, "pan": 81, "pri": 5, "mc": 801, "V_4T_25": 693, "V_ALI_25": 86, "V_MC_25": 801, "TOTAL_25": 1580, "GANADOR_25": "MC", "MARGEN_VICTORIA": 0.068354430379746839, "GANADOR_21": "4T", "PERFIL_POLITICO": "TERRITORIO MC" }, "geometry": { "type": "Polygon", "coordinates": [ [ [ 911514.435976754990406, 2042331.265424010111019 ], [ 911581.332405613968149, 2042322.942487499909475 ], [ 911602.196251863031648, 2042320.346706670010462 ], [ 911889.39664890000131, 2042315.879445370053872 ], [ 911943.002100783982314, 2042313.930961250094697 ], [ 911942.641941762994975, 2042284.515849439892918 ], [ 911929.3434095189441, 2042225.695213350001723 ], [ 911922.284461393021047, 2042196.31462959991768 ], [ 911900.956152442959137, 2042107.542456120019779 ], [ 911874.870566189056262, 2041997.189827089896426 ], [ 911850.19155906594824, 2041888.243779290001839 ], [ 911811.830177666968666, 2041732.264787249965593 ], [ 911782.678843403002247, 2041613.766123420093209 ], [ 911753.906105856993236, 2041486.181302 ], [ 911721.599867990007624, 2041348.122157420031726 ], [ 911711.723663204000331, 2041310.636879160068929 ], [ 911676.169171369052492, 2041227.604334719944745 ], [ 911657.341618382954039, 2041180.869890630012378 ], [ 911593.004703882033937, 2041199.967279929900542 ], [ 911535.206632104003802, 2041217.129979229997844 ], [ 911476.398988005006686, 2041233.283104680012912 ], [ 911396.895090069039725, 2041257.008012840058655 ], [ 911341.87334465503227, 2041273.665927699999884 ], [ 911297.452119056019001, 2041287.042737930081785 ], [ 911228.043954025954008, 2041307.991327669937164 ], [ 911167.722847881959751, 2041324.649167649913579 ], [ 911197.379018357023597, 2041377.020794179989025 ], [ 911255.681878285016865, 2041358.848522109910846 ], [ 911303.888925462961197, 2041449.836333429906517 ], [ 911330.137743131024763, 2041560.384607 ], [ 911360.046257029054686, 2041679.261861310107633 ], [ 911387.17844765202608, 2041794.479411059990525 ], [ 911415.302516152965836, 2041917.014411929994822 ], [ 911428.728924453025684, 2041969.057889040093869 ], [ 911440.561436782008968, 2042018.092765120090917 ], [ 911459.005479885963723, 2042094.601642650086433 ], [ 911468.696341369999573, 2042134.800905379932374 ], [ 911486.997411477961577, 2042212.004518530098721 ], [ 911495.76709044596646, 2042248.999672279926017 ], [ 911502.074410681030713, 2042276.320249889977276 ], [ 911506.346337749040686, 2042292.187778210034594 ], [ 911511.00397714599967, 2042314.686870950041339 ], [ 911514.435976754990406, 2042331.265424010111019 ] ] ] } },
{ "type": "Feature", "properties": { "ID": 631.0, "ENTIDAD": 30, "DISTRITO_F": 19, "DISTRITO_L": 25, "MUNICIPIO": 34, "SECCION": 634, "TIPO": 3, "CONTROL": 3074.0, "GEOMETRY1_": null, "SECCION_KEY": "634", "morena": 212, "pt": 309, "verde": 41, "verde-morena": 14, "pan": 105, "pri": 6, "mc": 831, "V_4T_25": 576, "V_ALI_25": 111, "V_MC_25": 831, "TOTAL_25": 1518, "GANADOR_25": "MC", "MARGEN_VICTORIA": 0.16798418972332016, "GANADOR_21": "4T", "PERFIL_POLITICO": "TERRITORIO MC" }, "geometry": { "type": "Polygon", "coordinates": [ [ [ 911514.435976754990406, 2042331.265424010111019 ], [ 911523.715945751988329, 2042368.061387320049107 ], [ 911532.95855327998288, 2042404.709208840038627 ], [ 911543.955679635051638, 2042448.313865069998428 ], [ 911554.534897568053566, 2042490.261474499944597 ], [ 911563.768469708040357, 2042526.873469840036705 ], [ 911565.166795979021117, 2042532.417967050103471 ], [ 911603.502463671960868, 2042684.422550529940054 ], [ 911612.016010481980629, 2042684.627426030114293 ], [ 911651.673833274049684, 2042683.645771639887244 ], [ 911704.656645774026401, 2042680.669209139887244 ], [ 911717.158208274049684, 2042677.692646639887244 ], [ 911755.853520774049684, 2042675.90670913993381 ], [ 911766.569145774003118, 2042674.120771639980376 ], [ 911812.990160219953395, 2042672.538237049942836 ], [ 911944.54800689604599, 2042662.897013359935954 ], [ 911989.079906351049431, 2043120.585979989962652 ], [ 911682.255249976995401, 2043117.286790129961446 ], [ 911573.381984811974689, 2043130.483549549942836 ], [ 911479.355073987971991, 2043127.18435968994163 ], [ 911385.328163163037971, 2043123.885169839952141 ], [ 911251.298572625033557, 2043124.829012909904122 ], [ 911224.906170286005363, 2043021.289261 ], [ 911206.634535579010844, 2042911.658942670095712 ], [ 911188.374932526960038, 2042831.972408290021122 ], [ 911056.542088545043953, 2042840.793147830059752 ], [ 911019.622784395003691, 2042842.833565050037578 ], [ 910806.134531573043205, 2042865.890281389933079 ], [ 910691.163689487962984, 2042864.76303035998717 ], [ 910528.573877512943, 2042787.639380909968168 ], [ 910469.907845859997906, 2042791.708656389964744 ], [ 910462.040817887987942, 2042792.254340909887105 ], [ 910437.623958042007871, 2042793.947977609932423 ], [ 910434.41822344600223, 2042794.170338290045038 ], [ 910430.420513076009229, 2042794.4476331199985 ], [ 910408.676684602047317, 2042795.97357681998983 ], [ 910406.252920137019828, 2042796.158438389888033 ], [ 910403.829155673040077, 2042796.343299960019067 ], [ 910379.475958963972516, 2042798.200728880008683 ], [ 910374.81907141499687, 2042798.55591173004359 ], [ 910369.56389012595173, 2042798.956726690055802 ], [ 910345.646126167965122, 2042800.780944969970733 ], [ 910338.98168283700943, 2042801.289244960062206 ], [ 910335.797469150973484, 2042801.53210632991977 ], [ 910311.342813526978716, 2042803.397273570066318 ], [ 910303.73831910698209, 2042803.977271670009941 ], [ 910251.181943277013488, 2042807.985769350081682 ], [ 910088.409174500033259, 2042814.089626559987664 ], [ 910019.231003334978595, 2042474.301429630024359 ], [ 909975.941440160968341, 2042255.76848 ], [ 909959.69993547804188, 2042257.163998200092465 ], [ 909901.491602145018987, 2042132.809831540100276 ], [ 909770.19212297804188, 2041831.515560700092465 ], [ 909801.917931691976264, 2041818.467668029945344 ], [ 909692.329658447997645, 2041638.734328449936584 ], [ 909558.720472545013763, 2041471.21392525988631 ], [ 909469.195524370996282, 2041374.228419590042904 ], [ 909446.44970617198851, 2041355.162025389960036 ], [ 909421.348370990948752, 2041334.121186129981652 ], [ 909370.509557976038195, 2041289.078240890055895 ], [ 909330.838760950951837, 2041258.252721620025113 ], [ 909233.17518308898434, 2041149.737472360022366 ], [ 909194.582481498946436, 2041065.371006410103291 ], [ 909176.793756637023762, 2041068.217188789974898 ], [ 909133.129728863947093, 2041066.636651090113446 ], [ 909096.686709598056041, 2041056.561446300009266 ], [ 909054.363352618995123, 2041037.183499860111624 ], [ 908947.974463689955883, 2041011.609256349969655 ], [ 908943.989401202998124, 2041048.125006170012057 ], [ 908930.487236383021809, 2041098.131390599999577 ], [ 908928.049151274026372, 2041194.188005419913679 ], [ 908914.289026465965435, 2041201.292369720060378 ], [ 908835.084014490945265, 2041242.18598574004136 ], [ 908747.999215452000499, 2041299.486707729985937 ], [ 908691.593197245965712, 2041352.985768320038915 ], [ 908610.853133123950101, 2041401.292733920039609 ], [ 908537.270498909056187, 2041408.587071520043537 ], [ 908483.650863621034659, 2041352.307143779937178 ], [ 908410.880924407974817, 2041327.582609799923375 ], [ 908361.864534688997082, 2041330.920793379889801 ], [ 908236.32749124802649, 2041436.057883759960532 ], [ 908328.248918283032253, 2041598.316185269970447 ], [ 908420.170345276012085, 2041760.574486729921773 ], [ 908461.443835085025057, 2041833.429821680067107 ], [ 908430.044722724007443, 2041901.747470469912514 ], [ 908411.443960155942477, 2041924.406398070044816 ], [ 908404.686727999942377, 2041974.733251160010695 ], [ 908409.892378675984219, 2042043.562198899919167 ], [ 908433.758468121988699, 2042085.149303609970957 ], [ 908457.624557567993179, 2042126.736408330034465 ], [ 908469.050354497972876, 2042186.484741709893569 ], [ 908468.572944810963236, 2042223.14806502009742 ], [ 908486.278564207954332, 2042269.232868649996817 ], [ 908495.161212007049471, 2042289.983812750084326 ], [ 908504.043859809986316, 2042310.734756849939004 ], [ 908540.111536912037991, 2042352.492294529918581 ], [ 908563.85827392200008, 2042403.245230050059035 ], [ 908593.825157181010582, 2042444.917551239952445 ], [ 908581.146159828989767, 2042481.410441539948806 ], [ 908587.067925026989542, 2042495.24440427008085 ], [ 908580.310692874947563, 2042545.571257309988141 ], [ 908567.572019316023216, 2042586.647063019918278 ], [ 908560.695434747030959, 2042646.139746859902516 ], [ 908572.419612720026635, 2042682.973503140034154 ], [ 908577.744615811971016, 2042742.636619959957898 ], [ 908614.245155196054839, 2042832.76571569009684 ], [ 908648.686445749015547, 2042917.810003420105204 ], [ 908654.071125047048554, 2042972.890204810071737 ], [ 908665.437245753942989, 2043037.221453499980271 ], [ 908646.597778382943943, 2043078.2120426800102 ], [ 908627.340577546972781, 2043151.283039700007066 ], [ 908589.54229040700011, 2043242.430048859911039 ], [ 908582.427001024945639, 2043320.2543942600023 ], [ 908599.953591773053631, 2043380.087944 ], [ 908580.756067174952477, 2043448.576025580056012 ], [ 908579.980276457965374, 2043508.153925830032676 ], [ 908579.20448574598413, 2043567.731826069997624 ], [ 908608.634283086983487, 2043650.650385770015419 ], [ 908632.321343853953294, 2043705.986236549913883 ], [ 908650.325344269047491, 2043729.156463040038943 ], [ 908673.892317748977803, 2043758.599667619913816 ], [ 908710.378463100991212, 2043803.335274369921535 ], [ 908746.446140120038763, 2043845.092811919981614 ], [ 908795.013785818009637, 2043864.106205459916964 ], [ 908837.062904231017455, 2043915.114790299907327 ], [ 908812.266808436950669, 2044010.921480689896271 ], [ 908785.690476694959216, 2044111.498420499963686 ], [ 908760.630863143014722, 2044161.569623909890652 ], [ 908747.713161009945907, 2044216.394175699912012 ], [ 908728.57531265495345, 2044280.299341779900715 ], [ 908721.579375720000826, 2044348.957856229972094 ], [ 908683.064974204986356, 2044495.099849940044805 ], [ 908656.344982214039192, 2044605.410144760040566 ], [ 908596.035033705993555, 2044854.392562429886311 ], [ 908509.005093378946185, 2045213.685274709947407 ], [ 908447.6513050890062, 2045466.977060839999467 ], [ 908374.901247274014167, 2045767.316984720062464 ], [ 908300.231146336998791, 2046075.58357764990069 ], [ 908215.028276478988118, 2046427.333449489902705 ], [ 908122.040079139987938, 2046811.224116520024836 ], [ 907852.514350787037984, 2047010.968905949965119 ], [ 907590.944411356002092, 2047204.817681960063055 ], [ 907341.968779108952731, 2047456.923029080033302 ], [ 907147.084413988981396, 2047581.835247319890186 ], [ 906952.200048967963085, 2047706.747465630061924 ], [ 906661.036176600027829, 2047917.00417038006708 ], [ 906326.322605457040481, 2048931.563204670092091 ], [ 906686.211673927959055, 2048975.433558250078931 ], [ 907255.395323383971117, 2049044.816849659895524 ], [ 907679.576743833953515, 2049096.524419500026852 ], [ 908048.339879028033465, 2049141.476519600022584 ], [ 908465.219853815040551, 2049192.294046269962564 ], [ 909051.745869611040689, 2049263.791367949917912 ], [ 909528.514924803981557, 2049321.909353910014033 ], [ 909810.542342309025116, 2049299.034874770091847 ], [ 910117.055516000953503, 2049276.557076 ], [ 910245.164513863041066, 2049306.075948680052534 ], [ 911005.620157198049128, 2049231.49141498003155 ], [ 911166.983681921032257, 2049096.888329329900444 ], [ 911285.055911488016136, 2048989.027354710036889 ], [ 911427.613897279952653, 2048881.563060380052775 ], [ 911500.480268307030201, 2048819.718181689968333 ], [ 911570.392494120984338, 2048760.380615340080112 ], [ 911694.439088916056789, 2048661.764244690071791 ], [ 911898.28500235802494, 2048550.71893430990167 ], [ 912058.839620555983856, 2048466.415734939975664 ], [ 911788.017700843047351, 2046113.578245830023661 ], [ 911736.190588428056799, 2046022.785342189949006 ], [ 911677.282256179023534, 2045970.248101650038734 ], [ 911615.101932249031961, 2045845.887221510056406 ], [ 911552.921608302043751, 2045721.526341340038925 ], [ 911561.355473464005627, 2045637.882403010036796 ], [ 911567.191982822027057, 2045579.820372350048274 ], [ 911569.78933863597922, 2045554.238464660011232 ], [ 911612.050290014944039, 2045548.650513449916616 ], [ 912063.822195903980173, 2045488.915006259921938 ], [ 911961.386765933944844, 2044584.645385270006955 ], [ 912016.515691693057306, 2044581.461694600060582 ], [ 912084.101888617966324, 2044569.43874027999118 ], [ 912189.640395589987747, 2044508.02737258002162 ], [ 912259.200280803022906, 2044418.244302110048011 ], [ 912316.999490745947696, 2044309.85574842011556 ], [ 912360.135542607982643, 2044297.214823530055583 ], [ 912402.691097912029363, 2044307.444521059980616 ], [ 912482.037970185978338, 2044314.027050009928644 ], [ 912548.927571280044504, 2044329.448842640034854 ], [ 912615.933271683985367, 2044340.296510790009052 ], [ 912702.669772690045647, 2044296.718163139885291 ], [ 912814.320816077990457, 2044235.461288210004568 ], [ 912894.712582207052037, 2044200.876696910010651 ], [ 912949.377110754023306, 2044215.989504270022735 ], [ 913071.743935615988448, 2044214.505232949974015 ], [ 913150.974708587978967, 2044225.66188648995012 ], [ 913223.976845958968624, 2044241.238171850098297 ], [ 913347.156366065028124, 2044207.735029249917716 ], [ 913457.762515667942353, 2044187.645274779992178 ], [ 913531.345149653032422, 2044180.350937790004537 ], [ 913611.272518559009768, 2044164.062844509957358 ], [ 913661.968279937980697, 2044152.770135669969022 ], [ 913832.717016477021389, 2044114.735086750006303 ], [ 913897.258108295034617, 2044100.788270199904218 ], [ 914060.27405072900001, 2044065.561821759911254 ], [ 914110.567532888031565, 2044011.908269369974732 ], [ 914154.980677429004572, 2043948.951975350035354 ], [ 914162.54952924803365, 2043888.246262759901583 ], [ 914170.340431835968047, 2043825.75959971989505 ], [ 914209.172942094039172, 2043762.423851530067623 ], [ 914162.905515932012349, 2043709.546712859999388 ], [ 914133.16216899594292, 2043677.600106900092214 ], [ 914107.746505817980506, 2043641.095201049931347 ], [ 914066.584142404026352, 2043575.976009590085596 ], [ 914012.964507761993445, 2043519.696081740083173 ], [ 913983.098422289011069, 2043491.478871480096132 ], [ 913941.587760878028348, 2043440.082053449936211 ], [ 913923.946747981011868, 2043412.173828520113602 ], [ 913932.032972821034491, 2043334.568204950075597 ], [ 913951.183276972966269, 2043303.012811559950933 ], [ 913951.531574952998199, 2043289.290438099997118 ], [ 913964.569342821952887, 2043257.580552039900795 ], [ 913995.59642157505732, 2043240.056517459917814 ], [ 914038.964672237052582, 2043218.267343729967251 ], [ 914094.557995483046398, 2043196.787155359983444 ], [ 914113.708299651974812, 2043165.231761980103329 ], [ 914108.988955304026604, 2043110.187775460071862 ], [ 914116.378584212972783, 2043060.026898769894615 ], [ 914135.877186379046179, 2043014.749131920048967 ], [ 914142.802417973056436, 2042982.884753179969266 ], [ 914155.956285194028169, 2042946.600742619950324 ], [ 914150.888642866979353, 2042905.279129550093785 ], [ 914139.24406693095807, 2042882.09952175989747 ], [ 914127.251193001982756, 2042872.642287429887801 ], [ 914115.722716392949224, 2042844.888555140001699 ], [ 914091.504769879975356, 2042835.122335470048711 ], [ 914080.672889241948724, 2042779.923856239998713 ], [ 914088.062518161023036, 2042729.762979530030861 ], [ 914076.534041548031382, 2042702.009247229900211 ], [ 914046.319658061023802, 2042687.514410390052944 ], [ 913968.133778844960034, 2042635.190636219922453 ], [ 913926.158720073057339, 2042602.090316070010886 ], [ 913889.947899615042843, 2042582.86686206003651 ], [ 913842.440801182994619, 2042526.741426770109683 ], [ 913775.667299230000935, 2042506.745509400032461 ], [ 913745.685114384978078, 2042483.102423569886014 ], [ 913734.85323371598497, 2042427.903944310033694 ], [ 913724.021353048970923, 2042372.705465039936826 ], [ 913663.592586033977568, 2042343.715791349997744 ], [ 913620.456533962977119, 2042356.356716139940545 ], [ 913577.784879204002209, 2042350.701142949983478 ], [ 913560.027766942046583, 2042327.367042460013181 ], [ 913518.517105435021222, 2042275.970224319957197 ], [ 913463.968676051008515, 2042256.28329231007956 ], [ 913422.109716559993103, 2042218.608847660012543 ], [ 913429.963742739055306, 2042150.151472880039364 ], [ 913412.787127093994059, 2042103.94674991001375 ], [ 913370.928167594014667, 2042066.272305239923298 ], [ 913328.837009434006177, 2042037.746109569910914 ], [ 913280.633314974955283, 2042009.065421239938587 ], [ 913231.384726590942591, 2042021.551853389944881 ], [ 913206.470184091012925, 2042039.230380709981546 ], [ 913156.641099089989439, 2042074.587435360066593 ], [ 913119.733682645019144, 2042082.808728350093588 ], [ 913052.960180627997033, 2042062.812811030074954 ], [ 913016.865459437016398, 2042039.015232549980283 ], [ 912956.784990326035768, 2041996.303185410099104 ], [ 912908.929593813954853, 2041953.900123599916697 ], [ 912890.902031049015932, 2041909.762894569896162 ], [ 912890.90209438605234, 2041825.520849920110777 ], [ 912894.412224457948469, 2041765.849404260050505 ], [ 912882.126988274976611, 2041683.36239295010455 ], [ 912869.841740217991173, 2041616.670765 ], [ 912852.291368308011442, 2041544.714005300076678 ], [ 912883.882195850950666, 2041463.982069530058652 ], [ 912910.207896918989718, 2041381.495087200077251 ], [ 912910.207958966027945, 2041299.008085059933364 ], [ 912873.352121075964533, 2041223.54122560005635 ], [ 912818.945841312990524, 2041169.134864140069112 ], [ 912783.845023575006053, 2041123.503730169963092 ], [ 912704.868131524999626, 2041090.157861429965124 ], [ 912721.81506963504944, 2041184.756676279939711 ], [ 912740.43867931899149, 2041288.71477139997296 ], [ 912776.344132211990654, 2041495.373100240016356 ], [ 912771.928126455983147, 2041492.180733520071954 ], [ 912752.858624082989991, 2041478.395234090043232 ], [ 912662.270066160010174, 2041447.187616520095617 ], [ 912456.820418564951979, 2041375.670161250047386 ], [ 912412.312937767012045, 2041353.186971629969776 ], [ 912330.689953577006236, 2041311.954652939923108 ], [ 912372.29991743597202, 2041448.054275139933452 ], [ 912263.730862281052396, 2041427.501110659912229 ], [ 912128.057535193045624, 2041398.858857519924641 ], [ 911997.688924271962605, 2041372.200609809951857 ], [ 912013.19639752805233, 2041422.481152589898556 ], [ 911811.647669506026432, 2041383.038126349914819 ], [ 911830.718906873953529, 2041440.251981440000236 ], [ 911840.224618460051715, 2041469.018624099902809 ], [ 911753.906105856993236, 2041486.181302 ], [ 911782.678843403002247, 2041613.766123420093209 ], [ 911811.830177666968666, 2041732.264787249965593 ], [ 911850.19155906594824, 2041888.243779290001839 ], [ 911874.870566189056262, 2041997.189827089896426 ], [ 911900.956152442959137, 2042107.542456120019779 ], [ 911922.284461393021047, 2042196.31462959991768 ], [ 911929.3434095189441, 2042225.695213350001723 ], [ 911942.641941762994975, 2042284.515849439892918 ], [ 911943.002100783982314, 2042313.930961250094697 ], [ 911889.39664890000131, 2042315.879445370053872 ], [ 911602.196251863031648, 2042320.346706670010462 ], [ 911581.332405613968149, 2042322.942487499909475 ], [ 911514.435976754990406, 2042331.265424010111019 ] ] ] } },
{ "type": "Feature", "properties": { "ID": 632.0, "ENTIDAD": 30, "DISTRITO_F": 19, "DISTRITO_L": 25, "MUNICIPIO": 34, "SECCION": 635, "TIPO": 2, "CONTROL": 3114.0, "GEOMETRY1_": null, "SECCION_KEY": "635", "morena": 204, "pt": 130, "verde": 19, "verde-morena": 5, "pan": 65, "pri": 2, "mc": 479, "V_4T_25": 358, "V_ALI_25": 67, "V_MC_25": 479, "TOTAL_25": 904, "GANADOR_25": "MC", "MARGEN_VICTORIA": 0.13384955752212391, "GANADOR_21": "4T", "PERFIL_POLITICO": "TERRITORIO MC" }, "geometry": { "type": "Polygon", "coordinates": [ [ [ 912776.344132211990654, 2041495.373100240016356 ], [ 912740.43867931899149, 2041288.71477139997296 ], [ 912721.81506963504944, 2041184.756676279939711 ], [ 912704.868131524999626, 2041090.157861429965124 ], [ 912664.502188598969951, 2041041.01663829991594 ], [ 912650.461879445007071, 2040998.895605359924957 ], [ 912629.401397238019854, 2040960.284652329981327 ], [ 912608.340913707041182, 2040923.428741900017485 ], [ 912566.21991365600843, 2040893.592986050061882 ], [ 912513.568667212035507, 2040851.471924080047756 ], [ 912462.672444900032133, 2040833.921459839912131 ], [ 912404.75604425300844, 2040826.901245940010995 ], [ 912348.594670390943065, 2040840.941544570028782 ], [ 912294.188343088026159, 2040849.716716720024124 ], [ 912257.332451047957875, 2040846.206603839993477 ], [ 912218.721517725032754, 2040840.941447050077841 ], [ 912169.58033800998237, 2040823.390984150115401 ], [ 912138.428344320040196, 2040806.718056059908122 ], [ 912108.153879837016575, 2040779.514873029896989 ], [ 912077.879414033028297, 2040754.066732590086758 ], [ 912041.901080191950314, 2040701.415427549974993 ], [ 912025.22819852095563, 2040670.702169510070235 ], [ 912006.800276216003112, 2040637.356346250046045 ], [ 911991.004916500998661, 2040605.765567569993436 ], [ 911968.189385049045086, 2040575.929826220031828 ], [ 911951.516498091979884, 2040552.236738580046222 ], [ 911934.843608508002944, 2040532.053736150031909 ], [ 911916.41567960800603, 2040507.48312588990666 ], [ 911890.090061625000089, 2040479.402424500091001 ], [ 911862.886913769994862, 2040462.729499370092526 ], [ 911821.643419153057039, 2040453.954255420016125 ], [ 911760.24933184904512, 2040460.208705200115219 ], [ 911728.990054373978637, 2040486.880989 ], [ 911690.805545378942043, 2040545.417651749914512 ], [ 911671.190843970980495, 2040595.269543440081179 ], [ 911621.013460992951877, 2040644.34897185000591 ], [ 911552.498469082987867, 2040692.96492230007425 ], [ 911571.24182022199966, 2040702.736051589949057 ], [ 911602.386741196038201, 2040781.479820990003645 ], [ 911620.834738250006922, 2040829.995808579958975 ], [ 911633.792245025979355, 2040864.050375619903207 ], [ 911649.343717013020068, 2040907.296351589960977 ], [ 911666.386424585012719, 2040956.507289730012417 ], [ 911686.391143045970239, 2041004.469651390099898 ], [ 911703.586160394013859, 2041052.711343039991334 ], [ 911721.73736171296332, 2041102.385885919909924 ], [ 911741.412884689052589, 2041154.788924559950829 ], [ 911706.077217723010108, 2041165.379110709996894 ], [ 911657.341618382954039, 2041180.869890630012378 ], [ 911676.169171369052492, 2041227.604334719944745 ], [ 911711.723663204000331, 2041310.636879160068929 ], [ 911721.599870322039351, 2041348.122157030040398 ], [ 911753.906105856993236, 2041486.181302 ], [ 911840.224618460051715, 2041469.018624099902809 ], [ 911830.718906873953529, 2041440.251981440000236 ], [ 911811.647669506026432, 2041383.038126349914819 ], [ 912013.19639752805233, 2041422.481152589898556 ], [ 911997.688924271962605, 2041372.200609809951857 ], [ 912128.057535193045624, 2041398.858857519924641 ], [ 912263.730862281052396, 2041427.501110659912229 ], [ 912372.29991743597202, 2041448.054275139933452 ], [ 912330.689953577006236, 2041311.954652939923108 ], [ 912412.312937767012045, 2041353.186971629969776 ], [ 912456.820418564951979, 2041375.670161250047386 ], [ 912662.270066160010174, 2041447.187616520095617 ], [ 912752.858624082989991, 2041478.395234090043232 ], [ 912771.928126455983147, 2041492.180733520071954 ], [ 912776.344132211990654, 2041495.373100240016356 ] ] ] } },
{ "type": "Feature", "properties": { "ID": 633.0, "ENTIDAD": 30, "DISTRITO_F": 19, "DISTRITO_L": 25, "MUNICIPIO": 34, "SECCION": 636, "TIPO": 2, "CONTROL": 3117.0, "GEOMETRY1_": null, "SECCION_KEY": "636", "morena": 151, "pt": 138, "verde": 25, "verde-morena": 4, "pan": 19, "pri": 2, "mc": 352, "V_4T_25": 318, "V_ALI_25": 21, "V_MC_25": 352, "TOTAL_25": 691, "GANADOR_25": "MC", "MARGEN_VICTORIA": 0.049204052098408106, "GANADOR_21": "4T", "PERFIL_POLITICO": "TERRITORIO MC" }, "geometry": { "type": "Polygon", "coordinates": [ [ [ 911167.722847881959751, 2041324.649167649913579 ], [ 911228.043954025954008, 2041307.991327669937164 ], [ 911297.452119056019001, 2041287.042737930081785 ], [ 911341.87334465503227, 2041273.665927699999884 ], [ 911396.895090069039725, 2041257.008012840058655 ], [ 911476.398988005006686, 2041233.283104680012912 ], [ 911535.206632104003802, 2041217.129979229997844 ], [ 911593.004703882033937, 2041199.967279929900542 ], [ 911657.341618382954039, 2041180.869890630012378 ], [ 911706.077217723010108, 2041165.379110709996894 ], [ 911741.412884689052589, 2041154.788924559950829 ], [ 911721.73736171296332, 2041102.385885919909924 ], [ 911703.586160394013859, 2041052.711343039991334 ], [ 911686.391143045970239, 2041004.469651390099898 ], [ 911666.386424585012719, 2040956.507289730012417 ], [ 911620.796167428023182, 2040970.993659039959311 ], [ 911574.780748188961297, 2040983.775682949926704 ], [ 911510.018305415986106, 2041002.948722020024434 ], [ 911443.125521205947734, 2041019.991416430100799 ], [ 911380.919491364969872, 2041037.46018297993578 ], [ 911288.462584947003052, 2041062.172093309927732 ], [ 911252.67281295103021, 2041074.101987679954618 ], [ 911175.12831100798212, 2041094.553223059978336 ], [ 911120.591517720953561, 2041109.89165231003426 ], [ 911052.124535021954216, 2041129.735097520053387 ], [ 911087.429973138030618, 2041187.405469530029222 ], [ 911112.74487837695051, 2041233.736605690093711 ], [ 911138.059786836034618, 2041275.768978409934789 ], [ 911167.722847881959751, 2041324.649167649913579 ] ] ] } },
{ "type": "Feature", "properties": { "ID": 634.0, "ENTIDAD": 30, "DISTRITO_F": 19, "DISTRITO_L": 25, "MUNICIPIO": 34, "SECCION": 637, "TIPO": 2, "CONTROL": 3121.0, "GEOMETRY1_": null, "SECCION_KEY": "637", "morena": 109, "pt": 102, "verde": 18, "verde-morena": 11, "pan": 62, "pri": 2, "mc": 251, "V_4T_25": 240, "V_ALI_25": 64, "V_MC_25": 251, "TOTAL_25": 555, "GANADOR_25": "MC", "MARGEN_VICTORIA": 0.019819819819819819, "GANADOR_21": "4T", "PERFIL_POLITICO": "TERRITORIO MC" }, "geometry": { "type": "Polygon", "coordinates": [ [ [ 911095.72961782803759, 2041885.628353730076924 ], [ 911231.451741987024434, 2041868.80911356001161 ], [ 911213.027078830054961, 2041807.603730909992009 ], [ 911286.094936065026559, 2041801.6725436700508 ], [ 911316.886917560943402, 2041798.896240720059723 ], [ 911351.212405362050049, 2041795.48895721998997 ], [ 911387.17844765202608, 2041794.479411059990525 ], [ 911360.046257029054686, 2041679.261861310107633 ], [ 911330.137743131024763, 2041560.384607 ], [ 911303.888925462961197, 2041449.836333429906517 ], [ 911255.681878285016865, 2041358.848522109910846 ], [ 911197.379018357023597, 2041377.020794179989025 ], [ 911167.722847881959751, 2041324.649167649913579 ], [ 911138.059786836034618, 2041275.768978409934789 ], [ 911112.74487837695051, 2041233.736605690093711 ], [ 911087.429973138030618, 2041187.405469530029222 ], [ 911052.124535021954216, 2041129.735097520053387 ], [ 910969.799883496016264, 2041155.159168960060924 ], [ 910952.921806768048555, 2041167.434694390045479 ], [ 910896.827407122007571, 2041215.330609160009772 ], [ 910886.428882358944975, 2041224.209336070111021 ], [ 910827.096739050000906, 2041268.70837415009737 ], [ 910844.550641642999835, 2041311.35289644007571 ], [ 910926.182369412970729, 2041478.482687310082838 ], [ 910934.508146713953465, 2041496.83018756005913 ], [ 910952.305018009035848, 2041552.307739439886063 ], [ 910966.213083956041373, 2041620.38362387008965 ], [ 910974.517881346982904, 2041661.033159859944135 ], [ 911012.67857729899697, 2041738.989489729981869 ], [ 911037.51312139397487, 2041789.963526790030301 ], [ 911054.776482785004191, 2041825.397338279988617 ], [ 911065.791347241029143, 2041841.597232880070806 ], [ 911079.859968853997998, 2041862.288380570011213 ], [ 911095.72961782803759, 2041885.628353730076924 ] ] ] } },
{ "type": "Feature", "properties": { "ID": 641.0, "ENTIDAD": 30, "DISTRITO_F": 19, "DISTRITO_L": 25, "MUNICIPIO": 34, "SECCION": 644, "TIPO": 4, "CONTROL": 1705.0, "GEOMETRY1_": null, "SECCION_KEY": "644", "morena": 309, "pt": 64, "verde": 32, "verde-morena": 15, "pan": 139, "pri": 0, "mc": 117, "V_4T_25": 420, "V_ALI_25": 139, "V_MC_25": 117, "TOTAL_25": 676, "GANADOR_25": "4T", "MARGEN_VICTORIA": 0.41568047337278108, "GANADOR_21": "4T", "PERFIL_POLITICO": "BASTION" }, "geometry": { "type": "Polygon", "coordinates": [ [ [ 917054.009704921976663, 2061107.291566269937903 ], [ 917091.099659502040595, 2061049.820153830107301 ], [ 916968.309165996965021, 2060827.017840200103819 ], [ 916896.932419748976827, 2060747.403814740013331 ], [ 916868.227327637956478, 2060673.445362129947171 ], [ 916839.986632755957544, 2060581.190412160009146 ], [ 916835.383387555950321, 2060521.572303130058572 ], [ 916874.61278961203061, 2060421.868523590033874 ], [ 916961.349289668956771, 2060378.290177280083299 ], [ 917011.062274537980556, 2060347.507248109905049 ], [ 917025.377134553040378, 2060265.4819953199476 ], [ 916960.345123096019961, 2060176.874213709961623 ], [ 916894.268217833945528, 2060129.433551159920171 ], [ 916840.300285688019358, 2060086.875998259987682 ], [ 916828.771809117984958, 2060059.122266910038888 ], [ 916811.362994947005063, 2060022.065794229973108 ], [ 916807.804643539013341, 2059921.280566059984267 ], [ 916810.242729041958228, 2059825.223954859888181 ], [ 916812.564715238986537, 2059733.741467989981174 ], [ 916845.101084609981626, 2059656.753817379940301 ], [ 916909.709426140994765, 2059521.075013539986685 ], [ 916998.187416043016128, 2059408.884802019922063 ], [ 917092.429644266027026, 2059310.571456199977547 ], [ 917149.300059302942827, 2059238.775900529930368 ], [ 917237.545850689988583, 2059135.733937710057944 ], [ 917264.201882584951818, 2059049.443545730086043 ], [ 917328.229727750993334, 2058936.635363569948822 ], [ 917397.325215333024971, 2058865.148793220054358 ], [ 917483.945616401033476, 2058826.144571299897507 ], [ 917577.259050311055034, 2058764.424220300046727 ], [ 917701.367364046978764, 2058694.328083930071443 ], [ 917831.007717448053882, 2058647.257062010001391 ], [ 917930.665886320988648, 2058576.542955029988661 ], [ 918018.098982759052888, 2058505.519862730056047 ], [ 918043.129624312976375, 2058483.267211640020832 ], [ 918142.671693937038071, 2058417.127229050034657 ], [ 918207.549920361023396, 2058391.304655960062519 ], [ 918272.428146796999499, 2058365.48208287009038 ], [ 918390.191725871991366, 2058304.379702690057456 ], [ 918526.409013018943369, 2058239.166676179971546 ], [ 918594.691805606009439, 2058199.698976420098916 ], [ 918736.789430405944586, 2058143.788691350026056 ], [ 918847.627778050955385, 2058114.550689049996436 ], [ 918890.647730401949957, 2058106.483889079885557 ], [ 918965.043059285962954, 2058067.170682040043175 ], [ 919070.581566056003794, 2058005.759316639974713 ], [ 919168.846543282968923, 2057989.934702099999413 ], [ 919318.217697825049981, 2057888.437666340032592 ], [ 919410.370138847036287, 2057872.458559169899672 ], [ 919521.788983306032605, 2057820.349935249891132 ], [ 919614.638020377024077, 2057776.926081989891827 ], [ 919713.483494375017472, 2057738.230845789890736 ], [ 919831.363173177000135, 2057672.554341559996828 ], [ 919918.56407142104581, 2057610.679498249897733 ], [ 919998.60753937496338, 2057589.817281449912116 ], [ 920109.329787935013883, 2057565.153403769945726 ], [ 920219.935937167028897, 2057545.063650469994172 ], [ 920287.986531335045584, 2057514.74419962009415 ], [ 920319.129709311993793, 2057492.646041319938377 ], [ 920455.695295074023306, 2057413.710642240010202 ], [ 920566.649742405046709, 2057379.898515949957073 ], [ 920622.010866728960536, 2057367.566577160032466 ], [ 920738.96175100596156, 2057338.483067960012704 ], [ 920818.656921018031426, 2057331.343224349897355 ], [ 920880.362780318013392, 2057310.017529590055346 ], [ 920972.747420254047029, 2057284.890173980034888 ], [ 921065.480358253000304, 2057246.040445330087095 ], [ 921201.117149427998811, 2057203.698041280033067 ], [ 921263.055207471945323, 2057173.224097850034013 ], [ 921349.559509914019145, 2057138.79400089988485 ], [ 921423.490441789967008, 2057117.77729160990566 ], [ 921454.401421149959788, 2057104.827382080024108 ], [ 921497.653572386014275, 2057087.612333619967103 ], [ 921522.452015490969643, 2057074.507931390078738 ], [ 921565.9363654400222, 2057048.144634230062366 ], [ 921596.963444164954126, 2057030.620600349968299 ], [ 921720.259063591016456, 2056992.543335360009223 ], [ 921824.288279406027868, 2056990.595587099902332 ], [ 922095.097464703023434, 2056924.207276839995757 ], [ 922211.932249877019785, 2056899.697892320109531 ], [ 922267.293374340981245, 2056887.365953709930182 ], [ 922316.890260622953065, 2056861.157149320002645 ], [ 922398.094722499023192, 2056794.553689339896664 ], [ 922502.704435197985731, 2056769.735319440020248 ], [ 922606.733651102054864, 2056767.787571350112557 ], [ 922643.408868700964376, 2056768.714527670061216 ], [ 922791.270732769975439, 2056726.681109470082447 ], [ 922890.000107986968942, 2056692.559998210053891 ], [ 922988.856120790005662, 2056656.484565329970792 ], [ 923007.299290769966319, 2056649.754116449970752 ], [ 923044.438905854010954, 2056632.384575390024111 ], [ 923075.233785938005894, 2056624.008790310006589 ], [ 923106.028666028054431, 2056615.633005240000784 ], [ 923152.220986156957224, 2056603.069327630102634 ], [ 923198.413306290982291, 2056590.505650029983371 ], [ 923210.754478204995394, 2056586.240511130075902 ], [ 923271.763741543982178, 2056592.359562769997865 ], [ 923369.564321883022785, 2056594.831446439959109 ], [ 923467.364902224973775, 2056597.303330129943788 ], [ 923559.169045672984794, 2056595.046596759930253 ], [ 923823.169099119026214, 2056555.948540759971365 ], [ 923591.262087919050828, 2056232.848231429932639 ], [ 923473.209485142957419, 2056126.014098499901593 ], [ 923399.394653687020764, 2056142.456683119991794 ], [ 923331.227960910997353, 2056177.350257910089567 ], [ 923251.068394561996683, 2056202.786598539911211 ], [ 923152.10682225599885, 2056246.055958410026506 ], [ 923065.718620397965424, 2056275.91193069005385 ], [ 922993.064782680012286, 2056246.613271800102666 ], [ 922938.748553446028382, 2056217.778091090032831 ], [ 922902.65383332001511, 2056193.980512930080295 ], [ 922824.00355879298877, 2056159.953236960107461 ], [ 922720.438742141006514, 2056143.604487529955804 ], [ 922306.527773594949394, 2056064.487116900039837 ], [ 922221.184466050006449, 2056053.175970070064068 ], [ 922110.578318311949261, 2056073.265722909942269 ], [ 921975.173727851943113, 2056106.459877979941666 ], [ 921894.781962867942639, 2056141.044467529980466 ], [ 921814.390197891974822, 2056175.629057100042701 ], [ 921740.459267170983367, 2056196.645766319939867 ], [ 921628.924324624007568, 2056253.328514140099287 ], [ 921542.536122887977399, 2056283.184486669953912 ], [ 921462.840954108978622, 2056290.324330129893497 ], [ 921321.904324389994144, 2056300.493370850104839 ], [ 921309.911450786981732, 2056291.036136710084975 ], [ 921212.459170314949006, 2056274.841880260035396 ], [ 921109.01045304001309, 2056253.919006770011038 ], [ 921042.004754005, 2056243.071338250068948 ], [ 920945.829566410975531, 2056176.561713859904557 ], [ 920904.318906184984371, 2056125.164896920090541 ], [ 920826.945724452030845, 2056040.822253179969266 ], [ 920780.251322865951806, 2055952.677948599914089 ], [ 920734.485716087976471, 2055827.940649080090225 ], [ 920712.357558483956382, 2055735.84019093005918 ], [ 920707.464065521024168, 2055687.657392360037193 ], [ 920702.570572562981397, 2055639.474593800026923 ], [ 920698.43172539700754, 2055561.559986829990521 ], [ 920668.449541329056956, 2055537.916901459917426 ], [ 920613.552815192029811, 2055531.952342730015516 ], [ 920571.613742650020868, 2055536.109814239898697 ], [ 920539.97018250299152, 2055539.246679010102525 ], [ 920404.565592064987868, 2055572.440834480104968 ], [ 920306.765013425960205, 2055569.968951239949092 ], [ 920271.599087978946045, 2055509.578378230100498 ], [ 920253.377578836050816, 2055504.540775750065222 ], [ 920185.791382970055565, 2055516.563729149987921 ], [ 920094.103340495028533, 2055514.246338640106842 ], [ 920058.240818939055316, 2055481.300511850044131 ], [ 919979.010047481977381, 2055470.143858019961044 ], [ 919874.864733980037272, 2055476.665730889886618 ], [ 919800.933803273946978, 2055497.682440380100161 ], [ 919780.854704599012621, 2055565.830827859928831 ], [ 919737.13815669005271, 2055601.342373949941248 ], [ 919676.709391121054068, 2055572.352700769901276 ], [ 919604.752149285981432, 2055515.609295980073512 ], [ 919549.158827087027021, 2055537.089483590098098 ], [ 919468.767062215018086, 2055571.67407354991883 ], [ 919383.075456580030732, 2055574.085300219943747 ], [ 919267.169468161999248, 2055562.001690339995548 ], [ 919200.163769045961089, 2055551.154022 ], [ 919059.923735311022028, 2055533.878317029913887 ], [ 918913.571165409055538, 2055516.448119400069118 ], [ 918797.432978305965662, 2055513.512758360011503 ], [ 918686.362433344009332, 2055551.899009390035644 ], [ 918575.640186402946711, 2055576.562887320062146 ], [ 918428.358821838977747, 2055595.72568480996415 ], [ 918232.873763996991329, 2055586.207794660003856 ], [ 918092.865928940009326, 2055559.783841169904917 ], [ 917909.605943419970572, 2055550.574936490040272 ], [ 917733.038990710978396, 2055518.649902649922296 ], [ 917562.584574152017012, 2055486.879361540079117 ], [ 917417.85739482101053, 2055405.411423 ], [ 917326.865948342019692, 2055375.649286669911817 ], [ 917209.450668678968213, 2055423.029294099891558 ], [ 917146.816015838994645, 2055480.94798432989046 ], [ 917097.21913060604129, 2055507.156789249973372 ], [ 916985.684188512968831, 2055563.839538160013035 ], [ 916874.729743054020219, 2055597.651665200013667 ], [ 916770.236131733981892, 2055617.895911789964885 ], [ 916659.049487669020891, 2055660.856287630042061 ], [ 916590.186199447955005, 2055723.194609629921615 ], [ 916039.002082995022647, 2055741.947526769945398 ], [ 915852.764987398986705, 2055748.036345290020108 ], [ 915789.80944227904547, 2055750.426171560073271 ], [ 914814.880429857992567, 2055783.596601370023564 ], [ 914808.883993005030788, 2055778.86798435007222 ], [ 914705.551374888047576, 2055753.370987540110946 ], [ 914614.21163046604488, 2055737.331224790075794 ], [ 914497.376847701030783, 2055761.840610940009356 ], [ 914400.2728650290519, 2055731.92398244002834 ], [ 914285.760068289004266, 2055664.950880979886279 ], [ 914183.936741041019559, 2055579.99026726000011 ], [ 914130.084908628021367, 2055532.85858969995752 ], [ 914099.986625044024549, 2055513.789628989994526 ], [ 914004.508032507030293, 2055419.835259140003473 ], [ 913872.354222991969436, 2055324.953933469951153 ], [ 913726.814348147017881, 2055275.504866420058534 ], [ 913658.41545742796734, 2055319.546691349940374 ], [ 913591.177559679956175, 2055317.847272420069203 ], [ 913511.946788211003877, 2055306.690619460074231 ], [ 913371.59065514896065, 2055293.989040219923481 ], [ 913267.677540448028594, 2055291.362665560096502 ], [ 913188.795066850027069, 2055266.483639470068738 ], [ 913128.250201724004, 2055242.068091270048171 ], [ 913049.367728115990758, 2055217.189065200043842 ], [ 912945.222414824995212, 2055223.71093937009573 ], [ 912883.052159623010084, 2055263.3331326500047 ], [ 912778.674647771054879, 2055279.003255629912019 ], [ 912619.632608367945068, 2055279.560571880079806 ], [ 912539.937439737957902, 2055286.700416610110551 ], [ 912393.584869810030796, 2055269.270220610080287 ], [ 912345.265076973009855, 2055245.163657709956169 ], [ 912234.54283041798044, 2055269.827536969911307 ], [ 912159.79920511203818, 2055322.863118269946426 ], [ 912072.366110372007824, 2055393.886211920063943 ], [ 912029.462257993989624, 2055397.378888020059094 ], [ 911879.580490423017181, 2055424.999967900104821 ], [ 911879.506953443982638, 2055429.572684749960899 ], [ 911526.647617387003265, 2057953.227429910097271 ], [ 911545.011934219044633, 2057953.52494003996253 ], [ 911604.829121142975055, 2058041.398260439978912 ], [ 911646.943823997979052, 2058087.819619149900973 ], [ 911714.206115394947119, 2058093.483206500066444 ], [ 911817.020448838942684, 2058172.905283540021628 ], [ 911951.765642549027689, 2058170.514307769946754 ], [ 912012.98003197601065, 2058171.506008269963786 ], [ 912105.610522883944213, 2058122.693673820002005 ], [ 912209.52791096305009, 2058133.52499838010408 ], [ 912264.929012765991502, 2058165.751353459898382 ], [ 912282.323345465003513, 2058175.869490530109033 ], [ 912312.85700320196338, 2058180.938057630090043 ], [ 912343.390660937991925, 2058186.006624740082771 ], [ 912373.924318672041409, 2058191.075191840063781 ], [ 912404.457976402947679, 2058196.143758950056508 ], [ 912533.008194208960049, 2058198.226330100093037 ], [ 912630.730606351979077, 2058213.531201499979943 ], [ 912765.769948019995354, 2058192.849358590086922 ], [ 912882.665583824040368, 2058158.151855030097067 ], [ 912895.643831560970284, 2058112.623026800109074 ], [ 913018.293221411993727, 2058100.888277499936521 ], [ 913121.842924567055888, 2058134.583186390111223 ], [ 913158.424484257004224, 2058144.323640430113301 ], [ 913219.197651774040423, 2058172.751642070012167 ], [ 913273.702306371997111, 2058210.225907299900427 ], [ 913328.059886983945034, 2058256.845606209943071 ], [ 913364.347298712003976, 2058284.876927589997649 ], [ 913443.117098096990958, 2058336.466023589950055 ], [ 913485.378874782007188, 2058373.741948700044304 ], [ 913539.957066336995922, 2058406.643497110111639 ], [ 913624.554156673024409, 2058476.622630500001833 ], [ 913696.981906104949303, 2058541.830706920009106 ], [ 913714.905000981991179, 2058569.564518100116402 ], [ 913836.598409879021347, 2058617.275087750051171 ], [ 913842.646311828051694, 2058621.94697464001365 ], [ 913884.908088476047851, 2058659.222899750107899 ], [ 913951.876231851056218, 2058683.177354650106281 ], [ 914000.700669383979402, 2058693.116148869972676 ], [ 914055.278860889957286, 2058726.017697290051728 ], [ 914139.508266165968962, 2058818.860414820024744 ], [ 914206.402872527949512, 2058847.387586560100317 ], [ 914285.540356758981943, 2058876.113098460016772 ], [ 914358.629939040984027, 2058900.16672345995903 ], [ 914424.862712425994687, 2058969.848346639890224 ], [ 914478.631996933021583, 2059053.049780139932409 ], [ 914545.085381282027811, 2059109.013252839911729 ], [ 914641.851812305976637, 2059183.763443199917674 ], [ 914708.305196629953571, 2059239.726915899896994 ], [ 914810.97245555894915, 2059328.294426799984649 ], [ 914920.27591238997411, 2059384.952090040082112 ], [ 914986.76606516900938, 2059438.629204320022836 ], [ 915066.81216064398177, 2059503.181876010028645 ], [ 915119.74637069797609, 2059545.983432889916003 ], [ 915186.236523443018086, 2059599.660547180101275 ], [ 917054.009704921976663, 2061107.291566269937903 ] ] ] } },
{ "type": "Feature", "properties": { "ID": 642.0, "ENTIDAD": 30, "DISTRITO_F": 19, "DISTRITO_L": 25, "MUNICIPIO": 34, "SECCION": 645, "TIPO": 4, "CONTROL": 1709.0, "GEOMETRY1_": null, "SECCION_KEY": "645", "morena": 171, "pt": 127, "verde": 37, "verde-morena": 9, "pan": 131, "pri": 3, "mc": 138, "V_4T_25": 344, "V_ALI_25": 134, "V_MC_25": 138, "TOTAL_25": 616, "GANADOR_25": "4T", "MARGEN_VICTORIA": 0.33441558441558439, "GANADOR_21": "4T", "PERFIL_POLITICO": "BASTION" }, "geometry": { "type": "Polygon", "coordinates": [ [ [ 923823.169099119026214, 2056555.948540759971365 ], [ 923896.751733146025799, 2056548.654204879887402 ], [ 923970.334367178031243, 2056541.359869010047987 ], [ 924031.227531168027781, 2056552.053045090055093 ], [ 924110.342204596963711, 2056567.783823739970103 ], [ 924166.516024830983952, 2056523.433014859911054 ], [ 924246.095095778000541, 2056520.867296119919047 ], [ 924394.189158922992647, 2056469.685629660030827 ], [ 924498.45057375705801, 2056458.589633220108226 ], [ 924572.381505975034088, 2056437.572924369946122 ], [ 924689.100192144047469, 2056417.637664749985561 ], [ 924726.007608568994328, 2056409.416372509906068 ], [ 924787.249070727033541, 2056406.387175620067865 ], [ 924848.490532891009934, 2056403.35797872999683 ], [ 924883.540359206963331, 2056468.322676139883697 ], [ 924900.252576680039056, 2056532.823895300040022 ], [ 924910.155661582946777, 2056624.61536779999733 ], [ 924970.23612990102265, 2056667.327414429979399 ], [ 925032.174188339035027, 2056636.85347145004198 ], [ 925105.989021191955544, 2056620.410887029953301 ], [ 925161.117947068996727, 2056617.227197420084849 ], [ 925241.277514982037246, 2056591.790857069892809 ], [ 925272.420693292981014, 2056569.692699070088565 ], [ 925360.550387682043947, 2056471.224861890077591 ], [ 925399.083195543033071, 2056398.965828790096566 ], [ 925424.3460363750346, 2056367.564929340034723 ], [ 925498.393068069010042, 2056341.974096270045266 ], [ 925542.109617138979957, 2056306.462550739990547 ], [ 925634.37815830798354, 2056285.909320299979299 ], [ 925696.432316245976835, 2056250.861253049923107 ], [ 925801.738625733996741, 2056198.598137699998915 ], [ 925887.430233099032193, 2056196.186911959899589 ], [ 925942.443059650948271, 2056197.57734679011628 ], [ 925998.152482558973134, 2056171.52303550997749 ], [ 926072.199514331994578, 2056145.932202530093491 ], [ 926127.676738471025601, 2056129.026139969937503 ], [ 926173.69490969995968, 2056123.323649150086567 ], [ 926219.713080934947357, 2056117.621158340014517 ], [ 926305.636887117056176, 2056106.061683970037848 ], [ 926366.878349376958795, 2056103.032487249933183 ], [ 926403.669666492030956, 2056099.385319489985704 ], [ 926440.460983606055379, 2056095.738151730038226 ], [ 926587.742351475986652, 2056076.575356340035796 ], [ 926692.119865959044546, 2056060.90523597993888 ], [ 926772.163334698998369, 2056040.04302020999603 ], [ 926827.524459487991408, 2056027.711082079913467 ], [ 926877.701843198970892, 2055978.63165636989288 ], [ 926921.070094226044603, 2055956.842484009917825 ], [ 926982.7759541249834, 2055935.51678995997645 ], [ 927061.774528297013603, 2055955.82169339992106 ], [ 927147.930533373961225, 2055935.113970449892804 ], [ 927289.099365081056021, 2055915.796682490035892 ], [ 927374.907071974012069, 2055908.811332640005276 ], [ 927479.632884770981036, 2055879.418839379912242 ], [ 927590.239035067963414, 2055859.329087619902566 ], [ 927688.387913982965983, 2055848.078599029919133 ], [ 927811.219136895029806, 2055828.297832869924605 ], [ 927860.467725476017222, 2055815.811402060091496 ], [ 927941.091691388981417, 2055772.078564719995484 ], [ 928002.681451983051375, 2055755.326995149953291 ], [ 928060.139326188946143, 2055753.914563720114529 ], [ 928094.485595825943165, 2055753.070262549910694 ], [ 928155.1465611490421, 2055772.911687779938802 ], [ 928247.29900323599577, 2055756.932582159992307 ], [ 928320.765538207022473, 2055754.212371229892597 ], [ 928399.764112418983132, 2055774.517274860059842 ], [ 928460.657276561949402, 2055785.210451429942623 ], [ 928546.929381203954108, 2055759.928604369983077 ], [ 928633.085386443999596, 2055739.220881670014933 ], [ 928694.442948256968521, 2055731.617560870014131 ], [ 928779.902357017970644, 2055738.354584279935807 ], [ 928840.795521177002229, 2055749.047760900110006 ], [ 928927.299824694986455, 2055714.617665200028569 ], [ 928989.005684774951078, 2055693.291971389902756 ], [ 929221.049865346984006, 2055708.310946289915591 ], [ 929324.8468830389902, 2055715.511448170058429 ], [ 929446.981509638018906, 2055723.175428479909897 ], [ 929557.123262485023588, 2055721.382174510043114 ], [ 929624.361161803943105, 2055723.081595310010016 ], [ 929765.413894445053302, 2055708.338432349963114 ], [ 929845.109065228025429, 2055701.198590080020949 ], [ 929986.626195600023493, 2055668.158929789904505 ], [ 930091.0037104729563, 2055652.488810099894181 ], [ 930121.682491419953294, 2055648.687149770092219 ], [ 930176.811417590943165, 2055645.503460689913481 ], [ 930311.983812866033986, 2055621.45755636994727 ], [ 930336.433958087000065, 2055622.07552760001272 ], [ 930428.005903244018555, 2055628.967044079909101 ], [ 930470.561458525946364, 2055639.196742430096492 ], [ 930599.040820381953381, 2055637.866967109963298 ], [ 930678.852090660016984, 2055626.153000619960949 ], [ 930770.772334126057103, 2055619.322144120000303 ], [ 930850.235306121991016, 2055621.330550689948723 ], [ 930960.377059092046693, 2055619.537297 ], [ 931003.164813247974962, 2055620.618746710009873 ], [ 931069.590016596019268, 2055654.337038079975173 ], [ 931130.715379675035365, 2055655.881966250017285 ], [ 931198.417676807031967, 2055639.284889860078692 ], [ 931308.791628674021922, 2055628.343387559987605 ], [ 931456.537395033985376, 2055590.884096140041947 ], [ 931524.007493320037611, 2055583.435268480097875 ], [ 931585.132856423035264, 2055584.980196699965745 ], [ 931651.558059770963155, 2055618.698488130001351 ], [ 931712.451223994023167, 2055629.391665040049702 ], [ 931774.273183741024695, 2055603.491847220109776 ], [ 931841.511083162971772, 2055605.191268289927393 ], [ 931951.420637333998457, 2055612.54626348009333 ], [ 932006.433464139001444, 2055613.936698920093477 ], [ 932061.678489829995669, 2055606.178885669913143 ], [ 932104.466244015027769, 2055607.260335460072383 ], [ 932159.479070827946998, 2055608.650770910084248 ], [ 932257.047452942002565, 2055620.270904839970171 ], [ 932312.060279757948592, 2055621.661340310005471 ], [ 932348.851597078028135, 2055618.014172950061038 ], [ 932391.174953495035879, 2055637.392120120115578 ], [ 932445.607283086981624, 2055661.653177289990708 ], [ 932524.373658485012129, 2055691.106330140028149 ], [ 932567.045313233043998, 2055696.761904299957678 ], [ 932640.395748988026753, 2055698.615818290039897 ], [ 932682.951304289977998, 2055708.84551679994911 ], [ 932731.619395904010162, 2055719.229708140017465 ], [ 932785.703427145956084, 2055757.213138360064477 ], [ 932827.794584654970095, 2055785.739334220066667 ], [ 932876.114377920050174, 2055809.845898590050638 ], [ 932930.430608042981476, 2055838.681080129928887 ], [ 932954.64855440100655, 2055848.447300150059164 ], [ 933003.548844906035811, 2055849.683242839993909 ], [ 933022.002553296973929, 2055845.572597010061145 ], [ 932945.556864181999117, 2055724.637030019890517 ], [ 932940.498236640007235, 2055715.260885880095884 ], [ 932928.031951786018908, 2055692.15468114009127 ], [ 932911.203636090038344, 2055632.227586230030283 ], [ 932917.664470628020354, 2055618.659706050064415 ], [ 932991.363203221000731, 2055606.791247090091929 ], [ 933040.26349271798972, 2055608.027189810061827 ], [ 933073.592193113057874, 2055620.312211269978434 ], [ 933106.920893506961875, 2055632.59723272989504 ], [ 933162.398117001983337, 2055615.691170939942822 ], [ 933193.773494106950238, 2055584.444764780113474 ], [ 933225.497169579961337, 2055539.475985599914566 ], [ 933227.47086029604543, 2055461.715871840016916 ], [ 933217.219478636980057, 2055383.646772379986942 ], [ 933211.571340266033076, 2055365.195782179944217 ], [ 933218.612672085990198, 2055328.757280299905688 ], [ 933255.520088137942366, 2055320.535988670075312 ], [ 933310.30071493901778, 2055331.074672939954326 ], [ 933299.46883601997979, 2055275.876195169985294 ], [ 933281.595625267946161, 2055257.116219270043075 ], [ 933263.722414511023089, 2055238.356243380112574 ], [ 933252.019789675949141, 2055217.463698159903288 ], [ 933240.31716483598575, 2055196.571152939926833 ], [ 933271.344243617961183, 2055179.047119789989665 ], [ 933283.598340863944031, 2055178.212574389996007 ], [ 933295.852438110974617, 2055177.378028990002349 ], [ 933320.36063260701485, 2055175.708938190015033 ], [ 933332.701804446987808, 2055171.443799539934844 ], [ 933363.264485405990854, 2055172.216263760114089 ], [ 933399.82360310095828, 2055177.717345169978216 ], [ 933424.389847327023745, 2055173.761192200006917 ], [ 933414.486764066969045, 2055081.969719680026174 ], [ 933349.222556696040556, 2055002.510184569982812 ], [ 933312.895637901965529, 2054987.860854469938204 ], [ 933263.414851072942838, 2055009.495533430017531 ], [ 933231.691175556974486, 2055054.464312650030479 ], [ 933209.890950788045302, 2055069.933022890007123 ], [ 933198.990838402998634, 2055077.667378020007163 ], [ 933188.090726018999703, 2055085.401733139995486 ], [ 933139.712884022970684, 2055063.582230859901756 ], [ 933091.335042024031281, 2055041.762728580040857 ], [ 933044.408443195046857, 2054962.76667201006785 ], [ 933015.355055122054182, 2054902.530591330025345 ], [ 932998.875037795980461, 2054828.881123289931566 ], [ 933006.612966343993321, 2054764.997875300003216 ], [ 933050.329515347955748, 2054729.486330430023372 ], [ 933093.697765995049849, 2054707.697158599970862 ], [ 933113.428568040952086, 2054653.271144970087335 ], [ 933096.600252366974019, 2054593.344049939885736 ], [ 933086.000572341028601, 2054528.997323390096426 ], [ 933077.180066408007406, 2054515.043211079901084 ], [ 933068.359560476033948, 2054501.089098779950291 ], [ 933012.417939051985741, 2054536.291657970054075 ], [ 932982.20355642598588, 2054521.796820719959214 ], [ 932984.409446056000888, 2054434.888458099914715 ], [ 933004.256347569054924, 2054375.888320100028068 ], [ 932981.083296769997105, 2054324.954980890033767 ], [ 932920.770630946964957, 2054291.391182020073757 ], [ 932922.39602330699563, 2054227.353441119892523 ], [ 932954.003599407966249, 2054186.958786180010065 ], [ 932997.952347371960059, 2054142.298992580035701 ], [ 933023.44738728296943, 2054101.749844789970666 ], [ 933051.032217405037954, 2053978.866458680015057 ], [ 933058.537947084987536, 2053924.131459299940616 ], [ 933010.914751462056302, 2053872.580148660112172 ], [ 932962.943257467006333, 2053834.751211080001667 ], [ 932908.627028353046626, 2053805.9160293599125 ], [ 932865.607076002052054, 2053813.982828170061111 ], [ 932791.676144266035408, 2053834.999535819981247 ], [ 932713.374168138951063, 2053787.249885339988396 ], [ 932667.724663197994232, 2053657.938460659934208 ], [ 932664.514613343053497, 2053543.430858920095488 ], [ 932649.427789433975704, 2053414.891898399917409 ], [ 932621.18709747097455, 2053322.636947029968724 ], [ 932609.42642286804039, 2053304.031463909894228 ], [ 932555.922889875015244, 2053243.177411660086364 ], [ 932472.321073633036576, 2053163.254397769924253 ], [ 932413.517700579017401, 2053070.226982149994001 ], [ 932367.519897202029824, 2052954.637930389959365 ], [ 932338.582608476979658, 2052889.827725110109895 ], [ 932297.884645131998695, 2052806.412036689929664 ], [ 932295.022893602028489, 2052678.1820616601035 ], [ 932340.132636190974154, 2052587.78102424996905 ], [ 932397.235252327984199, 2052506.837221249938011 ], [ 932430.816519245970994, 2052388.682451949920505 ], [ 932469.697626217035577, 2052302.701046040048823 ], [ 932526.2197451320244, 2052244.627864859998226 ], [ 932559.684912652010098, 2052131.047219879925251 ], [ 932561.310305048944429, 2052067.009478729916736 ], [ 932574.696372063015588, 2052021.577220730017871 ], [ 932600.191412077052519, 2051981.028072779998183 ], [ 932655.900834843050689, 2051954.97376218996942 ], [ 932688.205007839947939, 2051887.134360879892483 ], [ 932653.503481277031824, 2051808.447289489908144 ], [ 932607.7378768309718, 2051683.709988689981401 ], [ 932579.264985937974416, 2051600.603285749908537 ], [ 932544.4473598980112, 2051526.490338690113276 ], [ 932528.083441996946931, 2051448.26674579991959 ], [ 932529.128337120986544, 2051407.099626430077478 ], [ 932519.921850575017743, 2051287.863406989956275 ], [ 932528.124177061952651, 2051205.683661069953814 ], [ 932506.924816973041743, 2051076.990207130089402 ], [ 932461.507510861032642, 2050938.530533009907231 ], [ 932414.697011234005913, 2050854.960351400077343 ], [ 932362.934969944995828, 2050725.494433139916509 ], [ 932347.15154931996949, 2050624.400218209950253 ], [ 932392.02909325202927, 2050543.147429279983044 ], [ 932430.561902042943984, 2050470.88839626009576 ], [ 932408.665945195010863, 2050369.639688439900056 ], [ 932380.889651024946943, 2050259.088238979922608 ], [ 932365.33842933003325, 2050148.845775200054049 ], [ 932361.3156833689427, 2050066.357043409952894 ], [ 932383.020176453981549, 2049934.170914760092273 ], [ 932353.50239037303254, 2049892.231331019895151 ], [ 932286.961088425014168, 2049863.087163340067491 ], [ 932227.11282001901418, 2049811.226866570068523 ], [ 932192.062994971987791, 2049746.26216804003343 ], [ 932141.461948196985759, 2049571.055005579954013 ], [ 932125.21412972395774, 2049488.257288 ], [ 932109.662908007972874, 2049378.014824050012976 ], [ 932069.893740199040622, 2049258.006139890057966 ], [ 932031.053368058986962, 2049101.404460550053045 ], [ 932033.839755094959401, 2048991.625475069973618 ], [ 932018.17243391496595, 2048885.957135410048068 ], [ 932002.853411113028415, 2048766.566422529984266 ], [ 932023.396909637958743, 2048680.121537530096248 ], [ 932025.370600474998355, 2048602.361422749934718 ], [ 932027.228191853035241, 2048529.175432370044291 ], [ 932028.273087001987733, 2048488.008312769932672 ], [ 932055.857917511020787, 2048365.124925370095298 ], [ 932088.394289677962661, 2048288.1372748198919 ], [ 932115.630821828031912, 2048178.976260589901358 ], [ 932074.236261529964395, 2048123.005317789968103 ], [ 931997.095279337023385, 2048029.514422629959881 ], [ 931962.045454208971933, 2047964.549723860109225 ], [ 931940.033397851977497, 2047867.875139960087836 ], [ 931991.603975628037006, 2047763.906221450073645 ], [ 932042.594056110014208, 2047682.807924970053136 ], [ 932019.304905668948777, 2047636.448709490010515 ], [ 932008.821325078024529, 2047567.527857680106536 ], [ 932023.484486354049295, 2047471.780230819946155 ], [ 932111.033685049042106, 2047396.183015849906951 ], [ 932174.829335469985381, 2047292.523083009989932 ], [ 932183.031662125024013, 2047210.343336499994621 ], [ 932159.858611149946228, 2047159.409996550064534 ], [ 932154.674870601971634, 2047122.662508409935981 ], [ 932157.693456711014733, 2047003.735273719998077 ], [ 932166.708479641005397, 2046889.536656270036474 ], [ 932161.756938028032891, 2046843.640919290017337 ], [ 932157.501993212965317, 2046770.300435819895938 ], [ 932184.27412766602356, 2046679.435918970033526 ], [ 932205.398123719962314, 2046570.120411589974537 ], [ 932219.132489360985346, 2046510.965779910096899 ], [ 932227.450915529974736, 2046424.211908869910985 ], [ 932234.956645429949276, 2046369.476908730110154 ], [ 932243.971668423037045, 2046255.278291160007939 ], [ 932246.061458857962862, 2046172.94405163009651 ], [ 932253.33498983096797, 2046127.357300309929997 ], [ 932263.278808600036427, 2045976.565687329974025 ], [ 932276.897074806969613, 2045921.985180020099506 ], [ 932284.518904202966951, 2045862.676055409945548 ], [ 932298.253269889974035, 2045803.521423659985885 ], [ 932331.021841277019121, 2045717.385523970006034 ], [ 932393.540397834964097, 2045664.040959540056065 ], [ 932425.031875062966719, 2045628.220428490079939 ], [ 932407.855260903947055, 2045582.01570566999726 ], [ 932397.719978802022524, 2045499.372480320045725 ], [ 932380.659464112017304, 2045448.593633060110733 ], [ 932381.936558297951706, 2045398.278264400083572 ], [ 932414.35683132300619, 2045325.864737930009142 ], [ 932678.090060079004616, 2044815.322885300032794 ], [ 930906.389435071032494, 2044010.751820609904826 ], [ 930839.964231944992207, 2043977.033528140047565 ], [ 930712.761964134057052, 2043928.047933829948306 ], [ 930579.563259460031986, 2043874.333722250070423 ], [ 930452.128792696981691, 2043834.49637685995549 ], [ 930262.640167183009908, 2043829.707098559942096 ], [ 930036.360224382020533, 2043828.56498768995516 ], [ 929938.443544024950825, 2043830.667226620018482 ], [ 929808.919287052005529, 2043873.164121350040659 ], [ 929740.75259206595365, 2043908.057695630006492 ], [ 929653.435591996996664, 2043974.506662500090897 ], [ 929564.609299084055237, 2044100.419247139943764 ], [ 929550.526635247981176, 2044173.296252530068159 ], [ 929518.919058674015105, 2044213.690908310003579 ], [ 929474.738111154991202, 2044267.498951740097255 ], [ 929455.703905544942245, 2044294.480219870107248 ], [ 929429.396169141051359, 2044367.048239570111036 ], [ 929414.965206993045285, 2044453.647618249990046 ], [ 929430.052031290018931, 2044582.186581050045788 ], [ 928321.982204130035825, 2044380.252157190116122 ], [ 928292.696616497007199, 2044329.164324200013652 ], [ 928227.084109387011267, 2044263.4271609201096 ], [ 928117.522853784030303, 2044242.349792320048437 ], [ 928020.302770206006244, 2044217.007284939987585 ], [ 927825.049906973959878, 2044198.341141340089962 ], [ 927708.679518432007171, 2044204.554026670055464 ], [ 927568.787780191982165, 2044173.555945179890841 ], [ 927411.835526832030155, 2044091.779016359942034 ], [ 926032.237223437055945, 2044189.207597440108657 ], [ 925598.113004836952314, 2044219.865874970098957 ], [ 925298.615578591008671, 2044362.108640739927068 ], [ 924855.634895846014842, 2044572.512095550075173 ], [ 922898.797859388985671, 2045501.873735740082338 ], [ 922971.254135666997172, 2046020.912696599960327 ], [ 922963.516207881970331, 2046084.79594601993449 ], [ 922932.72132774500642, 2046093.171731099952012 ], [ 922575.059540556976572, 2046207.71251103002578 ], [ 922123.312353668035939, 2046173.409425029996783 ], [ 921992.667835506028496, 2046019.064477870007977 ], [ 921880.900691883987747, 2046084.895475039957091 ], [ 921601.349414904019795, 2046013.751066419994459 ], [ 921395.142479788977653, 2046667.635711119975895 ], [ 921206.698750091018155, 2046621.679316180059686 ], [ 921059.185184172005393, 2046649.990361520089209 ], [ 921003.94015906797722, 2046657.748175760032609 ], [ 920948.346835840959102, 2046679.228363330010325 ], [ 920885.828280727029778, 2046732.572929260088131 ], [ 920676.841054151998833, 2046773.06142068002373 ], [ 920670.612418518983759, 2046777.481052390066907 ], [ 920633.008405981003307, 2046813.147091520018876 ], [ 920601.981327194953337, 2046830.671125609893352 ], [ 920528.166494603967294, 2046847.113710589939728 ], [ 920466.576734535978176, 2046863.865281040081754 ], [ 920392.065305727999657, 2046907.752612669952214 ], [ 920348.580955703975633, 2046934.115910209948197 ], [ 920237.626508118002675, 2046967.92803660989739 ], [ 920169.9242118219845, 2046984.525114360032603 ], [ 920138.548834959045053, 2047015.771521809976548 ], [ 920113.053795621031895, 2047056.320670859888196 ], [ 920069.105048152967356, 2047100.980466180015355 ], [ 919987.900586334988475, 2047167.583927340107039 ], [ 919946.1752381590195, 2047179.376125890063122 ], [ 919304.068491550977342, 2047360.844959520036355 ], [ 919263.486625644960441, 2047272.855146140092984 ], [ 919209.750892346026376, 2047221.149342840071768 ], [ 919119.572140231961384, 2047159.368334359955043 ], [ 919084.290115033043548, 2047103.551884759915993 ], [ 919049.588586629019119, 2047024.864812949905172 ], [ 918973.260298019973561, 2046899.355047669960186 ], [ 918925.172703488962725, 2046866.100234840065241 ], [ 918679.510259686969221, 2046905.661770760081708 ], [ 916928.149479825049639, 2047227.561306420015171 ], [ 916799.554019902017899, 2047233.465208800043911 ], [ 916809.921502948040143, 2047306.960185319883749 ], [ 916845.551826367969625, 2047349.054261469980702 ], [ 916893.175023598014377, 2047400.605571900028735 ], [ 916953.71988936397247, 2047425.021121029974893 ], [ 917007.803920855047181, 2047463.004550809971988 ], [ 917030.976973077980801, 2047513.937890460016206 ], [ 917060.030362859019078, 2047574.173971690004691 ], [ 917101.657123156008311, 2047620.996664959937334 ], [ 916965.515206151991151, 2047924.218656030017883 ], [ 917013.370602017035708, 2047966.621717510046437 ], [ 917055.22956097999122, 2048004.296161870006472 ], [ 917096.740221914020367, 2048055.692979529965669 ], [ 917131.441750549944118, 2048134.380051139974967 ], [ 917172.720212785992771, 2048194.925117670092732 ], [ 917213.998675017966889, 2048255.470184199977666 ], [ 917273.846944638993591, 2048307.330479919910431 ], [ 917296.7877981410129, 2048367.412068360019475 ], [ 917312.919519350049086, 2048454.783910719910637 ], [ 917334.815478765056469, 2048556.032619050005451 ], [ 917351.992094050045125, 2048602.237341470085084 ], [ 917393.851052958052605, 2048639.911785779986531 ], [ 917417.256303815054707, 2048681.696876449976116 ], [ 917414.934316965984181, 2048773.179365109885111 ], [ 917437.178574395016767, 2048860.705700079910457 ], [ 917479.037533279974014, 2048898.380144380033016 ], [ 917508.671419700956903, 2048935.745603289920837 ], [ 917537.260412032948807, 2049014.278182070003822 ], [ 917584.187013049027883, 2049093.274238920072094 ], [ 917633.299137096968479, 2049206.653475319966674 ], [ 917682.411261133034714, 2049320.032711690058932 ], [ 917761.874232097994536, 2049322.041116700042039 ], [ 917822.767395687988028, 2049332.734292499953881 ], [ 917889.424797471961938, 2049357.304334280081093 ], [ 917949.389166300999932, 2049404.59050550009124 ], [ 917991.248125131009147, 2049442.264949779957533 ], [ 918027.110647068009712, 2049475.210776929976419 ], [ 918054.21071238105651, 2049491.91542956000194 ], [ 918081.310777690028772, 2049508.620082180015743 ], [ 918111.409061435027979, 2049527.689043360063806 ], [ 918167.002384208957665, 2049506.208855520002544 ], [ 918222.015210247016512, 2049507.599289810052142 ], [ 918283.256671861046925, 2049504.570092370035127 ], [ 918344.382034127018414, 2049506.115019370103255 ], [ 918399.394860167987645, 2049507.50545366993174 ], [ 918490.850704877986573, 2049518.971093029947951 ], [ 918563.736742203007452, 2049539.121503150090575 ], [ 918611.59213786595501, 2049581.524564570048824 ], [ 918653.102798591949977, 2049632.921382139902562 ], [ 918707.186829822021537, 2049670.904811840038747 ], [ 918762.66405325604137, 2049653.998748489888385 ], [ 918800.03586672001984, 2049627.480958180036396 ], [ 918837.523779539973475, 2049596.389043459901586 ], [ 918874.663394307950512, 2049579.019502 ], [ 918924.02808153105434, 2049561.958945960039273 ], [ 918966.93193447298836, 2049558.466270480072126 ], [ 919027.941197387990542, 2049564.585321970051154 ], [ 919070.26455356599763, 2049583.963268609950319 ], [ 919100.014539225026965, 2049616.754603100009263 ], [ 919123.884187359944917, 2049640.243196029914543 ], [ 919135.528763041947968, 2049663.422803550027311 ], [ 919162.943284753942862, 2049731.181659450056031 ], [ 919173.553523145965301, 2049774.801672300091013 ], [ 919191.237282139016315, 2049810.169257180066779 ], [ 919210.463859152980149, 2049843.822061140090227 ], [ 919240.446043503005058, 2049867.465146780014038 ], [ 919263.85129420994781, 2049909.250237389933318 ], [ 919269.035035597975366, 2049945.997725439956412 ], [ 919293.252981778001413, 2049955.7639451099094 ], [ 919317.470927963033319, 2049965.53016478009522 ], [ 919426.390214069047943, 2049998.266346829943359 ], [ 920082.309921542997472, 2050195.405969739891589 ], [ 920123.65813384403009, 2050851.976973409997299 ], [ 920125.904280376038514, 2050887.643683020025492 ], [ 920075.378599636023864, 2050950.445483020041138 ], [ 919993.593641701037996, 2051039.919565899996087 ], [ 919917.456822582986206, 2051147.844639119924977 ], [ 919778.220952350995503, 2051331.984900139970705 ], [ 919676.472994951996952, 2051485.03324658004567 ], [ 919581.185871890978888, 2051624.513712499989197 ], [ 919516.809727963991463, 2051751.044268730096519 ], [ 919446.553246572962962, 2051868.272083430085331 ], [ 919394.518274476984516, 2051990.537500639911741 ], [ 919336.138567505055107, 2052121.796673940028995 ], [ 919309.250336364959367, 2052217.235315520083532 ], [ 919287.429747291957028, 2052353.995569390011951 ], [ 919253.616284543997608, 2052481.298589020036161 ], [ 919220.081885506981052, 2052709.749128990108147 ], [ 921333.334971694974229, 2054163.295841159997508 ], [ 921287.993032488971949, 2054262.845128460088745 ], [ 921236.074159687035717, 2054380.536420539952815 ], [ 921171.698015840025619, 2054507.066975930007175 ], [ 921075.017700779018924, 2054701.436933370074257 ], [ 920991.955650437972508, 2054841.22638371004723 ], [ 920902.548865257995203, 2054990.009590080007911 ], [ 920838.63711901998613, 2055098.243647919967771 ], [ 920779.560816079960205, 2055256.947566539980471 ], [ 920738.996270722011104, 2055409.253776700003073 ], [ 920698.43172539700754, 2055561.559986829990521 ], [ 920702.570572562981397, 2055639.474593800026923 ], [ 920707.464065521024168, 2055687.657392360037193 ], [ 920712.357558483956382, 2055735.84019093005918 ], [ 920734.485716087976471, 2055827.940649080090225 ], [ 920780.251322865951806, 2055952.677948599914089 ], [ 920826.945724452030845, 2056040.822253179969266 ], [ 920904.318906184984371, 2056125.164896920090541 ], [ 920945.829566410975531, 2056176.561713859904557 ], [ 921042.004754005, 2056243.071338250068948 ], [ 921109.01045304001309, 2056253.919006770011038 ], [ 921212.459170314949006, 2056274.841880260035396 ], [ 921309.911450786981732, 2056291.036136710084975 ], [ 921321.904324389994144, 2056300.493370850104839 ], [ 921462.840954108978622, 2056290.324330129893497 ], [ 921542.536122887977399, 2056283.184486669953912 ], [ 921628.924324624007568, 2056253.328514140099287 ], [ 921740.459267170983367, 2056196.645766319939867 ], [ 921814.390197891974822, 2056175.629057100042701 ], [ 921894.781962867942639, 2056141.044467529980466 ], [ 921975.173727851943113, 2056106.459877979941666 ], [ 922110.578318311949261, 2056073.265722909942269 ], [ 922221.184466050006449, 2056053.175970070064068 ], [ 922306.527773594949394, 2056064.487116900039837 ], [ 922720.438742141006514, 2056143.604487529955804 ], [ 922824.00355879298877, 2056159.953236960107461 ], [ 922902.65383332001511, 2056193.980512930080295 ], [ 922938.748553446028382, 2056217.778091090032831 ], [ 922993.064782680012286, 2056246.613271800102666 ], [ 923065.718620397965424, 2056275.91193069005385 ], [ 923152.10682225599885, 2056246.055958410026506 ], [ 923251.068394561996683, 2056202.786598539911211 ], [ 923331.227960910997353, 2056177.350257910089567 ], [ 923399.394653687020764, 2056142.456683119991794 ], [ 923473.209485142957419, 2056126.014098499901593 ], [ 923591.262087919050828, 2056232.848231429932639 ], [ 923823.169099119026214, 2056555.948540759971365 ] ] ] } },
{ "type": "Feature", "properties": { "ID": 643.0, "ENTIDAD": 30, "DISTRITO_F": 19, "DISTRITO_L": 25, "MUNICIPIO": 34, "SECCION": 646, "TIPO": 4, "CONTROL": 1706.0, "GEOMETRY1_": null, "SECCION_KEY": "646", "morena": 133, "pt": 115, "verde": 65, "verde-morena": 12, "pan": 83, "pri": 2, "mc": 78, "V_4T_25": 325, "V_ALI_25": 85, "V_MC_25": 78, "TOTAL_25": 488, "GANADOR_25": "4T", "MARGEN_VICTORIA": 0.49180327868852458, "GANADOR_21": "4T", "PERFIL_POLITICO": "BASTION" }, "geometry": { "type": "Polygon", "coordinates": [ [ [ 914814.880429857992567, 2055783.596601370023564 ], [ 915789.80944227904547, 2055750.426171560073271 ], [ 915852.764987398986705, 2055748.036345290020108 ], [ 916039.002082995022647, 2055741.947526769945398 ], [ 916590.186199447955005, 2055723.194609629921615 ], [ 916659.049487669020891, 2055660.856287630042061 ], [ 916770.236131733981892, 2055617.895911789964885 ], [ 916874.729743054020219, 2055597.651665200013667 ], [ 916985.684188512968831, 2055563.839538160013035 ], [ 917097.21913060604129, 2055507.156789249973372 ], [ 917146.816015838994645, 2055480.94798432989046 ], [ 917209.450668678968213, 2055423.029294099891558 ], [ 917326.865948342019692, 2055375.649286669911817 ], [ 917417.85739482101053, 2055405.411423 ], [ 917562.584574152017012, 2055486.879361540079117 ], [ 917733.038990710978396, 2055518.649902649922296 ], [ 917909.605943419970572, 2055550.574936490040272 ], [ 918092.865928940009326, 2055559.783841169904917 ], [ 918232.873763996991329, 2055586.207794660003856 ], [ 918428.358821838977747, 2055595.72568480996415 ], [ 918575.640186402946711, 2055576.562887320062146 ], [ 918686.362433344009332, 2055551.899009390035644 ], [ 918797.432978305965662, 2055513.512758360011503 ], [ 918913.571165409055538, 2055516.448119400069118 ], [ 919059.923735311022028, 2055533.878317029913887 ], [ 919200.163769045961089, 2055551.154022 ], [ 919267.169468161999248, 2055562.001690339995548 ], [ 919383.075456580030732, 2055574.085300219943747 ], [ 919468.767062215018086, 2055571.67407354991883 ], [ 919549.158827087027021, 2055537.089483590098098 ], [ 919604.752149285981432, 2055515.609295980073512 ], [ 919676.709391121054068, 2055572.352700769901276 ], [ 919737.13815669005271, 2055601.342373949941248 ], [ 919780.854704599012621, 2055565.830827859928831 ], [ 919800.933803273946978, 2055497.682440380100161 ], [ 919874.864733980037272, 2055476.665730889886618 ], [ 919979.010047481977381, 2055470.143858019961044 ], [ 920058.240818939055316, 2055481.300511850044131 ], [ 920094.103340495028533, 2055514.246338640106842 ], [ 920185.791382970055565, 2055516.563729149987921 ], [ 920253.377578836050816, 2055504.540775750065222 ], [ 920271.599087978946045, 2055509.578378230100498 ], [ 920306.765013425960205, 2055569.968951239949092 ], [ 920404.565592064987868, 2055572.440834480104968 ], [ 920539.97018250299152, 2055539.246679010102525 ], [ 920571.613742650020868, 2055536.109814239898697 ], [ 920613.552815192029811, 2055531.952342730015516 ], [ 920668.449541329056956, 2055537.916901459917426 ], [ 920698.43172539700754, 2055561.559986829990521 ], [ 920738.996270722011104, 2055409.253776700003073 ], [ 920779.560816079960205, 2055256.947566539980471 ], [ 920838.63711901998613, 2055098.243647919967771 ], [ 920902.548865257995203, 2054990.009590080007911 ], [ 920991.955650437972508, 2054841.22638371004723 ], [ 921075.017700779018924, 2054701.436933370074257 ], [ 921171.698015840025619, 2054507.066975930007175 ], [ 921236.074159687035717, 2054380.536420539952815 ], [ 921287.993032488971949, 2054262.845128460088745 ], [ 921333.334971694974229, 2054163.295841159997508 ], [ 919220.081885506981052, 2052709.749128990108147 ], [ 918832.547883089049719, 2052443.193846459966153 ], [ 918805.997911634040065, 2052440.416661910014227 ], [ 918208.236707090050913, 2052377.889544649980962 ], [ 918140.16821696201805, 2052370.769433089997619 ], [ 917773.378359877038747, 2052242.495391089934856 ], [ 917683.315707640023902, 2052176.140259169973433 ], [ 917611.126266630017199, 2052128.545102929929271 ], [ 917533.869183433009312, 2052039.628334349952638 ], [ 917450.151266013970599, 2051964.279446309898049 ], [ 917402.876367105054669, 2051899.005763160064816 ], [ 917380.980407670955174, 2051797.757055480033159 ], [ 917365.429183103027754, 2051687.514591640094295 ], [ 917348.136468510027044, 2051645.883993919938803 ], [ 917307.438503116951324, 2051562.468305770074949 ], [ 917211.379413879010826, 2051491.384556720033288 ], [ 917114.159331282018684, 2051466.042051770025864 ], [ 916955.581687969970517, 2051448.302868870086968 ], [ 916894.340226595057175, 2051451.332066500093788 ], [ 916705.083802931010723, 2051437.394544689916074 ], [ 916540.509722740971483, 2051414.926744810072705 ], [ 916461.395050073973835, 2051399.195966809988022 ], [ 916360.268318469054066, 2051286.790605440037325 ], [ 916326.727783086011186, 2051162.362290210090578 ], [ 916303.786929521011189, 2051102.280702119925991 ], [ 915967.481338814948685, 2051098.35772963007912 ], [ 915900.243440540041775, 2051096.658310279948637 ], [ 915820.199973233044147, 2051117.520527679938823 ], [ 915752.962074965005741, 2051115.821108340052888 ], [ 915692.765507485950366, 2051077.683186339912936 ], [ 915619.879470295971259, 2051057.532776680076495 ], [ 915520.105202525039203, 2051132.821009139996022 ], [ 915434.297496999031864, 2051139.80636067991145 ], [ 915288.436489808023907, 2051049.003552899928764 ], [ 915265.700668271980248, 2051034.849828930106014 ], [ 915073.001992617035285, 2050915.552953300066292 ], [ 915019.266259246971458, 2050863.847150739980862 ], [ 915002.902339024003595, 2050785.623557599959895 ], [ 914986.886716759996489, 2050693.677591189974919 ], [ 915001.433775546960533, 2050602.504088059999049 ], [ 914985.650351919000968, 2050501.4098727600649 ], [ 914914.273605781025253, 2050421.795845630113035 ], [ 914777.583260276005603, 2050362.893452970078215 ], [ 914690.118225450976752, 2050471.250276990002021 ], [ 914434.65346739301458, 2050746.120033360086381 ], [ 914377.942701864987612, 2050845.82727409992367 ], [ 914284.209154173964635, 2050963.230361819965765 ], [ 914203.012632619007491, 2051062.540922170039266 ], [ 914122.110259140958078, 2051143.560614960035309 ], [ 914028.817933634039946, 2051233.527401349972934 ], [ 913835.597084647975862, 2051445.370822289958596 ], [ 913754.474100279971026, 2051540.108665769919753 ], [ 913667.229676928021945, 2051634.747339159948751 ], [ 913573.643203582963906, 2051743.00499312998727 ], [ 913536.179199456004426, 2051788.137141470098868 ], [ 913498.935806349036284, 2051819.551139160059392 ], [ 913486.545854312949814, 2051828.498232760000974 ], [ 913392.738770036958158, 2051950.474037399981171 ], [ 913330.12717688200064, 2052036.363957369932905 ], [ 913294.620837279013358, 2052150.136444010073319 ], [ 913259.114497695001774, 2052263.908930639969185 ], [ 913269.886635688017122, 2052355.561608450021595 ], [ 913275.787463690037839, 2052369.378929170081392 ], [ 913292.975188691983931, 2052442.839909520000219 ], [ 913301.605819693999365, 2052477.284041240112856 ], [ 913310.236450694035739, 2052511.72817297000438 ], [ 913315.548982684966177, 2052562.127228729892522 ], [ 913320.199681674945168, 2052653.680736409965903 ], [ 913312.754576661041938, 2052735.890470149926841 ], [ 913274.92288763995748, 2052803.886202839901671 ], [ 913231.043296630028635, 2052867.210048570064828 ], [ 913166.299130673054606, 2053085.708757869899273 ], [ 913110.691420699004084, 2053116.825245310086757 ], [ 913036.498782744049095, 2053161.362373139942065 ], [ 913011.792415766045451, 2053174.683843459933996 ], [ 912944.16243880300317, 2053191.883840139955282 ], [ 912913.481706822058186, 2053195.960706640034914 ], [ 912808.167114945943467, 2053272.011002260027453 ], [ 912740.537138010025956, 2053289.210998960072175 ], [ 912629.101107186987065, 2053365.162124539958313 ], [ 912543.033276292961091, 2053386.637327929958701 ], [ 912481.524738376028836, 2053403.936494729947299 ], [ 912432.112004469032399, 2053430.57943541998975 ], [ 912364.482027565944009, 2053447.77943217009306 ], [ 912290.436463713995181, 2053483.171126360073686 ], [ 912173.761437895009294, 2053504.150479469913989 ], [ 912093.888583027990535, 2053521.152136120013893 ], [ 911989.677046173950657, 2053528.611678770044819 ], [ 911891.14572639297694, 2053563.606692760018632 ], [ 911786.566504621994682, 2053593.929819829994813 ], [ 911706.325964862015098, 2053633.795060920063406 ], [ 911602.040891058044508, 2053645.827320520067587 ], [ 911510.072232228005305, 2053653.485203400021419 ], [ 911319.939938607043587, 2053673.274516 ], [ 911234.239792744047008, 2053671.886135220061988 ], [ 911191.463256789953448, 2053666.619227970018983 ], [ 911093.667306910036132, 2053655.887073349906132 ], [ 910971.459138046018779, 2053640.185521659906954 ], [ 910874.03087305300869, 2053606.589782689930871 ], [ 910738.844456420978531, 2053636.417059720028192 ], [ 910628.658554601948708, 2053634.631998830009252 ], [ 910500.990779525018297, 2053577.676825300091878 ], [ 910423.10342308296822, 2053471.215126479975879 ], [ 910363.212698720046319, 2053387.914522180100903 ], [ 910339.388775527942926, 2053346.363390079932287 ], [ 910267.181636182009242, 2053267.437162559945136 ], [ 910212.676981037016958, 2053229.9628971000202 ], [ 910139.440324031980708, 2053215.054705909918994 ], [ 910035.302324165008031, 2053217.941532050026581 ], [ 909955.503006326034665, 2053230.370472139911726 ], [ 909856.677538775955327, 2053283.656354049919173 ], [ 909794.801316105993465, 2053323.819105569971725 ], [ 909751.730632247985341, 2053336.843065940076485 ], [ 909665.809875449049287, 2053349.172836029902101 ], [ 909561.377727744984441, 2053370.350529789924622 ], [ 909451.191825894056819, 2053368.56546911993064 ], [ 909346.906752138980664, 2053380.59772914997302 ], [ 909236.794387259986252, 2053374.239951639901847 ], [ 909181.701436338014901, 2053373.347421339945868 ], [ 909163.337119366973639, 2053373.049911240115762 ], [ 909072.103830215986818, 2053334.980625679949299 ], [ 909011.992494773003273, 2053265.398172100074589 ], [ 908968.407052183058113, 2053310.431150719989091 ], [ 908973.572510640020482, 2053369.97564023011364 ], [ 908942.229946051025763, 2053415.206958909984678 ], [ 908868.699141197954305, 2053418.589635419892147 ], [ 908758.219091524020769, 2053435.095442420104519 ], [ 908697.004701622994617, 2053434.103742140112445 ], [ 908605.256653734948486, 2053428.043474840000272 ], [ 908513.067384085035883, 2053449.419508849969134 ], [ 908458.047970131970942, 2053443.954261739971116 ], [ 908445.731555197038688, 2053448.32863856991753 ], [ 908390.270919493050314, 2053470.299692759988829 ], [ 908316.151818993035704, 2053510.264104420086369 ], [ 908242.547477212967351, 2053518.219497910002246 ], [ 908156.33257266995497, 2053548.840135779930279 ], [ 908216.517445152043365, 2053613.849872360005975 ], [ 908282.676682688994333, 2053688.104212729958817 ], [ 908303.660497396951541, 2053715.887609099969268 ], [ 908324.644312103977427, 2053743.671005469979718 ], [ 908378.266523814992979, 2053836.017873300006613 ], [ 908395.160101608955301, 2053927.769720969954506 ], [ 908424.811316073988564, 2053987.710890519898385 ], [ 908454.168382697971538, 2054065.942927580093965 ], [ 908477.256936423014849, 2054153.221228359965608 ], [ 908445.473150186007842, 2054225.888848280068487 ], [ 908487.22016868495848, 2054295.17379158991389 ], [ 908578.012235971982591, 2054360.679378210101277 ], [ 908655.605444813030772, 2054485.431944160023704 ], [ 908728.180269049014896, 2054541.494586949935183 ], [ 908892.356067050946876, 2054612.76293074991554 ], [ 909032.046109113027342, 2054683.634594470029697 ], [ 909141.276030187960714, 2054744.864974309923127 ], [ 909274.918170182965696, 2054811.06475116009824 ], [ 909440.049948603031226, 2054822.887775739887729 ], [ 909599.354435906978324, 2054816.320762859890237 ], [ 909660.368235634989105, 2054830.379561129957438 ], [ 909684.760433709947392, 2054836.000010820105672 ], [ 909745.680675602052361, 2054855.282578649930656 ], [ 909779.017673615016975, 2054876.405239749932662 ], [ 909812.354671629029326, 2054897.527900859946385 ], [ 909843.882508408976719, 2054887.015129850013182 ], [ 909917.007429959950969, 2054862.632056530099362 ], [ 910015.023990544024855, 2054859.646060270024464 ], [ 910070.043404362979345, 2054865.111307479906827 ], [ 910137.085085217026062, 2054884.493045389885083 ], [ 910150.200730531942099, 2054897.275136590003967 ], [ 910251.627538459957577, 2054996.122480960097164 ], [ 910323.834677650942467, 2055075.048708179965615 ], [ 910335.93048165703658, 2055084.392481989925727 ], [ 910438.671278720954433, 2055168.387276269961149 ], [ 910566.559664405998774, 2055211.624298949958757 ], [ 910609.630348135018721, 2055198.600338659947738 ], [ 910781.545398205053061, 2055169.368081860011443 ], [ 910898.220423583989032, 2055148.388728420017287 ], [ 911026.329420179012232, 2055177.907600600039586 ], [ 911087.249662009999156, 2055197.190168539993465 ], [ 911165.872387956012972, 2055257.924698400078341 ], [ 911269.054406762006693, 2055314.483191590057686 ], [ 911409.038596360012889, 2055367.063988249981776 ], [ 911573.582078809966333, 2055415.468748280080035 ], [ 911800.222394734038971, 2055409.992606580024585 ], [ 911879.580490423017181, 2055424.999967900104821 ], [ 912029.462257993989624, 2055397.378888020059094 ], [ 912072.366110372007824, 2055393.886211920063943 ], [ 912159.79920511203818, 2055322.863118269946426 ], [ 912234.54283041798044, 2055269.827536969911307 ], [ 912345.265076973009855, 2055245.163657709956169 ], [ 912393.584869810030796, 2055269.270220610080287 ], [ 912539.937439737957902, 2055286.700416610110551 ], [ 912619.632608367945068, 2055279.560571880079806 ], [ 912778.674647771054879, 2055279.003255629912019 ], [ 912883.052159623010084, 2055263.3331326500047 ], [ 912945.222414824995212, 2055223.71093937009573 ], [ 913049.367728115990758, 2055217.189065200043842 ], [ 913128.250201724004, 2055242.068091270048171 ], [ 913188.795066850027069, 2055266.483639470068738 ], [ 913267.677540448028594, 2055291.362665560096502 ], [ 913371.59065514896065, 2055293.989040219923481 ], [ 913511.946788211003877, 2055306.690619460074231 ], [ 913591.177559679956175, 2055317.847272420069203 ], [ 913658.41545742796734, 2055319.546691349940374 ], [ 913726.814348147017881, 2055275.504866420058534 ], [ 913872.354222991969436, 2055324.953933469951153 ], [ 914004.508032507030293, 2055419.835259140003473 ], [ 914099.986625044024549, 2055513.789628989994526 ], [ 914130.084908628021367, 2055532.85858969995752 ], [ 914183.936741041019559, 2055579.99026726000011 ], [ 914285.760068289004266, 2055664.950880979886279 ], [ 914400.2728650290519, 2055731.92398244002834 ], [ 914497.376847701030783, 2055761.840610940009356 ], [ 914614.21163046604488, 2055737.331224790075794 ], [ 914705.551374888047576, 2055753.370987540110946 ], [ 914808.883993005030788, 2055778.86798435007222 ], [ 914814.880429857992567, 2055783.596601370023564 ] ] ] } },
{ "type": "Feature", "properties": { "ID": 644.0, "ENTIDAD": 30, "DISTRITO_F": 19, "DISTRITO_L": 25, "MUNICIPIO": 34, "SECCION": 647, "TIPO": 4, "CONTROL": 1707.0, "GEOMETRY1_": null, "SECCION_KEY": "647", "morena": 498, "pt": 167, "verde": 37, "verde-morena": 21, "pan": 127, "pri": 4, "mc": 166, "V_4T_25": 723, "V_ALI_25": 131, "V_MC_25": 166, "TOTAL_25": 1020, "GANADOR_25": "4T", "MARGEN_VICTORIA": 0.54607843137254897, "GANADOR_21": "4T", "PERFIL_POLITICO": "BASTION" }, "geometry": { "type": "Polygon", "coordinates": [ [ [ 919220.081885506981052, 2052709.749128990108147 ], [ 919253.616284543997608, 2052481.298589020036161 ], [ 919287.429747291957028, 2052353.995569390011951 ], [ 919309.250336364959367, 2052217.235315520083532 ], [ 919336.138567505055107, 2052121.796673940028995 ], [ 919394.518274476984516, 2051990.537500639911741 ], [ 919446.553246572962962, 2051868.272083430085331 ], [ 919516.809727963991463, 2051751.044268730096519 ], [ 919581.185871890978888, 2051624.513712499989197 ], [ 919676.472994951996952, 2051485.03324658004567 ], [ 919778.220952350995503, 2051331.984900139970705 ], [ 919917.456822582986206, 2051147.844639119924977 ], [ 919993.593641701037996, 2051039.919565899996087 ], [ 920075.378599636023864, 2050950.445483020041138 ], [ 920125.904280376038514, 2050887.643683020025492 ], [ 920123.65813384403009, 2050851.976973409997299 ], [ 920082.309921542997472, 2050195.405969739891589 ], [ 919426.390214069047943, 2049998.266346829943359 ], [ 919317.470927963033319, 2049965.53016478009522 ], [ 919293.252981778001413, 2049955.7639451099094 ], [ 919269.035035597975366, 2049945.997725439956412 ], [ 919263.85129420994781, 2049909.250237389933318 ], [ 919240.446043503005058, 2049867.465146780014038 ], [ 919210.463859152980149, 2049843.822061140090227 ], [ 919191.237282139016315, 2049810.169257180066779 ], [ 919173.553523145965301, 2049774.801672300091013 ], [ 919162.943284753942862, 2049731.181659450056031 ], [ 919135.528763041947968, 2049663.422803550027311 ], [ 919123.884187359944917, 2049640.243196029914543 ], [ 919100.014539225026965, 2049616.754603100009263 ], [ 919070.26455356599763, 2049583.963268609950319 ], [ 919027.941197387990542, 2049564.585321970051154 ], [ 918966.93193447298836, 2049558.466270480072126 ], [ 918924.02808153105434, 2049561.958945960039273 ], [ 918874.663394307950512, 2049579.019502 ], [ 918837.523779539973475, 2049596.389043459901586 ], [ 918800.03586672001984, 2049627.480958180036396 ], [ 918762.66405325604137, 2049653.998748489888385 ], [ 918707.186829822021537, 2049670.904811840038747 ], [ 918653.102798591949977, 2049632.921382139902562 ], [ 918611.59213786595501, 2049581.524564570048824 ], [ 918563.736742203007452, 2049539.121503150090575 ], [ 918490.850704877986573, 2049518.971093029947951 ], [ 918399.394860167987645, 2049507.50545366993174 ], [ 918344.382034127018414, 2049506.115019370103255 ], [ 918283.256671861046925, 2049504.570092370035127 ], [ 918222.015210247016512, 2049507.599289810052142 ], [ 918167.002384208957665, 2049506.208855520002544 ], [ 918111.409061435027979, 2049527.689043360063806 ], [ 918081.310777690028772, 2049508.620082180015743 ], [ 918054.21071238105651, 2049491.91542956000194 ], [ 918027.110647068009712, 2049475.210776929976419 ], [ 917991.248125131009147, 2049442.264949779957533 ], [ 917949.389166300999932, 2049404.59050550009124 ], [ 917889.424797471961938, 2049357.304334280081093 ], [ 917822.767395687988028, 2049332.734292499953881 ], [ 917761.874232097994536, 2049322.041116700042039 ], [ 917682.411261133034714, 2049320.032711690058932 ], [ 917397.519415750983171, 2049459.298029540106654 ], [ 917350.750267458963208, 2049970.231628850102425 ], [ 917211.379413879010826, 2051491.384556720033288 ], [ 917307.438503116951324, 2051562.468305770074949 ], [ 917348.136468510027044, 2051645.883993919938803 ], [ 917365.429183103027754, 2051687.514591640094295 ], [ 917380.980407670955174, 2051797.757055480033159 ], [ 917402.876367105054669, 2051899.005763160064816 ], [ 917450.151266013970599, 2051964.279446309898049 ], [ 917533.869183433009312, 2052039.628334349952638 ], [ 917611.126266630017199, 2052128.545102929929271 ], [ 917683.315707640023902, 2052176.140259169973433 ], [ 917773.378359877038747, 2052242.495391089934856 ], [ 918140.16821696201805, 2052370.769433089997619 ], [ 918208.236707090050913, 2052377.889544649980962 ], [ 918805.997911634040065, 2052440.416661910014227 ], [ 918832.547883089049719, 2052443.193846459966153 ], [ 919220.081885506981052, 2052709.749128990108147 ] ] ] } },
{ "type": "Feature", "properties": { "ID": 645.0, "ENTIDAD": 30, "DISTRITO_F": 19, "DISTRITO_L": 25, "MUNICIPIO": 34, "SECCION": 648, "TIPO": 4, "CONTROL": 1708.0, "GEOMETRY1_": null, "SECCION_KEY": "648", "morena": 148, "pt": 31, "verde": 19, "verde-morena": 5, "pan": 13, "pri": 1, "mc": 83, "V_4T_25": 203, "V_ALI_25": 14, "V_MC_25": 83, "TOTAL_25": 300, "GANADOR_25": "4T", "MARGEN_VICTORIA": 0.4, "GANADOR_21": "4T", "PERFIL_POLITICO": "BASTION" }, "geometry": { "type": "Polygon", "coordinates": [ [ [ 917211.379413879010826, 2051491.384556720033288 ], [ 917350.750267458963208, 2049970.231628850102425 ], [ 917397.519415750983171, 2049459.298029540106654 ], [ 917682.411261133034714, 2049320.032711690058932 ], [ 917633.299137096968479, 2049206.653475319966674 ], [ 917584.187013049027883, 2049093.274238920072094 ], [ 917537.260412032948807, 2049014.278182070003822 ], [ 917508.671419700956903, 2048935.745603289920837 ], [ 917479.037533279974014, 2048898.380144380033016 ], [ 917437.178574395016767, 2048860.705700079910457 ], [ 917414.934316965984181, 2048773.179365109885111 ], [ 917417.256303815054707, 2048681.696876449976116 ], [ 917393.851052958052605, 2048639.911785779986531 ], [ 917351.992094050045125, 2048602.237341470085084 ], [ 917334.815478765056469, 2048556.032619050005451 ], [ 917312.919519350049086, 2048454.783910719910637 ], [ 917296.7877981410129, 2048367.412068360019475 ], [ 917273.846944638993591, 2048307.330479919910431 ], [ 917213.998675017966889, 2048255.470184199977666 ], [ 917172.720212785992771, 2048194.925117670092732 ], [ 917131.441750549944118, 2048134.380051139974967 ], [ 917096.740221914020367, 2048055.692979529965669 ], [ 917055.22956097999122, 2048004.296161870006472 ], [ 917013.370602017035708, 2047966.621717510046437 ], [ 916965.515206151991151, 2047924.218656030017883 ], [ 917101.657123156008311, 2047620.996664959937334 ], [ 917060.030362859019078, 2047574.173971690004691 ], [ 917030.976973077980801, 2047513.937890460016206 ], [ 917007.803920855047181, 2047463.004550809971988 ], [ 916953.71988936397247, 2047425.021121029974893 ], [ 916893.175023598014377, 2047400.605571900028735 ], [ 916845.551826367969625, 2047349.054261469980702 ], [ 916809.921502948040143, 2047306.960185319883749 ], [ 916799.554019902017899, 2047233.465208800043911 ], [ 916783.074000610969961, 2047159.815739579964429 ], [ 916785.628186115995049, 2047059.185001729987562 ], [ 916774.912405051058158, 2046999.412398519925773 ], [ 916721.408870217041112, 2046938.558346469886601 ], [ 916649.219428595039062, 2046890.963189699919894 ], [ 916595.83199308195617, 2046825.535013190004975 ], [ 916566.198106536990963, 2046788.169554139953107 ], [ 916524.455246818019077, 2046745.920985250035301 ], [ 916432.883302345988341, 2046739.029470480047166 ], [ 916288.272220334969461, 2046652.987405850086361 ], [ 916283.320677460054867, 2046607.09166863001883 ], [ 916040.444617960951291, 2046536.874218869954348 ], [ 915770.721055845962837, 2046319.51232317998074 ], [ 915764.58572788303718, 2046133.521735910093412 ], [ 915759.001109163044021, 2046058.323751050047576 ], [ 915671.492641304968856, 2045891.337880270089954 ], [ 915487.65253311698325, 2045879.582938930019736 ], [ 914167.140256491024047, 2045795.147914509987459 ], [ 914132.642794574960135, 2045792.942108399933204 ], [ 913482.159765899996273, 2045877.196624449919909 ], [ 913123.302343706018291, 2045556.886601249920204 ], [ 912596.463231993024237, 2045589.341477819951251 ], [ 912557.855053337058052, 2045423.591548319905996 ], [ 912063.822195903980173, 2045488.915006259921938 ], [ 911612.050290014944039, 2045548.650513449916616 ], [ 911569.78933863597922, 2045554.238464660011232 ], [ 911567.191982822027057, 2045579.820372350048274 ], [ 911561.355473464005627, 2045637.882403010036796 ], [ 911552.921608302043751, 2045721.526341340038925 ], [ 911615.101932249031961, 2045845.887221510056406 ], [ 911677.282256179023534, 2045970.248101650038734 ], [ 911736.190588428056799, 2046022.785342189949006 ], [ 911788.017700843047351, 2046113.578245830023661 ], [ 912058.839620555983856, 2048466.415734939975664 ], [ 912192.695997820002958, 2048562.663623040076345 ], [ 913444.985779357957654, 2049463.11438664002344 ], [ 913518.590121835004538, 2049455.158993940101936 ], [ 913641.018902602023445, 2049457.142395799979568 ], [ 913769.422048385953531, 2049468.37040159991011 ], [ 913848.19184875395149, 2049519.959498790092766 ], [ 913961.29139693104662, 2049530.939579389989376 ], [ 914074.390945103950799, 2049541.919660009909421 ], [ 914147.112843416980468, 2049588.836870220024139 ], [ 914163.197513084975071, 2049730.888604480074719 ], [ 914150.145727855968289, 2049780.99015019997023 ], [ 914154.281667515053414, 2049904.552676619961858 ], [ 914168.723595840041526, 2050005.028483059955761 ], [ 914176.340702197048813, 2050055.84901468991302 ], [ 914327.905937719973736, 2050149.782605119980872 ], [ 914485.960297310026363, 2050220.951781179988757 ], [ 914625.576802760013379, 2050296.396163860103115 ], [ 914777.583260276005603, 2050362.893452970078215 ], [ 914914.273605781025253, 2050421.795845630113035 ], [ 914985.650351919000968, 2050501.4098727600649 ], [ 915001.433775546960533, 2050602.504088059999049 ], [ 914986.886716759996489, 2050693.677591189974919 ], [ 915002.902339024003595, 2050785.623557599959895 ], [ 915019.266259246971458, 2050863.847150739980862 ], [ 915073.001992617035285, 2050915.552953300066292 ], [ 915265.700668271980248, 2051034.849828930106014 ], [ 915288.436489808023907, 2051049.003552899928764 ], [ 915434.297496999031864, 2051139.80636067991145 ], [ 915520.105202525039203, 2051132.821009139996022 ], [ 915619.879470295971259, 2051057.532776680076495 ], [ 915692.765507485950366, 2051077.683186339912936 ], [ 915752.962074965005741, 2051115.821108340052888 ], [ 915820.199973233044147, 2051117.520527679938823 ], [ 915900.243440540041775, 2051096.658310279948637 ], [ 915967.481338814948685, 2051098.35772963007912 ], [ 916303.786929521011189, 2051102.280702119925991 ], [ 916326.727783086011186, 2051162.362290210090578 ], [ 916360.268318469054066, 2051286.790605440037325 ], [ 916461.395050073973835, 2051399.195966809988022 ], [ 916540.509722740971483, 2051414.926744810072705 ], [ 916705.083802931010723, 2051437.394544689916074 ], [ 916894.340226595057175, 2051451.332066500093788 ], [ 916955.581687969970517, 2051448.302868870086968 ], [ 917114.159331282018684, 2051466.042051770025864 ], [ 917211.379413879010826, 2051491.384556720033288 ] ] ] } },
{ "type": "Feature", "properties": { "ID": 646.0, "ENTIDAD": 30, "DISTRITO_F": 19, "DISTRITO_L": 25, "MUNICIPIO": 34, "SECCION": 649, "TIPO": 4, "CONTROL": 1710.0, "GEOMETRY1_": null, "SECCION_KEY": "649", "morena": 124, "pt": 68, "verde": 51, "verde-morena": 12, "pan": 90, "pri": 2, "mc": 138, "V_4T_25": 255, "V_ALI_25": 92, "V_MC_25": 138, "TOTAL_25": 485, "GANADOR_25": "4T", "MARGEN_VICTORIA": 0.24123711340206186, "GANADOR_21": "4T", "PERFIL_POLITICO": "BASTION" }, "geometry": { "type": "Polygon", "coordinates": [ [ [ 919304.068491550977342, 2047360.844959520036355 ], [ 919946.1752381590195, 2047179.376125890063122 ], [ 919987.900586334988475, 2047167.583927340107039 ], [ 920069.105048152967356, 2047100.980466180015355 ], [ 920113.053795621031895, 2047056.320670859888196 ], [ 920138.548834959045053, 2047015.771521809976548 ], [ 920169.9242118219845, 2046984.525114360032603 ], [ 920237.626508118002675, 2046967.92803660989739 ], [ 920348.580955703975633, 2046934.115910209948197 ], [ 920392.065305727999657, 2046907.752612669952214 ], [ 920466.576734535978176, 2046863.865281040081754 ], [ 920528.166494603967294, 2046847.113710589939728 ], [ 920601.981327194953337, 2046830.671125609893352 ], [ 920633.008405981003307, 2046813.147091520018876 ], [ 920670.612418518983759, 2046777.481052390066907 ], [ 920676.841054151998833, 2046773.06142068002373 ], [ 920885.828280727029778, 2046732.572929260088131 ], [ 920948.346835840959102, 2046679.228363330010325 ], [ 921003.94015906797722, 2046657.748175760032609 ], [ 921059.185184172005393, 2046649.990361520089209 ], [ 921206.698750091018155, 2046621.679316180059686 ], [ 921395.142479788977653, 2046667.635711119975895 ], [ 921601.349414904019795, 2046013.751066419994459 ], [ 921880.900691883987747, 2046084.895475039957091 ], [ 921992.667835506028496, 2046019.064477870007977 ], [ 922123.312353668035939, 2046173.409425029996783 ], [ 922575.059540556976572, 2046207.71251103002578 ], [ 922932.72132774500642, 2046093.171731099952012 ], [ 922963.516207881970331, 2046084.79594601993449 ], [ 922971.254135666997172, 2046020.912696599960327 ], [ 922898.797859388985671, 2045501.873735740082338 ], [ 924855.634895846014842, 2044572.512095550075173 ], [ 925298.615578591008671, 2044362.108640739927068 ], [ 925598.113004836952314, 2044219.865874970098957 ], [ 926032.237223437055945, 2044189.207597440108657 ], [ 927411.835526832030155, 2044091.779016359942034 ], [ 927568.787780191982165, 2044173.555945179890841 ], [ 927708.679518432007171, 2044204.554026670055464 ], [ 927825.049906973959878, 2044198.341141340089962 ], [ 928020.302770206006244, 2044217.007284939987585 ], [ 928117.522853784030303, 2044242.349792320048437 ], [ 928227.084109387011267, 2044263.4271609201096 ], [ 928292.696616497007199, 2044329.164324200013652 ], [ 928321.982204130035825, 2044380.252157190116122 ], [ 929430.052031290018931, 2044582.186581050045788 ], [ 929414.965206993045285, 2044453.647618249990046 ], [ 929429.396169141051359, 2044367.048239570111036 ], [ 929455.703905544942245, 2044294.480219870107248 ], [ 929474.738111154991202, 2044267.498951740097255 ], [ 929518.919058674015105, 2044213.690908310003579 ], [ 929550.526635247981176, 2044173.296252530068159 ], [ 929564.609299084055237, 2044100.419247139943764 ], [ 929653.435591996996664, 2043974.506662500090897 ], [ 929740.75259206595365, 2043908.057695630006492 ], [ 929808.919287052005529, 2043873.164121350040659 ], [ 929938.443544024950825, 2043830.667226620018482 ], [ 930036.360224382020533, 2043828.56498768995516 ], [ 930262.640167183009908, 2043829.707098559942096 ], [ 930452.128792696981691, 2043834.49637685995549 ], [ 930579.563259460031986, 2043874.333722250070423 ], [ 930712.761964134057052, 2043928.047933829948306 ], [ 930839.964231944992207, 2043977.033528140047565 ], [ 930906.389435071032494, 2044010.751820609904826 ], [ 932678.090060079004616, 2044815.322885300032794 ], [ 934175.005593760986812, 2044638.0352996699512 ], [ 934243.984985459013842, 2044571.12285503000021 ], [ 934300.042707622982562, 2044531.346171190030873 ], [ 934397.146691601024941, 2044561.262803979916498 ], [ 934425.387383333058096, 2044653.517756959889084 ], [ 934459.392312895040959, 2044759.649576080031693 ], [ 934493.629441433004104, 2044856.633146320004016 ], [ 934565.238384727039374, 2044927.098927360028028 ], [ 934625.667150816996582, 2044956.088602809933946 ], [ 934661.994070164044388, 2044970.737933420110494 ], [ 934680.679977550986223, 2044957.479038829915226 ], [ 934688.301807241048664, 2044898.169914230005816 ], [ 934708.148709550034255, 2044839.169775400077924 ], [ 934740.685082438052632, 2044762.182124659884721 ], [ 934795.34961071703583, 2044777.294933970086277 ], [ 934830.399435651022941, 2044842.259633260080591 ], [ 934872.142294347984716, 2044884.508203329984099 ], [ 934909.978507110034116, 2044839.693916470045224 ], [ 934942.050482057966292, 2044781.002763439901173 ], [ 934966.965025256969966, 2044763.324237329885364 ], [ 935040.199361442006193, 2044769.752276499988511 ], [ 935082.638817101018503, 2044784.556100049987435 ], [ 935088.99143626797013, 2044782.66064145998098 ], [ 935094.97998921002727, 2044780.290961419930682 ], [ 935139.393136290018447, 2044717.334669769974425 ], [ 935190.731516167987138, 2044622.514000060036778 ], [ 935235.144663281971589, 2044559.557708410080522 ], [ 935285.902545711956918, 2044487.607660809997469 ], [ 935304.945749494014308, 2044462.463282020064071 ], [ 935324.203156540053897, 2044424.496876260032877 ], [ 935336.845158988027833, 2044401.607969159958884 ], [ 935369.080701685976237, 2044343.244086910039186 ], [ 935382.118470798945054, 2044311.534201730042696 ], [ 935370.299746420001611, 2044295.215780430007726 ], [ 935358.481022038962692, 2044278.897359139984474 ], [ 935255.38060121901799, 2044244.252108830027282 ], [ 935159.321512673981488, 2044173.168356020003557 ], [ 935118.27525094000157, 2044103.475039300043136 ], [ 935096.379294618964195, 2044002.226330270059407 ], [ 935088.101604892988689, 2043846.397113850107417 ], [ 935091.004092333023436, 2043732.044003070099279 ], [ 935043.845294252969325, 2043662.196193390060216 ], [ 934979.509882180951536, 2043546.143660659901798 ], [ 934951.269190527033061, 2043453.888707489939407 ], [ 934899.158851073007099, 2043338.145160519983619 ], [ 934857.764290784019977, 2043282.174217 ], [ 934786.387546362006105, 2043202.560186790069565 ], [ 934733.696709383977577, 2043109.687261960003525 ], [ 934711.800753009039909, 2043008.438552720006555 ], [ 934554.73240050196182, 2042931.235746359918267 ], [ 934494.884131695027463, 2042879.375448550097644 ], [ 934373.794400130049326, 2042830.544346220092848 ], [ 934270.577879555989057, 2042800.473220359999686 ], [ 934203.456079464056529, 2042794.199674089904875 ], [ 934144.420507073053159, 2042710.320505199953914 ], [ 934116.063715797034092, 2042622.6396763199009 ], [ 934154.712625144049525, 2042545.806518140016124 ], [ 934223.808116649044678, 2042474.319948869990185 ], [ 934274.101601212983951, 2042420.66639870009385 ], [ 934330.0432241440285, 2042385.463839210104197 ], [ 934379.640111756045371, 2042359.255035710055381 ], [ 934431.442889799945988, 2042246.137867759913206 ], [ 934451.52199124195613, 2042177.989479769952595 ], [ 934526.497820192016661, 2042115.8056523099076 ], [ 934595.012814339017496, 2042067.189705289900303 ], [ 934614.975816315039992, 2042003.615441740024835 ], [ 934560.891785281011835, 2041965.632010059896857 ], [ 934520.658219881006517, 2041863.919821900082752 ], [ 934491.372632671962492, 2041812.831988459918648 ], [ 934455.626210630056448, 2041775.31203547003679 ], [ 934433.033657239982858, 2041701.508072670083493 ], [ 934422.666176520986483, 2041628.013095659902319 ], [ 934400.538021115004085, 2041535.912635040003806 ], [ 934378.990363192977384, 2041420.941552140051499 ], [ 934355.933411797974259, 2041365.434087099973112 ], [ 934345.333732084953226, 2041301.087358959950507 ], [ 934322.625079174991697, 2041231.857520540012047 ], [ 934220.221254813950509, 2041169.767523339949548 ], [ 934141.2226803379599, 2041149.462617829907686 ], [ 934092.670688081998378, 2041134.50430128001608 ], [ 934045.511889772024006, 2041064.656491260044277 ], [ 934004.465627796947956, 2040994.963174130069092 ], [ 933970.460698127979413, 2040888.831354219932109 ], [ 933966.670151697006077, 2040797.194372150115669 ], [ 933986.749253178015351, 2040729.045983959920704 ], [ 933970.501435062033124, 2040646.248264990048483 ], [ 933911.001464523957111, 2040580.665593570098281 ], [ 933863.610467175021768, 2040519.966032390017062 ], [ 933785.772887566010468, 2040453.919882270041853 ], [ 933757.648295214981772, 2040357.090804070001468 ], [ 933759.157588653033599, 2040297.627186049940065 ], [ 933748.906207371968776, 2040219.558084370102733 ], [ 933750.067202324047685, 2040173.816839729901403 ], [ 933782.255277034942992, 2040110.55156170995906 ], [ 933784.577266955049708, 2040019.069072399986908 ], [ 933710.762432717019692, 2040035.511655489914119 ], [ 933692.424823659006506, 2040035.04817679990083 ], [ 933632.228256074013188, 2039996.910252100089565 ], [ 933547.233244588016532, 2039971.876729229930788 ], [ 933504.213291116990149, 2039979.943527889903635 ], [ 933473.418410358019173, 2039988.319312349893153 ], [ 933436.627092740032822, 2039991.966479449998587 ], [ 933382.659160990966484, 2039949.40892319008708 ], [ 933297.780248983995989, 2039919.801275880075991 ], [ 933254.179798054974526, 2039950.738696899963543 ], [ 933204.002412816975266, 2039999.818122900091112 ], [ 933147.944690215052105, 2040039.594807079993188 ], [ 933080.706790331983939, 2040037.895385280018672 ], [ 933032.270897469017655, 2040018.362944290041924 ], [ 933002.520912135951221, 2039985.571608569938689 ], [ 932960.894152558990754, 2039938.748913659946993 ], [ 932920.196188895963132, 2039855.333223 ], [ 932884.217567706014961, 2039826.961518849944696 ], [ 932241.178138653049245, 2039893.613178810104728 ], [ 929014.552289010956883, 2040228.0560870799236 ], [ 928946.733891960000619, 2040249.227288160007447 ], [ 928847.307918098988011, 2040310.793145309900865 ], [ 928760.339215856045485, 2040363.519739209907129 ], [ 928661.958137133973651, 2040383.918476120103151 ], [ 928594.255839574965648, 2040400.515552770113572 ], [ 928477.653251299052499, 2040415.876686709932983 ], [ 928416.643987350049429, 2040409.757633849978447 ], [ 928385.036410589003935, 2040450.152289940044284 ], [ 928347.896794745000079, 2040467.52183081000112 ], [ 928224.485073463991284, 2040510.173218820011243 ], [ 928137.516371333040297, 2040562.899812829913571 ], [ 928099.331860476057045, 2040621.436473990092054 ], [ 928074.243168159970082, 2040645.976187259890139 ], [ 928049.154475849005394, 2040670.515900539932773 ], [ 928002.111776320030913, 2040596.09396628011018 ], [ 927226.905290619004518, 2040292.723166499985382 ], [ 925141.212572589050978, 2040532.939576470060274 ], [ 924804.012715387041681, 2040564.248935499927029 ], [ 924691.156407130998559, 2040574.72776168002747 ], [ 923203.846121279988438, 2040712.82607852993533 ], [ 923149.52989077300299, 2040683.990896600065753 ], [ 923044.571878527989611, 2040722.53163972008042 ], [ 922982.866018217988312, 2040743.857334360014647 ], [ 922852.993463066988625, 2040800.076604350004345 ], [ 922736.042577031999826, 2040829.160113010089844 ], [ 922656.11520717095118, 2040845.448204880114645 ], [ 922612.630856476956978, 2040871.81150237005204 ], [ 922575.026843294035643, 2040907.47754161991179 ], [ 922512.159989009960555, 2040974.544481169898063 ], [ 922443.644996026996523, 2041023.160430009942502 ], [ 922357.721189292962663, 2041034.719904670026153 ], [ 922315.630031428998336, 2041006.193708369974047 ], [ 922305.146449791966006, 2040937.272855550050735 ], [ 922294.662868152954616, 2040868.352002710103989 ], [ 922223.982718460960314, 2040761.293226270005107 ], [ 922139.336005087941885, 2040722.537331599975005 ], [ 922085.251973347971216, 2040684.553900779923424 ], [ 922030.703544000047259, 2040664.866967909969389 ], [ 921963.233445610967465, 2040672.315796440001577 ], [ 921877.65793703799136, 2040670.152897699968889 ], [ 921803.146507150027901, 2040714.040229399921373 ], [ 921704.301031367969699, 2040752.73546556988731 ], [ 921587.582344208029099, 2040772.670725499978289 ], [ 921551.835921415942721, 2040735.150773009983823 ], [ 921467.769704986945726, 2040673.524255980039015 ], [ 921406.644341725972481, 2040671.979328359942883 ], [ 921334.570999142946675, 2040619.810045829974115 ], [ 921257.081716581946239, 2040540.041523599997163 ], [ 921185.124473368050531, 2040483.298116579884663 ], [ 921088.136587869026698, 2040448.807360989972949 ], [ 921021.711384003981948, 2040415.089069199981168 ], [ 920912.13416131795384, 2040303.459754890063778 ], [ 920892.573764494038187, 2040283.533043560106307 ], [ 920818.993522012024187, 2040208.574837710009888 ], [ 920780.925111350021325, 2040262.537375119980425 ], [ 920731.792621938046068, 2040270.449682069942355 ], [ 920683.00843069201801, 2040264.639615529915318 ], [ 920652.445749043021351, 2040263.867151760030538 ], [ 920663.742026590975001, 2040300.769133229972795 ], [ 920656.816794542013668, 2040332.633511940017343 ], [ 920655.6558006539708, 2040378.374756890116259 ], [ 920641.921435951953754, 2040437.529389800038189 ], [ 920629.115866355947219, 2040460.091026759939268 ], [ 920609.501164105953649, 2040509.942917929962277 ], [ 920603.156429004040547, 2040518.936674169963226 ], [ 920595.766799413016997, 2040569.097550839884207 ], [ 920582.032434722990729, 2040628.252183740027249 ], [ 920573.946208814973943, 2040705.857807350112125 ], [ 920584.778088817954995, 2040761.05628675990738 ], [ 920607.835041468031704, 2040816.563751650042832 ], [ 920649.6940006329678, 2040854.238196840044111 ], [ 920685.556522856000811, 2040887.184024790069088 ], [ 920714.14551487902645, 2040965.716604880057275 ], [ 920718.516560385003686, 2041034.482964969938621 ], [ 920705.014394480036572, 2041084.489348839968443 ], [ 920679.171056556981057, 2041138.760871689999476 ], [ 920653.908215572009794, 2041170.161772100022063 ], [ 920622.300639495952055, 2041210.556428730022162 ], [ 920596.68950036005117, 2041255.679702599998564 ], [ 920589.996467108023353, 2041278.395832279929891 ], [ 920570.497864297009073, 2041323.673598899971694 ], [ 920569.452969825943001, 2041364.840719280065969 ], [ 920568.059777201968245, 2041419.730213110102341 ], [ 920572.430822741007432, 2041488.496573149925098 ], [ 920571.269828886957839, 2041534.237818 ], [ 920575.756973810959607, 2041598.430053540039808 ], [ 920568.367344261030667, 2041648.590930110076442 ], [ 920572.622290421044454, 2041721.93141459999606 ], [ 920516.100171603960916, 2041780.004598150029778 ], [ 920509.871535907033831, 2041784.424229880096391 ], [ 920496.717668213997968, 2041820.708240249892697 ], [ 920495.208376222057268, 2041880.171858520014212 ], [ 920499.579421781003475, 2041948.938218499999493 ], [ 920498.186229177983478, 2042003.827712279977277 ], [ 920509.018109197029844, 2042059.026191540062428 ], [ 920525.730326757999137, 2042123.527412510011345 ], [ 920555.248113851994276, 2042165.466996560106054 ], [ 920547.974583707982674, 2042211.053748609963804 ], [ 920547.394086792948656, 2042233.92437100992538 ], [ 920527.895484038977884, 2042279.202137559885159 ], [ 920508.512980669969693, 2042319.905779629945755 ], [ 920470.328470858046785, 2042378.442441370105371 ], [ 920438.836994271026924, 2042414.262973469914868 ], [ 920382.547074323985726, 2042463.18790802010335 ], [ 920339.294922663946636, 2042480.402956729987636 ], [ 920308.500042377971113, 2042488.778741959948093 ], [ 920271.360427025007084, 2042506.148283409886062 ], [ 920234.220811681007035, 2042523.51782487006858 ], [ 920209.190169563982636, 2042545.770476280013099 ], [ 920202.381036979961209, 2042573.060730410041288 ], [ 920204.202439120970666, 2042585.034079799894243 ], [ 920212.864618893014267, 2042641.981583039974794 ], [ 920222.505430819001049, 2042685.066526950104162 ], [ 920229.344637728994712, 2042715.631052890093997 ], [ 920239.828219641000032, 2042784.551905510015786 ], [ 920250.892298448947258, 2042830.602135739987716 ], [ 920249.266907140961848, 2042894.639878389891237 ], [ 920242.341675181989558, 2042926.504256970016286 ], [ 920229.303906930028461, 2042958.214142800075933 ], [ 920210.153602379956283, 2042989.769535900093615 ], [ 920184.658562776981853, 2043030.318685200065374 ], [ 920159.279622553032823, 2043066.29371001990512 ], [ 920140.361516769044101, 2043088.700854169903323 ], [ 920109.102239013998769, 2043115.373137309914455 ], [ 920071.73042496398557, 2043141.890927710104734 ], [ 920040.819445344968699, 2043154.840837429976091 ], [ 920010.140664478996769, 2043158.642498220084235 ], [ 919931.025990747031756, 2043142.91171920998022 ], [ 919876.593660949962214, 2043118.650662210071459 ], [ 919840.498940041055903, 2043094.853083420079201 ], [ 919786.066610240959562, 2043070.592026429949328 ], [ 919504.309443678008392, 2043086.355983010027558 ], [ 919431.075107487966307, 2043079.927945750067011 ], [ 919340.548056741943583, 2043031.869310030015185 ], [ 919334.899917931994423, 2043013.418319389922544 ], [ 919323.487540935981087, 2042981.090462600113824 ], [ 919293.737555040977895, 2042948.299127609934658 ], [ 919257.526734738028608, 2042929.075673320097849 ], [ 919209.671338684973307, 2042886.672611190006137 ], [ 919118.912089159013703, 2042847.762224419973791 ], [ 919089.510401359992102, 2042801.248516000108793 ], [ 919036.006866473006085, 2042740.394463219912723 ], [ 918946.17641187296249, 2042664.891080630011857 ], [ 918886.212042551022023, 2042617.60490855993703 ], [ 918831.663613309967332, 2042597.917976089986041 ], [ 918752.200641385978088, 2042595.909570639953017 ], [ 918654.86445802799426, 2042575.141189109999686 ], [ 918569.288949807058088, 2042572.97829095995985 ], [ 918514.043924364028499, 2042580.73610540991649 ], [ 918457.870103996014223, 2042625.086915710009634 ], [ 918390.109757547033951, 2042643.9710559300147 ], [ 918322.349411100032739, 2042662.855196150019765 ], [ 918260.991849367972463, 2042670.45851790998131 ], [ 918211.975459606037475, 2042673.796700630104169 ], [ 918132.396388342953287, 2042676.362419750075787 ], [ 918039.663449587998912, 2042715.212149299914017 ], [ 917941.050173272960819, 2042744.759137189947069 ], [ 917898.494617899996229, 2042734.529439209960401 ], [ 917844.29448673396837, 2042701.120133399963379 ], [ 917698.174112346023321, 2042674.541685820091516 ], [ 917667.843629564973526, 2042664.620973289944232 ], [ 917643.857881802949123, 2042645.706504500005394 ], [ 917571.66843979305122, 2042598.111347110010684 ], [ 917498.898500976967625, 2042573.386812140000984 ], [ 917394.753185163950548, 2042579.908685 ], [ 917253.816552193951793, 2042590.077726109884679 ], [ 917173.773083523963578, 2042610.939943300094455 ], [ 917129.708236529957503, 2042660.173863670090213 ], [ 917092.684720676043071, 2042672.969280869932845 ], [ 917055.661204820964485, 2042685.764698070008308 ], [ 917006.412616373971105, 2042698.251129870070145 ], [ 916956.583531165961176, 2042733.608184089884162 ], [ 916899.945313554024324, 2042796.255492500029504 ], [ 916849.187433548970148, 2042868.205542590003461 ], [ 916811.002924202010036, 2042926.742204630048946 ], [ 916785.275686162989587, 2042976.439603120088577 ], [ 916752.971514428034425, 2043044.279006829950958 ], [ 916728.173071198980324, 2043057.3834094600752 ], [ 916708.558369469945319, 2043107.235300649888813 ], [ 916688.827568392036483, 2043161.661316310055554 ], [ 916662.519833630998619, 2043234.229337190045044 ], [ 916654.781906450982206, 2043298.112587210023776 ], [ 916646.811780577991158, 2043371.144086170010269 ], [ 916638.957754055038095, 2043439.601460650097579 ], [ 916625.687787338043563, 2043480.459595560096204 ], [ 916593.731913715950213, 2043534.576625789981335 ], [ 916568.120775080984458, 2043579.699899770086631 ], [ 916548.738272087997757, 2043620.403541970066726 ], [ 916503.512431790004484, 2043715.378707089927047 ], [ 916484.24602815695107, 2043751.50822481000796 ], [ 916459.911982357967645, 2043746.316129540093243 ], [ 916410.663394032046199, 2043758.802561389980838 ], [ 916348.377037715981714, 2043802.998879190068692 ], [ 916292.087118349969387, 2043851.923814160050824 ], [ 916248.138370912056416, 2043896.583610049914569 ], [ 916148.944598239962943, 2043949.001220650039613 ], [ 916202.91253070300445, 2043991.558775170007721 ], [ 916033.503004906000569, 2043918.621112630004063 ], [ 915935.818523708032444, 2043911.575105079915375 ], [ 915916.784318802994676, 2043938.556373870000243 ], [ 915873.183869433007203, 2043969.493796369992197 ], [ 915842.505088677047752, 2043973.295457389904186 ], [ 915805.829870973015204, 2043972.368501249933615 ], [ 915763.158216336974874, 2043966.712927950080484 ], [ 915727.179594679968432, 2043938.341224950039759 ], [ 915679.208099127979949, 2043900.512287630001083 ], [ 915649.225914407987148, 2043876.869201800087467 ], [ 915601.138319510035217, 2043843.614388959947973 ], [ 915582.684611317003146, 2043847.725035370094702 ], [ 915540.245155342039652, 2043832.921213119989261 ], [ 915491.228765730978921, 2043836.259396109962836 ], [ 915459.737289607990533, 2043872.079928500112146 ], [ 915446.351223662029952, 2043917.512187900021672 ], [ 915407.81841656495817, 2043989.771223420044407 ], [ 915363.173073198995553, 2044061.875766250072047 ], [ 915336.400941341998987, 2044152.740285030100495 ], [ 915305.373862594016828, 2044170.264319509966299 ], [ 915256.473572354996577, 2044169.028378040064126 ], [ 915207.341083441046067, 2044176.940685529960319 ], [ 915194.419414869043976, 2044204.076447020052001 ], [ 915168.808276402996853, 2044249.199721049983054 ], [ 915143.197137939976528, 2044294.32299506990239 ], [ 915099.132291313959286, 2044343.55691551999189 ], [ 915073.172854861011729, 2044402.402562960051 ], [ 915077.660000473028049, 2044466.594798279926181 ], [ 915107.874383855029009, 2044481.089635099982843 ], [ 915137.740469236043282, 2044509.306845339946449 ], [ 915113.174224796006456, 2044513.262999089900404 ], [ 915076.15070913603995, 2044526.058416429907084 ], [ 915038.546696817036718, 2044561.724456140073016 ], [ 915031.621465213014744, 2044593.588834770023823 ], [ 915036.689107490004972, 2044634.910447699949145 ], [ 915017.07440600998234, 2044684.762338849948719 ], [ 914993.785254232003354, 2044638.403123419964686 ], [ 914951.810195632977411, 2044605.302803359925747 ], [ 914915.134977977955714, 2044604.3758472900372 ], [ 914871.998926062020473, 2044617.016771960072219 ], [ 914854.822310548974201, 2044570.812049200059846 ], [ 914856.331601856974885, 2044511.348431050078943 ], [ 914864.069528777967207, 2044447.465181089937687 ], [ 914828.323105768999085, 2044409.945229229982942 ], [ 914804.569556646049023, 2044381.882511670002714 ], [ 914774.703471248038113, 2044353.665301430039108 ], [ 914733.773306600051001, 2044279.397861080011353 ], [ 914704.487717848038301, 2044228.310028460109606 ], [ 914688.007698305998929, 2044154.660558799980208 ], [ 914671.992076087044552, 2044062.714591220021248 ], [ 914630.133116767043248, 2044025.040146650047973 ], [ 914569.820449269027449, 2043991.476348540047184 ], [ 914545.834701462998055, 2043972.561879920074716 ], [ 914535.351118855993263, 2043903.641027380013838 ], [ 914544.017840408952907, 2043803.164781499886885 ], [ 914558.216601600986905, 2043725.713650679914281 ], [ 914541.272184723056853, 2043670.3606788800098 ], [ 914499.645424033980817, 2043623.537985319970176 ], [ 914445.096994785009883, 2043603.851053310092539 ], [ 914414.302114699035883, 2043612.226838889997452 ], [ 914364.124731790972874, 2043661.306266790023074 ], [ 914301.606176994042471, 2043714.650833830004558 ], [ 914209.172942094039172, 2043762.423851530067623 ], [ 914170.340431835968047, 2043825.75959971989505 ], [ 914162.54952924803365, 2043888.246262759901583 ], [ 914154.980677429004572, 2043948.951975350035354 ], [ 914110.567532888031565, 2044011.908269369974732 ], [ 914060.27405072900001, 2044065.561821759911254 ], [ 913897.258108295034617, 2044100.788270199904218 ], [ 913832.717016477021389, 2044114.735086750006303 ], [ 913661.968279937980697, 2044152.770135669969022 ], [ 913611.272518559009768, 2044164.062844509957358 ], [ 913531.345149653032422, 2044180.350937790004537 ], [ 913457.762515667942353, 2044187.645274779992178 ], [ 913347.156366065028124, 2044207.735029249917716 ], [ 913223.976845958968624, 2044241.238171850098297 ], [ 913150.974708587978967, 2044225.66188648995012 ], [ 913071.743935615988448, 2044214.505232949974015 ], [ 912949.377110754023306, 2044215.989504270022735 ], [ 912894.712582207052037, 2044200.876696910010651 ], [ 912814.320816077990457, 2044235.461288210004568 ], [ 912702.669772690045647, 2044296.718163139885291 ], [ 912615.933271683985367, 2044340.296510790009052 ], [ 912548.927571280044504, 2044329.448842640034854 ], [ 912482.037970185978338, 2044314.027050009928644 ], [ 912402.691097912029363, 2044307.444521059980616 ], [ 912360.135542607982643, 2044297.214823530055583 ], [ 912316.999490745947696, 2044309.85574842011556 ], [ 912259.200280803022906, 2044418.244302110048011 ], [ 912189.640395589987747, 2044508.02737258002162 ], [ 912084.101888617966324, 2044569.43874027999118 ], [ 912016.515691693057306, 2044581.461694600060582 ], [ 911961.386765933944844, 2044584.645385270006955 ], [ 912063.822195903980173, 2045488.915006259921938 ], [ 912557.855053337058052, 2045423.591548319905996 ], [ 912596.463231993024237, 2045589.341477819951251 ], [ 913123.302343706018291, 2045556.886601249920204 ], [ 913482.159765899996273, 2045877.196624449919909 ], [ 914132.642794574960135, 2045792.942108399933204 ], [ 914167.140256491024047, 2045795.147914509987459 ], [ 915487.65253311698325, 2045879.582938930019736 ], [ 915671.492641304968856, 2045891.337880270089954 ], [ 915759.001109163044021, 2046058.323751050047576 ], [ 915764.58572788303718, 2046133.521735910093412 ], [ 915770.721055845962837, 2046319.51232317998074 ], [ 916040.444617960951291, 2046536.874218869954348 ], [ 916283.320677460054867, 2046607.09166863001883 ], [ 916288.272220334969461, 2046652.987405850086361 ], [ 916432.883302345988341, 2046739.029470480047166 ], [ 916524.455246818019077, 2046745.920985250035301 ], [ 916566.198106536990963, 2046788.169554139953107 ], [ 916595.83199308195617, 2046825.535013190004975 ], [ 916649.219428595039062, 2046890.963189699919894 ], [ 916721.408870217041112, 2046938.558346469886601 ], [ 916774.912405051058158, 2046999.412398519925773 ], [ 916785.628186115995049, 2047059.185001729987562 ], [ 916783.074000610969961, 2047159.815739579964429 ], [ 916799.554019902017899, 2047233.465208800043911 ], [ 916928.149479825049639, 2047227.561306420015171 ], [ 918679.510259686969221, 2046905.661770760081708 ], [ 918925.172703488962725, 2046866.100234840065241 ], [ 918973.260298019973561, 2046899.355047669960186 ], [ 919049.588586629019119, 2047024.864812949905172 ], [ 919084.290115033043548, 2047103.551884759915993 ], [ 919119.572140231961384, 2047159.368334359955043 ], [ 919209.750892346026376, 2047221.149342840071768 ], [ 919263.486625644960441, 2047272.855146140092984 ], [ 919304.068491550977342, 2047360.844959520036355 ] ] ] } },
{ "type": "Feature", "properties": { "ID": 647.0, "ENTIDAD": 30, "DISTRITO_F": 19, "DISTRITO_L": 25, "MUNICIPIO": 34, "SECCION": 650, "TIPO": 4, "CONTROL": 1715.0, "GEOMETRY1_": null, "SECCION_KEY": "650", "morena": 131, "pt": 123, "verde": 95, "verde-morena": 14, "pan": 51, "pri": 2, "mc": 221, "V_4T_25": 363, "V_ALI_25": 53, "V_MC_25": 221, "TOTAL_25": 637, "GANADOR_25": "4T", "MARGEN_VICTORIA": 0.22291993720565148, "GANADOR_21": "4T", "PERFIL_POLITICO": "BASTION" }, "geometry": { "type": "Polygon", "coordinates": [ [ [ 922357.721189292962663, 2041034.719904670026153 ], [ 922443.644996026996523, 2041023.160430009942502 ], [ 922512.159989009960555, 2040974.544481169898063 ], [ 922575.026843294035643, 2040907.47754161991179 ], [ 922612.630856476956978, 2040871.81150237005204 ], [ 922656.11520717095118, 2040845.448204880114645 ], [ 922736.042577031999826, 2040829.160113010089844 ], [ 922852.993463066988625, 2040800.076604350004345 ], [ 922982.866018217988312, 2040743.857334360014647 ], [ 923044.571878527989611, 2040722.53163972008042 ], [ 923149.52989077300299, 2040683.990896600065753 ], [ 923203.846121279988438, 2040712.82607852993533 ], [ 924691.156407130998559, 2040574.72776168002747 ], [ 924804.012715387041681, 2040564.248935499927029 ], [ 925141.212572589050978, 2040532.939576470060274 ], [ 927226.905290619004518, 2040292.723166499985382 ], [ 928002.111776320030913, 2040596.09396628011018 ], [ 928049.154475849005394, 2040670.515900539932773 ], [ 928074.243168159970082, 2040645.976187259890139 ], [ 928099.331860476057045, 2040621.436473990092054 ], [ 928137.516371333040297, 2040562.899812829913571 ], [ 928224.485073463991284, 2040510.173218820011243 ], [ 928347.896794745000079, 2040467.52183081000112 ], [ 928385.036410589003935, 2040450.152289940044284 ], [ 928416.643987350049429, 2040409.757633849978447 ], [ 928477.653251299052499, 2040415.876686709932983 ], [ 928594.255839574965648, 2040400.515552770113572 ], [ 928661.958137133973651, 2040383.918476120103151 ], [ 928760.339215856045485, 2040363.519739209907129 ], [ 928847.307918098988011, 2040310.793145309900865 ], [ 928946.733891960000619, 2040249.227288160007447 ], [ 929014.552289010956883, 2040228.0560870799236 ], [ 932241.178138653049245, 2039893.613178810104728 ], [ 932884.217567706014961, 2039826.961518849944696 ], [ 932920.196188895963132, 2039855.333223 ], [ 932960.894152558990754, 2039938.748913659946993 ], [ 933002.520912135951221, 2039985.571608569938689 ], [ 933032.270897469017655, 2040018.362944290041924 ], [ 933080.706790331983939, 2040037.895385280018672 ], [ 933147.944690215052105, 2040039.594807079993188 ], [ 933204.002412816975266, 2039999.818122900091112 ], [ 933254.179798054974526, 2039950.738696899963543 ], [ 933297.780248983995989, 2039919.801275880075991 ], [ 933382.659160990966484, 2039949.40892319008708 ], [ 933436.627092740032822, 2039991.966479449998587 ], [ 933473.418410358019173, 2039988.319312349893153 ], [ 933504.213291116990149, 2039979.943527889903635 ], [ 933547.233244588016532, 2039971.876729229930788 ], [ 933632.228256074013188, 2039996.910252100089565 ], [ 933692.424823659006506, 2040035.04817679990083 ], [ 933710.762432717019692, 2040035.511655489914119 ], [ 933784.577266955049708, 2040019.069072399986908 ], [ 933782.255277034942992, 2040110.55156170995906 ], [ 933899.670562220038846, 2040063.17155766999349 ], [ 933985.478270179009996, 2040056.186209340114146 ], [ 934033.681964023970068, 2040084.866899329936132 ], [ 934094.110730577958748, 2040113.856575120007619 ], [ 934184.986079397029243, 2040148.192839900031686 ], [ 934256.943321648985147, 2040204.936248289886862 ], [ 934347.934769948944449, 2040234.698388610035181 ], [ 934403.063696630997583, 2040231.514700280036777 ], [ 934459.469717827043496, 2040178.015642869984731 ], [ 934522.68487240804825, 2040097.226331589976326 ], [ 934609.769674916053191, 2040039.925614259904251 ], [ 934640.564555705990642, 2040031.549829869996756 ], [ 934750.358011111035012, 2040043.478951150085777 ], [ 934798.91000344697386, 2040058.437267810106277 ], [ 934915.280393225955777, 2040052.224384170025587 ], [ 934995.556062408955768, 2040022.213920769980177 ], [ 935082.75696450099349, 2039960.339079059893265 ], [ 935126.937913093017414, 2039906.531035890104249 ], [ 935194.64021107100416, 2039889.933960089925677 ], [ 935274.451482263975777, 2039878.219994579907507 ], [ 935316.774838741053827, 2039897.59794284007512 ], [ 935406.489192464970984, 2039977.675452440045774 ], [ 935483.746274437988177, 2040066.592225119937211 ], [ 935578.760467906016856, 2040178.843098839977756 ], [ 935650.949909075978212, 2040226.438258450012654 ], [ 935729.135787084000185, 2040278.762035439955071 ], [ 935837.768247346044518, 2040336.432401479920372 ], [ 935934.640032932977192, 2040375.497283860109746 ], [ 935989.420661106007174, 2040386.035969059914351 ], [ 936082.618000115966424, 2040328.889744939981028 ], [ 936120.918611458037049, 2040265.778960070107132 ], [ 936129.120939076994546, 2040183.599212740082294 ], [ 936156.24137335899286, 2040079.012321880087256 ], [ 936225.685164110967889, 2039993.803379310062155 ], [ 936245.764265939011239, 2039925.654991189949214 ], [ 936235.628984514041804, 2039843.011765039991587 ], [ 936207.039994482998736, 2039764.47918457002379 ], [ 936221.935356089961715, 2039659.5833077901043 ], [ 936241.550059873959981, 2039609.731417479924858 ], [ 936310.877751201041974, 2039529.096599329961464 ], [ 936348.946163612999953, 2039475.134063330013305 ], [ 936400.981141551048495, 2039352.868646220071241 ], [ 936475.956971236038953, 2039290.684818859910592 ], [ 936544.007567930966616, 2039260.365369840059429 ], [ 936623.818839285057038, 2039248.651404550066218 ], [ 936679.063865649048239, 2039240.893592010019347 ], [ 936723.825312108965591, 2039164.21492663002573 ], [ 936743.672215010039508, 2039105.214787370059639 ], [ 936812.767707456019707, 2039033.728218179894611 ], [ 936843.67868788598571, 2039020.778309460030869 ], [ 936893.972173150978051, 2038967.124759339960292 ], [ 936932.388884251005948, 2038899.439849949907511 ], [ 936946.587648918968625, 2038821.988719870103523 ], [ 936967.131149018998258, 2038735.543833790114149 ], [ 936981.213814176036976, 2038662.66682815994136 ], [ 936982.95530706003774, 2038594.054961120011285 ], [ 936983.768003741046414, 2038562.036089830100536 ], [ 936991.27373442996759, 2038507.301089130109176 ], [ 936998.315067015006207, 2038470.86258629988879 ], [ 937005.704698182991706, 2038420.701710060006008 ], [ 937018.742467624950223, 2038388.991824639961123 ], [ 937118.865040236967616, 2038299.981222240021452 ], [ 937175.271061997977085, 2038246.482165039982647 ], [ 937195.350164063973352, 2038178.333776779938489 ], [ 937223.422571533010341, 2038139.759341849945486 ], [ 937264.793955318047665, 2038093.124834150075912 ], [ 937358.80399166001007, 2038003.95973883010447 ], [ 937343.928999054944143, 2037987.564070810098201 ], [ 937336.491502751945518, 2037979.366236800095066 ], [ 937329.054006453021429, 2037971.168402800103649 ], [ 937289.438619486987591, 2037965.590074189938605 ], [ 937249.823232518974692, 2037960.011745590018108 ], [ 937176.356696381000802, 2037962.731954749906436 ], [ 937136.567160120001063, 2037964.014812869951129 ], [ 937096.777623859001324, 2037965.297670989995822 ], [ 936943.732015219982713, 2037970.583596430020407 ], [ 936778.577433352009393, 2037970.986411570105702 ], [ 936601.197778729023412, 2037971.080240889918059 ], [ 936497.052461182000116, 2037977.602109940024093 ], [ 936355.999726306996308, 2037992.345270369900391 ], [ 936307.099435252021067, 2037991.109326909994707 ], [ 936219.010474684997462, 2037846.994074139976874 ], [ 936118.464242276968434, 2037711.71808443008922 ], [ 936060.705764528014697, 2037577.523545200005174 ], [ 935965.459371807053685, 2037474.420919730095193 ], [ 935900.311262913048267, 2037390.387256829999387 ], [ 935810.596908933948725, 2037310.309746670071036 ], [ 935713.725122875999659, 2037271.244863949948922 ], [ 935598.399628128041513, 2037236.290626930072904 ], [ 935477.658194088959135, 2037173.737150100059807 ], [ 935393.243679812992923, 2037125.833004290005192 ], [ 935364.770789158996195, 2037042.726298910100013 ], [ 935378.505155656952411, 2036983.571666429983452 ], [ 935423.150502659962513, 2036911.467125120107085 ], [ 935504.238869001972489, 2036849.437790340045467 ], [ 935597.087910072994418, 2036806.01393937994726 ], [ 935628.114990114001557, 2036788.48990607005544 ], [ 935599.642099487944506, 2036705.383200630079955 ], [ 935572.214104534010403, 2036581.109374769963324 ], [ 935550.434247895958833, 2036475.28653977997601 ], [ 935491.514774793991819, 2036386.833245150046423 ], [ 935400.755524985026568, 2036347.922855289885774 ], [ 935260.515486398013309, 2036330.647144489921629 ], [ 935168.246942862984724, 2036351.200373070081696 ], [ 935026.962008644011803, 2036375.09178276010789 ], [ 934851.323846359970048, 2036306.57374509004876 ], [ 934711.896504368982278, 2036257.279162959894165 ], [ 934548.483414822025225, 2036189.070111189968884 ], [ 934451.611628556041978, 2036150.005228519905359 ], [ 934312.532585051958449, 2036086.988272960064933 ], [ 934251.987718624994159, 2036062.572721309959888 ], [ 934118.324614429962821, 2036027.155005679931492 ], [ 934009.227755332016386, 2035987.781137239886448 ], [ 933882.83818259194959, 2035906.776669570012018 ], [ 933877.190044221002609, 2035888.325678660068661 ], [ 933831.656638729968108, 2035754.440124850021675 ], [ 933766.856827966985293, 2035656.684088279958814 ], [ 933708.401752599980682, 2035549.934295590035617 ], [ 933710.839842241955921, 2035453.877681019948795 ], [ 933712.465235342038795, 2035389.839937960030511 ], [ 933707.978092032950372, 2035325.647701980080456 ], [ 933704.768043308053166, 2035211.14009643997997 ], [ 933720.011703319963999, 2035092.521845099981874 ], [ 933735.13926383596845, 2034978.477718240115792 ], [ 933755.682763722026721, 2034892.032831330085173 ], [ 933763.885091291042045, 2034809.853083089925349 ], [ 933766.787579013966024, 2034695.499970349948853 ], [ 933757.581093430984765, 2034576.263747239951044 ], [ 933716.302632158971392, 2034515.718678189907223 ], [ 933663.147396581014618, 2034441.142249759985134 ], [ 933579.545578424003907, 2034361.219232229981571 ], [ 933514.899548038025387, 2034377.893554690061137 ], [ 933450.253517654025927, 2034394.567877149907872 ], [ 933350.59534292598255, 2034465.281982759945095 ], [ 933287.1479886820307, 2034555.219543900107965 ], [ 933248.382979115005583, 2034636.626827660016716 ], [ 933209.385770553955808, 2034727.182360430015251 ], [ 933116.768928374047391, 2034761.457962889922783 ], [ 933055.29526576900389, 2034773.635407350026071 ], [ 933018.503947808989324, 2034777.282574410084635 ], [ 933016.530256262980402, 2034855.042691099923104 ], [ 933038.890610844944604, 2034937.9949039099738 ], [ 933042.797256706049666, 2035025.057762489886954 ], [ 933021.789358934969641, 2035129.799147479934618 ], [ 932972.656868690042756, 2035137.711453249910846 ], [ 932907.160460749990307, 2035067.400163660058752 ], [ 932877.990972731960937, 2035011.738205030094832 ], [ 932817.910504176048562, 2034969.026155390078202 ], [ 932745.02446529304143, 2034948.875742509961128 ], [ 932665.561492006992921, 2034946.867334770038724 ], [ 932574.918341396027245, 2034903.382820629980415 ], [ 932545.632753849029541, 2034852.294986499939114 ], [ 932505.166988968034275, 2034759.731045949971303 ], [ 932464.701224077027291, 2034667.167105379980057 ], [ 932362.41349809197709, 2034600.502982869977131 ], [ 932301.984730978962034, 2034571.513306780019775 ], [ 932222.40565815102309, 2034574.079023600090295 ], [ 932113.308798745973036, 2034534.705155309988186 ], [ 932045.838699240004644, 2034542.153982470044866 ], [ 931985.061633629025891, 2034526.886679949937388 ], [ 931913.568788620992564, 2034451.846772939898074 ], [ 931890.279637926956639, 2034405.487556189997122 ], [ 931878.635062578949146, 2034382.307947810040787 ], [ 931866.990487225004472, 2034359.128339430084452 ], [ 931777.508331438992172, 2034269.902580159949139 ], [ 931710.967027866048738, 2034240.7584112000186 ], [ 931629.878661605995148, 2034302.787746839923784 ], [ 931609.102963029057719, 2034398.380883039906621 ], [ 931575.753893172019161, 2034507.387407 ], [ 931536.176187434000894, 2034620.813562559895217 ], [ 931472.728833544999361, 2034710.751123969908804 ], [ 931378.834897137014195, 2034795.342096420004964 ], [ 931292.330591549049132, 2034829.772192100062966 ], [ 931103.190261448035017, 2034811.26053905999288 ], [ 931018.195249208016321, 2034786.227016079938039 ], [ 930859.501501647988334, 2034773.061952060088515 ], [ 930677.518603306030855, 2034713.537671379977837 ], [ 930575.579175628954545, 2034633.151175589999184 ], [ 930454.953840262023732, 2034566.023574719903991 ], [ 930369.726629015989602, 2034550.138300860067829 ], [ 930254.633332622004673, 2034506.035815489944071 ], [ 930120.970228029997088, 2034470.618100550025702 ], [ 930022.937446563038975, 2034477.294463580008596 ], [ 929942.313478493015282, 2034521.027301419992 ], [ 929821.107645667972974, 2034476.7703232599888 ], [ 929723.539262120961212, 2034465.15018825000152 ], [ 929630.458022317034192, 2034517.722289439989254 ], [ 929543.953716838965192, 2034552.152385429944843 ], [ 929433.811962074949406, 2034553.945638309931383 ], [ 929415.590452332980931, 2034548.908035180065781 ], [ 929341.659518108004704, 2034569.924743369920179 ], [ 929279.95365669997409, 2034591.250437309965491 ], [ 929265.75489285797812, 2034668.701568450080231 ], [ 929281.770512614049949, 2034760.647537460085005 ], [ 929237.937862552003935, 2034800.733208080055192 ], [ 929151.897955044056289, 2034816.866806050064042 ], [ 929065.393649659003131, 2034851.296902120113373 ], [ 929002.991191477980465, 2034900.06734321010299 ], [ 928964.80667997803539, 2034958.604004790075123 ], [ 928932.386406474048272, 2035031.017532790079713 ], [ 928954.746761625050567, 2035113.969745570095256 ], [ 928941.476793613051996, 2035154.827880509896204 ], [ 928872.961799090029672, 2035203.443828739924356 ], [ 928828.316452831029892, 2035275.548371 ], [ 928771.794332199031487, 2035333.621553990058601 ], [ 928741.231650221976452, 2035332.849089700030163 ], [ 928728.077781699015759, 2035369.13310011010617 ], [ 928702.002243596944027, 2035432.552871909923851 ], [ 928652.173156720004044, 2035467.909925180021673 ], [ 928610.314197686035186, 2035430.235479050083086 ], [ 928581.144709300016984, 2035374.573520570062101 ], [ 928576.889764348976314, 2035301.233035440091044 ], [ 928553.600613418035209, 2035254.873818829888478 ], [ 928486.594911996042356, 2035244.026148380013183 ], [ 928388.794329665950499, 2035241.554262690013275 ], [ 928297.338482660008594, 2035230.088620830094442 ], [ 928207.15972974197939, 2035168.30760928010568 ], [ 928124.254507828038186, 2035060.939845379907638 ], [ 928064.754536323016509, 2034995.35717355995439 ], [ 928016.66694137500599, 2034962.102359090000391 ], [ 927924.86279594397638, 2034964.359090839978307 ], [ 927820.369179885019548, 2034984.603335000108927 ], [ 927710.807922567008063, 2034963.525965630076826 ], [ 927589.369890831992961, 2034928.417237020097673 ], [ 925776.233938868972473, 2034310.458312389906496 ], [ 925735.071576284011826, 2034245.339119120035321 ], [ 925656.65349805902224, 2034202.163591549964622 ], [ 925560.013910059002228, 2034153.950460959924385 ], [ 925354.857959544053301, 2034043.492840549908578 ], [ 925246.573795899981633, 2033972.100101649994031 ], [ 925149.934207848040387, 2033923.886971089988947 ], [ 925064.939195386948995, 2033898.853448879905045 ], [ 924985.592321567004547, 2033892.270917650079355 ], [ 924887.907838538056239, 2033885.224907970055938 ], [ 924814.673501120996661, 2033878.796869579935446 ], [ 924733.817334617953748, 2033931.677957389969379 ], [ 924689.984684861032292, 2033971.763628500048071 ], [ 924646.73253229400143, 2033988.978676930069923 ], [ 924586.652063188957982, 2033946.266627900069579 ], [ 924550.789540820056573, 2033913.320799229899421 ], [ 924466.491124958964065, 2033860.842529860092327 ], [ 924375.267476639011875, 2033840.228639459935948 ], [ 924265.125721934949979, 2033842.021893329918385 ], [ 924216.109331269050017, 2033845.360075359931216 ], [ 924105.967576571041718, 2033847.153329269960523 ], [ 924026.04020559694618, 2033863.441420869901776 ], [ 923929.168418593006209, 2033824.376539570046589 ], [ 922867.293942440999672, 2033248.290860370034352 ], [ 922824.506187585997395, 2033247.20941076008603 ], [ 922757.152187673025765, 2033250.084114510100335 ], [ 922641.130095344036818, 2033242.574626780115068 ], [ 922555.554585632984526, 2033240.411727610044181 ], [ 922783.001346632023342, 2035513.735532359918579 ], [ 922817.571341797010973, 2035859.261633809888735 ], [ 922882.431737774051726, 2036507.539413939928636 ], [ 922669.886157696950249, 2036447.242672039894387 ], [ 921562.448765133973211, 2036943.32572183990851 ], [ 921559.374007615027949, 2036944.608144500060007 ], [ 920832.984466396970674, 2037247.571353629929945 ], [ 921050.597688055946492, 2037349.18970814999193 ], [ 921043.091958908014931, 2037403.924709599930793 ], [ 921035.818428558995947, 2037449.511462009977549 ], [ 921039.841175741050392, 2037532.000196089968085 ], [ 921062.782028998946771, 2037592.081785880029202 ], [ 921080.306942285038531, 2037624.564135800115764 ], [ 921115.588967649964616, 2037680.380586599931121 ], [ 921139.226417287951335, 2037713.017429270083085 ], [ 921169.440800877055153, 2037727.512266660109162 ], [ 921224.337528693955392, 2037733.476826089899987 ], [ 921261.128846238949336, 2037729.829658190021291 ], [ 921290.878832224057987, 2037762.620993640040979 ], [ 921319.583923607948236, 2037836.579449709970504 ], [ 921342.292578032007441, 2037905.80928849009797 ], [ 921359.236994297010824, 2037961.162260960089043 ], [ 921376.76190756005235, 2037993.644610849907622 ], [ 921342.026155377039686, 2038271.06327094999142 ], [ 921323.060809548944235, 2038422.530865489970893 ], [ 921272.999524769023992, 2038467.036168440012261 ], [ 921229.399074538028799, 2038497.973590630106628 ], [ 921197.559299421962351, 2038547.516496400116012 ], [ 921146.569219487952068, 2038628.614795420086011 ], [ 921133.067053430946544, 2038678.621179470093921 ], [ 921125.213026138953865, 2038747.078554319916293 ], [ 921130.280667918967083, 2038788.400167640065774 ], [ 921135.348309698980302, 2038829.721780959982425 ], [ 921133.722918153041974, 2038893.759524039924145 ], [ 921144.903096279012971, 2038935.235630119917914 ], [ 921125.404493284993805, 2038980.513396879890934 ], [ 921105.905890300986357, 2039025.791163630085066 ], [ 921043.735632315045223, 2039065.413356550037861 ], [ 920974.640142239048146, 2039136.899928230093792 ], [ 920959.744783494970761, 2039241.795806290116161 ], [ 920970.584136047982611, 2039290.237048239912838 ], [ 920976.224802215001546, 2039315.445276620099321 ], [ 920998.933456668979488, 2039384.675115189980716 ], [ 921027.522448666044511, 2039463.207695520017296 ], [ 921044.350765562034212, 2039523.1347923099529 ], [ 921055.066546119982377, 2039582.907396340044215 ], [ 921041.796578902052715, 2039623.765531319892034 ], [ 921009.840704499045387, 2039677.882561509963125 ], [ 920977.652631320990622, 2039741.147840700112283 ], [ 920964.266564726014622, 2039786.580100170103833 ], [ 920949.951702993013896, 2039868.605355619918555 ], [ 920948.790709074004553, 2039914.346600590040907 ], [ 920959.15819146798458, 2039987.84157807007432 ], [ 920975.986508365953341, 2040047.768674799939618 ], [ 920968.364679944003001, 2040107.077800489962101 ], [ 920943.217938269022852, 2040133.904576430097222 ], [ 920880.931581048993394, 2040178.100893809925765 ], [ 920818.993522012024187, 2040208.574837710009888 ], [ 920892.573764494038187, 2040283.533043560106307 ], [ 920912.13416131795384, 2040303.459754890063778 ], [ 921021.711384003981948, 2040415.089069199981168 ], [ 921088.136587869026698, 2040448.807360989972949 ], [ 921185.124473368050531, 2040483.298116579884663 ], [ 921257.081716581946239, 2040540.041523599997163 ], [ 921334.570999142946675, 2040619.810045829974115 ], [ 921406.644341725972481, 2040671.979328359942883 ], [ 921467.769704986945726, 2040673.524255980039015 ], [ 921551.835921415942721, 2040735.150773009983823 ], [ 921587.582344208029099, 2040772.670725499978289 ], [ 921704.301031367969699, 2040752.73546556988731 ], [ 921803.146507150027901, 2040714.040229399921373 ], [ 921877.65793703799136, 2040670.152897699968889 ], [ 921963.233445610967465, 2040672.315796440001577 ], [ 922030.703544000047259, 2040664.866967909969389 ], [ 922085.251973347971216, 2040684.553900779923424 ], [ 922139.336005087941885, 2040722.537331599975005 ], [ 922223.982718460960314, 2040761.293226270005107 ], [ 922294.662868152954616, 2040868.352002710103989 ], [ 922305.146449791966006, 2040937.272855550050735 ], [ 922315.630031428998336, 2041006.193708369974047 ], [ 922357.721189292962663, 2041034.719904670026153 ] ] ] } },
{ "type": "Feature", "properties": { "ID": 648.0, "ENTIDAD": 30, "DISTRITO_F": 19, "DISTRITO_L": 25, "MUNICIPIO": 34, "SECCION": 651, "TIPO": 4, "CONTROL": 1711.0, "GEOMETRY1_": null, "SECCION_KEY": "651", "morena": 188, "pt": 99, "verde": 46, "verde-morena": 12, "pan": 8, "pri": 0, "mc": 293, "V_4T_25": 345, "V_ALI_25": 8, "V_MC_25": 293, "TOTAL_25": 646, "GANADOR_25": "4T", "MARGEN_VICTORIA": 0.080495356037151702, "GANADOR_21": "4T", "PERFIL_POLITICO": "BASTION" }, "geometry": { "type": "Polygon", "coordinates": [ [ [ 906554.667463785968721, 2036439.225695260101929 ], [ 906523.507056026021019, 2036489.211682939901948 ], [ 906492.22729585703928, 2036548.363501559942961 ], [ 906461.00721190602053, 2036602.932404709979892 ], [ 906442.167744367034175, 2036643.922994429944083 ], [ 906429.190365895978175, 2036703.330462499987334 ], [ 906428.59360383101739, 2036749.159617149969563 ], [ 906445.523432767018676, 2036854.822322289925069 ], [ 906444.568613472045399, 2036928.148969700094312 ], [ 906447.506451774039306, 2036942.387793819885701 ], [ 906450.281512025045231, 2036958.023136700037867 ], [ 906453.137961301021278, 2036972.960220200009644 ], [ 906455.994410575018264, 2036987.897303699981421 ], [ 906486.1999989929609, 2037011.237963439896703 ], [ 906534.707969074021094, 2037034.834272660082206 ], [ 906589.197380622965284, 2037067.681629280094057 ], [ 906650.026290885056369, 2037082.282540560001507 ], [ 906711.034229771001264, 2037083.134705449920148 ], [ 906778.08328633394558, 2037088.655002309940755 ], [ 906832.930755126057193, 2037094.004866190021858 ], [ 906869.117784993024543, 2037126.596573360031471 ], [ 906880.36455342604313, 2037200.093653700081632 ], [ 906885.749232806032524, 2037255.173855710076168 ], [ 906878.932324414025061, 2037310.083624729886651 ], [ 906872.771854321006685, 2037314.581323700025678 ], [ 906848.129973944975063, 2037332.572119570104405 ], [ 906817.327623471035622, 2037355.060614410089329 ], [ 906756.021303578978404, 2037377.123026800109074 ], [ 906700.87545378296636, 2037394.687740240013227 ], [ 906639.628810103982687, 2037412.167237190064043 ], [ 906578.441842640982941, 2037425.063818689901382 ], [ 906535.43790442601312, 2037447.381880569970235 ], [ 906504.695230177952908, 2037465.28745996998623 ], [ 906449.131646969006397, 2037514.93258164008148 ], [ 906411.989797829999588, 2037555.667521849973127 ], [ 906362.765713340952061, 2037587.066198169952258 ], [ 906338.064156793989241, 2037609.639909520046785 ], [ 906331.306924671051092, 2037659.966763070086017 ], [ 906336.631927912007086, 2037719.62988049001433 ], [ 906348.296429840032943, 2037761.046552570071071 ], [ 906347.87869641603902, 2037793.126960759982467 ], [ 906359.423845947952941, 2037843.709463740000501 ], [ 906370.909319269005209, 2037898.874882169999182 ], [ 906412.839085779036395, 2037959.049298469908535 ], [ 906460.809969956986606, 2038023.891846709884703 ], [ 906423.668120856047608, 2038064.626786889974028 ], [ 906411.227828289032914, 2038082.788015729980543 ], [ 906380.306125486968085, 2038114.442341489950195 ], [ 906349.503775088000111, 2038136.930836339946836 ], [ 906312.540954614058137, 2038163.917030160082504 ], [ 906403.157719718990847, 2038233.939009190071374 ], [ 906469.251956898951903, 2038312.785953189944848 ], [ 906499.338192851981148, 2038345.292443769983947 ], [ 906523.383311128010973, 2038373.130802409956232 ], [ 906559.510664748027921, 2038410.305424920050427 ], [ 906577.454989147023298, 2038438.058567069936544 ], [ 906589.119491060962901, 2038479.475239089922979 ], [ 906607.004139255033806, 2038511.811296690022573 ], [ 906631.049257518956438, 2038539.64965531998314 ], [ 906679.19917025603354, 2038590.743457139935344 ], [ 906733.330524445977062, 2038651.088306339923292 ], [ 906787.879612060030922, 2038679.352747400058433 ], [ 906824.245670469012111, 2038698.195708099985495 ], [ 906860.552052663988434, 2038721.621584259904921 ], [ 906915.101140266051516, 2038749.886025320040062 ], [ 906975.691345531027764, 2038782.818598320009187 ], [ 907042.501697069965303, 2038806.670556920114905 ], [ 907109.25237239501439, 2038835.105430969968438 ], [ 907181.924812966026366, 2038877.374267850071192 ], [ 907236.414224334992468, 2038910.221624379977584 ], [ 907302.985871018026955, 2038952.405244769994169 ], [ 907375.837340189958923, 2038980.925335329957306 ], [ 907418.304192431038246, 2038999.853512550005689 ], [ 907484.935515305958688, 2039037.454217510065064 ], [ 907509.040309726959094, 2039060.709660690044984 ], [ 907484.040372160961851, 2039106.197949150111526 ], [ 907465.439609513967298, 2039128.856876889942214 ], [ 907440.499348161974922, 2039169.76224990002811 ], [ 907427.999379385029897, 2039192.506394129944965 ], [ 907415.0816771480022, 2039247.33094644988887 ], [ 907426.805855209007859, 2039284.164702960057184 ], [ 907426.268769329995848, 2039325.410941930022091 ], [ 907431.653448692057282, 2039380.491143709979951 ], [ 907431.116362811997533, 2039421.73738266993314 ], [ 907418.258336795028299, 2039471.979019520105794 ], [ 907381.295516371028498, 2039498.96521322010085 ], [ 907325.970638151979074, 2039530.278672890039161 ], [ 907295.287640216993168, 2039543.601336759980768 ], [ 907240.022438218002208, 2039570.331881 ], [ 907220.765237329993397, 2039643.402878559892997 ], [ 907594.786443382035941, 2040303.619408030062914 ], [ 908236.32749124802649, 2041436.057883759960532 ], [ 908361.864534688997082, 2041330.920793379889801 ], [ 908410.880924407974817, 2041327.582609799923375 ], [ 908483.650863621034659, 2041352.307143779937178 ], [ 908537.270498909056187, 2041408.587071520043537 ], [ 908610.853133123950101, 2041401.292733920039609 ], [ 908691.593197245965712, 2041352.985768320038915 ], [ 908747.999215452000499, 2041299.486707729985937 ], [ 908835.084014490945265, 2041242.18598574004136 ], [ 908914.289026465965435, 2041201.292369720060378 ], [ 908928.049151274026372, 2041194.188005419913679 ], [ 908930.487236383021809, 2041098.131390599999577 ], [ 908943.989401202998124, 2041048.125006170012057 ], [ 908947.974463689955883, 2041011.609256349969655 ], [ 908949.893293648958206, 2040994.026717809960246 ], [ 908951.959526177961379, 2040975.093506529927254 ], [ 908971.690326601965353, 2040920.667490189895034 ], [ 909027.864146308042109, 2040876.316678649978712 ], [ 909082.876973093021661, 2040877.707112279953435 ], [ 909143.886236901045777, 2040883.826163060031831 ], [ 909186.557891772012226, 2040889.481735969893634 ], [ 909267.414055328001268, 2040836.60064592002891 ], [ 909305.598564025945961, 2040778.063982960069552 ], [ 909342.738179072039202, 2040760.69444067007862 ], [ 909421.736753929057159, 2040780.999342920025811 ], [ 909477.097878622007556, 2040768.66740303998813 ], [ 909544.335778043023311, 2040770.36682198010385 ], [ 909586.775234324042685, 2040785.170643950114027 ], [ 909635.21112762298435, 2040804.703083080006763 ], [ 909683.995318814995699, 2040810.513148660073057 ], [ 909721.367132465005852, 2040783.99535735999234 ], [ 909758.85504542500712, 2040752.90344153996557 ], [ 909778.237548051984049, 2040712.199798790039495 ], [ 909840.872202064958401, 2040654.28110641008243 ], [ 909884.472651354968548, 2040623.343683240003884 ], [ 909903.158558196038939, 2040610.084787589963526 ], [ 909781.248395303962752, 2040497.112340690102428 ], [ 909891.063004942960106, 2040404.08300655009225 ], [ 909963.759805176989175, 2040361.841105269966647 ], [ 910000.187170755001716, 2040401.992449289886281 ], [ 910018.648130216053687, 2040427.024416740052402 ], [ 910045.33251779305283, 2040463.206865580054 ], [ 910059.076198399998248, 2040482.699128109961748 ], [ 910078.105801669997163, 2040509.688428760040551 ], [ 910103.265204038005322, 2040495.445947580039501 ], [ 910115.154376075020991, 2040488.715604139957577 ], [ 910176.173631572979502, 2040456.788105509942397 ], [ 910171.105988983996212, 2040415.466492210049182 ], [ 910184.143756738048978, 2040383.75660585006699 ], [ 910147.584638144006021, 2040378.255525500047952 ], [ 910105.377380445017479, 2040354.303454430075362 ], [ 910075.627393984002993, 2040321.512119600083679 ], [ 910052.222142437007278, 2040279.727028369903564 ], [ 910023.052652477985248, 2040224.065070929937065 ], [ 909994.231460419017822, 2040154.680739919887856 ], [ 909983.515678712981753, 2040094.908135870005935 ], [ 909979.028532620985061, 2040030.715899920091033 ], [ 909992.762896192027256, 2039971.561266399919987 ], [ 910011.913200270966627, 2039940.005872660083696 ], [ 910061.626185958972201, 2039909.22294211992994 ], [ 910129.444582008989528, 2039888.051738539943472 ], [ 910154.35912450903561, 2039870.373211009893566 ], [ 910167.396892281016335, 2039838.663324629887938 ], [ 910180.782957969000563, 2039793.231064670020714 ], [ 910224.615605968981981, 2039753.145392450038344 ], [ 910201.094255115953274, 2039715.934425689978525 ], [ 910164.883434397983365, 2039696.710971740074456 ], [ 910116.679739634040743, 2039668.030283459927887 ], [ 910111.263799136970192, 2039640.431043670047075 ], [ 910142.987473797984421, 2039595.462261619977653 ], [ 910192.932658139034174, 2039555.531082029920071 ], [ 910181.288082020008005, 2039532.351474110037088 ], [ 910146.702651552972384, 2039449.0902767800726 ], [ 910142.447704107966274, 2039375.749791709939018 ], [ 910107.165677804034203, 2039319.933341519907117 ], [ 910077.531790609005839, 2039282.567882090108469 ], [ 910060.587373281014152, 2039227.214909819886088 ], [ 910086.082412341958843, 2039186.665759630035609 ], [ 910105.697113687056117, 2039136.813867730088532 ], [ 910077.340318839997053, 2039049.133038450032473 ], [ 910035.713557578972541, 2039002.310344649944454 ], [ 910032.271305268048309, 2038896.950987790012732 ], [ 910068.331381203955971, 2038440.156505010090768 ], [ 910044.81003030994907, 2038402.945538149913773 ], [ 910009.52800396096427, 2038347.129087849985808 ], [ 909998.231725738965906, 2038310.227106279926375 ], [ 909981.055109787965193, 2038264.022382979979739 ], [ 909981.983904242049903, 2038227.429386680014431 ], [ 910020.545132400002331, 2037977.067159659927711 ], [ 910029.099499788018875, 2037921.652749199885875 ], [ 910007.564335272996686, 2037913.576562809990719 ], [ 909961.948229938047007, 2037911.966022789943963 ], [ 909893.255770807038061, 2037899.708104710094631 ], [ 909850.443085912964307, 2037871.503843969898298 ], [ 909820.217200675979257, 2037836.905328729888424 ], [ 909798.53169275901746, 2037791.06627666996792 ], [ 909792.447949773049913, 2037762.060929090017453 ], [ 909813.888057257980108, 2037759.663587179966271 ], [ 909811.157656669034623, 2037708.20077084004879 ], [ 909788.461473362985998, 2037709.619343690108508 ], [ 909789.872750923037529, 2037673.475962219992653 ], [ 909795.018191096023656, 2037641.854731610044837 ], [ 909816.701516126049682, 2037583.29809060995467 ], [ 909842.906520048039965, 2037522.299432839965448 ], [ 909868.025171095971018, 2037452.392502790084109 ], [ 909889.275735241011716, 2037458.87592142005451 ], [ 909912.833342927973717, 2037402.26270411000587 ], [ 909942.141902699018829, 2037360.36893409001641 ], [ 909963.263404157012701, 2037357.964784410083666 ], [ 909985.823849937994964, 2037333.061832749983296 ], [ 909970.177101247943938, 2037299.296511169988662 ], [ 909956.813340974971652, 2037286.162175569916144 ], [ 909941.113034539972432, 2037281.543573200004175 ], [ 909929.658564088051207, 2037279.871008839923888 ], [ 909916.722699622041546, 2037280.308196990052238 ], [ 909904.489392644027248, 2037281.474223860073835 ], [ 909888.590753986965865, 2037286.130921049974859 ], [ 909875.532858008984476, 2037292.275981360115111 ], [ 909866.84285453602206, 2037295.659210660029203 ], [ 909858.916429472970776, 2037296.917349109891802 ], [ 909846.011096830014139, 2037295.927621149923652 ], [ 909830.310791812022217, 2037291.309115570038557 ], [ 909821.177549159969203, 2037281.834371240111068 ], [ 909807.065378422033973, 2037270.111768709961325 ], [ 909797.871105452999473, 2037263.490954420063645 ], [ 909779.452038969029672, 2037251.676299259997904 ], [ 909767.371251318021677, 2037245.707603089977056 ], [ 909761.842268205014989, 2037235.596111889928579 ], [ 909754.434346714988351, 2037212.595905550057068 ], [ 909749.210342881036922, 2037188.214738890063018 ], [ 909746.781329634017311, 2037167.462336200056598 ], [ 909747.254066315945238, 2037145.344310689950362 ], [ 909752.416020517004654, 2037139.030338410055265 ], [ 909760.418741571018472, 2037134.204705609939992 ], [ 909761.991622684057802, 2037127.814018960110843 ], [ 909760.830487448954955, 2037114.940584579948336 ], [ 909757.470149073982611, 2037104.161575800040737 ], [ 909760.463414147030562, 2037098.515050020068884 ], [ 909766.373699764022604, 2037090.789430380100384 ], [ 909769.427968497970141, 2037082.288950959919021 ], [ 909774.605193724972196, 2037075.261471099918708 ], [ 909782.638445956981741, 2037069.008848509984091 ], [ 909792.764157408033498, 2037065.656209169887006 ], [ 909800.07960161101073, 2037059.388245519949123 ], [ 909806.753486728994176, 2037049.537493020063266 ], [ 909807.59331431298051, 2037043.844923259923235 ], [ 909805.668619191972539, 2037033.096550770103931 ], [ 909802.965097554028034, 2037025.186789670027792 ], [ 909803.117604390950873, 2037018.051889070076868 ], [ 909805.484575769980438, 2037008.109053380088881 ], [ 909807.179479270009324, 2036996.010396149940789 ], [ 909806.761363644036464, 2036989.794787789927796 ], [ 909805.544532092055306, 2036971.705656730104238 ], [ 909807.330936152953655, 2036955.326021469896659 ], [ 909813.622537042945623, 2036929.763016130076721 ], [ 909816.875094127957709, 2036911.987041570013389 ], [ 909817.195351648959331, 2036897.003657619934529 ], [ 909816.797781464993022, 2036882.004919290076941 ], [ 909814.353479212033562, 2036861.96567031997256 ], [ 909807.434459267999046, 2036849.682811239967123 ], [ 909793.978739305050112, 2036840.829357200069353 ], [ 909777.651698988978751, 2036831.91454737004824 ], [ 909757.048175861011259, 2036821.480715499958023 ], [ 909738.61336396203842, 2036810.379425350110978 ], [ 909724.515994051005691, 2036797.943187329918146 ], [ 909716.337334587005898, 2036782.367007500026375 ], [ 909698.533691780990921, 2036792.375482439994812 ], [ 909680.273544274037704, 2036805.447490559890866 ], [ 909654.740821368992329, 2036812.000592829892412 ], [ 909639.029206802020781, 2036804.566310459980741 ], [ 909628.059702381957322, 2036798.022082030074671 ], [ 909616.280189165030606, 2036792.249291029991582 ], [ 909608.399108240031637, 2036789.714727099984884 ], [ 909602.036982903955504, 2036790.367555560078472 ], [ 909597.97013513604179, 2036795.013092440087348 ], [ 909594.629085959983058, 2036802.829072040040046 ], [ 909592.085142742958851, 2036811.531750160036609 ], [ 909584.693501170957461, 2036821.367358040064573 ], [ 909572.84250415104907, 2036838.245915109990165 ], [ 909559.647319014999084, 2036850.812827409943566 ], [ 909540.557158299023286, 2036870.392016700003296 ], [ 909521.680385123006999, 2036879.982293989975005 ], [ 909499.901864446001127, 2036890.938242560019717 ], [ 909485.393025286961347, 2036897.766554029891267 ], [ 909471.036572637036443, 2036897.459950760006905 ], [ 909451.028961924952455, 2036892.749771229922771 ], [ 909425.285527016967535, 2036876.142024949891493 ], [ 909415.189609889057465, 2036864.538447299972177 ], [ 909401.25874096294865, 2036845.858717229915783 ], [ 909383.580460185999982, 2036822.782964600017294 ], [ 909361.006120622041635, 2036803.741685769986361 ], [ 909332.62820554303471, 2036787.431813860079274 ], [ 909312.742317051975988, 2036777.013820250052959 ], [ 909287.083341561025009, 2036767.900260440073907 ], [ 909266.71388866903726, 2036766.568878940073773 ], [ 909247.756943849031813, 2036760.421612889971584 ], [ 909236.919124054955319, 2036751.446444190107286 ], [ 909227.653347983956337, 2036739.539718890096992 ], [ 909200.51351970504038, 2036718.940435309894383 ], [ 909170.567781305056997, 2036713.399971750099212 ], [ 909147.928134788991883, 2036715.2508858400397 ], [ 909130.075124486000277, 2036721.720334409968928 ], [ 909108.357653634040616, 2036729.822822970105335 ], [ 909089.742385010002181, 2036738.633372789947316 ], [ 909064.9836651829537, 2036743.173871960025281 ], [ 909039.172393320943229, 2036741.195611950010061 ], [ 909009.175924764014781, 2036733.417559720110148 ], [ 908976.247268575942144, 2036728.432295569917187 ], [ 908914.514307065983303, 2036727.11572541994974 ], [ 908846.917080144048668, 2036731.384863940067589 ], [ 908806.627658660989255, 2036734.80877117998898 ], [ 908767.682656044024043, 2036742.544321550056338 ], [ 908722.690949033945799, 2036764.427374050021172 ], [ 908683.107368938042782, 2036802.129668809939176 ], [ 908641.997071417048573, 2036844.082271659979597 ], [ 908614.20299239794258, 2036867.759529819944873 ], [ 908565.08734429301694, 2036880.989090339979157 ], [ 908524.768003663979471, 2036885.8404550999403 ], [ 908483.104273147997446, 2036886.380400409922004 ], [ 908412.727947470964864, 2036886.308808430097997 ], [ 908374.371097053051926, 2036894.198093899991363 ], [ 908336.639942424022593, 2036903.56862861989066 ], [ 908290.879029311006889, 2036916.15960277011618 ], [ 908244.005455345963128, 2036927.596515150042251 ], [ 908191.568239004001953, 2036933.26279462990351 ], [ 908147.160846434999257, 2036935.708778880070895 ], [ 908109.309716740972362, 2036950.72940500988625 ], [ 908060.307124024024233, 2036955.338666959898546 ], [ 908027.291886860970408, 2036956.896923359949142 ], [ 907977.248753583990037, 2036956.962438219925389 ], [ 907936.251938372966833, 2036959.481459150090814 ], [ 907910.273901553009637, 2036951.01559167006053 ], [ 907895.272225621971302, 2036907.739273410057649 ], [ 907887.77135542104952, 2036886.101088040042669 ], [ 907877.872418673010543, 2036845.314709790050983 ], [ 907851.765155054046772, 2036736.928654559887946 ], [ 907800.657756226952188, 2036589.499129770090804 ], [ 907781.476446490036324, 2036519.770718849962577 ], [ 907767.567789235967211, 2036445.019340180093423 ], [ 907743.877099139033817, 2036344.385227510007098 ], [ 907640.384196256054565, 2036352.455036550061777 ], [ 907513.600217730039731, 2036362.597909830044955 ], [ 907386.925576142035425, 2036367.609024019911885 ], [ 907247.123940535006113, 2036382.611932680010796 ], [ 907151.377564706024714, 2036390.848743879934773 ], [ 906988.557910148054361, 2036395.095077990088612 ], [ 906871.993937938008457, 2036410.593711029971018 ], [ 906765.975354986963794, 2036416.047008839901537 ], [ 906764.047572699026205, 2036405.846375739900395 ], [ 906759.344330971944146, 2036388.978379660053179 ], [ 906753.940145871951245, 2036365.388199789915234 ], [ 906748.349321168032475, 2036350.597386559937149 ], [ 906746.579204263049178, 2036334.629973540082574 ], [ 906742.932316440041177, 2036307.723344309953973 ], [ 906736.764917085994966, 2036280.344020080054179 ], [ 906707.526001630001701, 2036286.850512590026483 ], [ 906680.008905802969821, 2036291.716720700031146 ], [ 906641.988217000034638, 2036293.765431169886142 ], [ 906635.111632389016449, 2036353.258115760050714 ], [ 906597.790754506946541, 2036407.741802420001477 ], [ 906554.667463785968721, 2036439.225695260101929 ] ] ] } },
{ "type": "Feature", "properties": { "ID": 649.0, "ENTIDAD": 30, "DISTRITO_F": 19, "DISTRITO_L": 25, "MUNICIPIO": 34, "SECCION": 652, "TIPO": 4, "CONTROL": 1712.0, "GEOMETRY1_": null, "SECCION_KEY": "652", "morena": 171, "pt": 99, "verde": 58, "verde-morena": 10, "pan": 30, "pri": 2, "mc": 383, "V_4T_25": 338, "V_ALI_25": 32, "V_MC_25": 383, "TOTAL_25": 753, "GANADOR_25": "MC", "MARGEN_VICTORIA": 0.059760956175298807, "GANADOR_21": "4T", "PERFIL_POLITICO": "TERRITORIO MC" }, "geometry": { "type": "Polygon", "coordinates": [ [ [ 909716.337334587005898, 2036782.367007500026375 ], [ 909704.898518407950178, 2036759.891059069894254 ], [ 909700.602893588016741, 2036741.51977827004157 ], [ 909704.13931744301226, 2036710.870771550107747 ], [ 909712.39097309904173, 2036684.936996629927307 ], [ 909730.073092360049486, 2036651.930374 ], [ 909740.682363918982446, 2036630.711830890038982 ], [ 909758.364483181969263, 2036614.208519580075517 ], [ 909761.900907034985721, 2036582.380704900017008 ], [ 909754.82805933104828, 2036559.983353839954361 ], [ 909748.001620513037778, 2036549.453176490031183 ], [ 909739.36057797097601, 2036543.086092510027811 ], [ 909722.078492891043425, 2036538.992967100115493 ], [ 909713.437450350960717, 2036525.804007430095226 ], [ 909715.711408913019113, 2036513.979422899894416 ], [ 909726.171618303982541, 2036501.700046659912914 ], [ 909739.815369684016332, 2036496.242546109948307 ], [ 909758.007038190029562, 2036482.144003019900993 ], [ 909768.973754739039578, 2036464.4999098200351 ], [ 909834.41204591805581, 2036375.267950539942831 ], [ 909848.965380721958354, 2036361.62419915990904 ], [ 909897.463821385987103, 2036298.2879887400195 ], [ 909955.225410977960564, 2036227.55951168993488 ], [ 909971.304351428989321, 2036203.356683159945533 ], [ 909987.676853082957678, 2036191.532098629977554 ], [ 910066.03335835901089, 2036103.784676850074902 ], [ 910135.583027462009341, 2036038.950239550089464 ], [ 910165.500412732944824, 2036015.982497540069744 ], [ 910187.450577300973237, 2036002.407193070044741 ], [ 910200.064582895953208, 2036003.703121300088242 ], [ 910220.075418252963573, 2035998.700412459904328 ], [ 910232.354794493992813, 2035995.516870470019057 ], [ 910246.390974842011929, 2035980.009842009982094 ], [ 910254.639588415040635, 2035963.681450590025634 ], [ 910299.209176253993064, 2035932.300822410034016 ], [ 910354.84130632400047, 2035889.241629790049046 ], [ 910381.95388919301331, 2035869.201894619967788 ], [ 910410.178354143979959, 2035860.898523529991508 ], [ 910459.295859111007303, 2035827.243936789920554 ], [ 910528.126075100968592, 2035773.718450600048527 ], [ 910572.920777235995047, 2035753.678715439978987 ], [ 910653.079717893037014, 2035717.135668959934264 ], [ 910745.00508432998322, 2035698.820517210057005 ], [ 910802.173893247032538, 2035686.570102700032294 ], [ 910872.540229093050584, 2035673.053772029932588 ], [ 910902.870712292962708, 2035682.97448443993926 ], [ 910957.303043002029881, 2035707.235541180009022 ], [ 911005.506738016032614, 2035735.916229800088331 ], [ 911017.383512789034285, 2035749.947588789975271 ], [ 911022.102853419957682, 2035804.991579009918496 ], [ 911052.085038647986948, 2035828.634665109915659 ], [ 911124.158382505993359, 2035880.803947170032188 ], [ 911195.535130421048962, 2035960.417976550059393 ], [ 911236.116997855016962, 2036048.407791709993035 ], [ 911244.859090931015089, 2036185.940513599896803 ], [ 911248.185243576997891, 2036295.87399548990652 ], [ 911258.088329873979092, 2036387.665471819927916 ], [ 911268.455813455977477, 2036461.160449940012768 ], [ 911296.812608147971332, 2036548.841279679909348 ], [ 911302.344647899037227, 2036571.866395079996437 ], [ 911337.510574875050224, 2036632.256970189977437 ], [ 911391.246309551992454, 2036683.962774189887568 ], [ 911458.019812193000689, 2036703.958691680105403 ], [ 911482.469957620021887, 2036704.576662339968607 ], [ 911531.71854644198902, 2036692.09023003000766 ], [ 911599.420843667001463, 2036675.493151169968769 ], [ 911623.987088419962674, 2036671.536997290095314 ], [ 911648.669432497001253, 2036663.00671887001954 ], [ 911685.809047937975265, 2036645.637176689924672 ], [ 911704.611054308945313, 2036627.804156499914825 ], [ 911731.150987584027462, 2036546.087885329965502 ], [ 911738.076219215989113, 2036514.223506170092151 ], [ 911764.732251832028851, 2036427.933110429905355 ], [ 911778.118317803950049, 2036382.500850290060043 ], [ 911803.84555583295878, 2036332.803450929932296 ], [ 911822.995860198047012, 2036301.248057099990547 ], [ 911848.026502275955863, 2036278.995405029971153 ], [ 911860.599872980033979, 2036265.58201672998257 ], [ 911885.86271371494513, 2036234.18111557001248 ], [ 911898.784382399986498, 2036207.04535361006856 ], [ 911877.468918776023202, 2036082.926020069979131 ], [ 911772.75396014098078, 2035429.245851800078526 ], [ 911765.755653709056787, 2035385.559121730038896 ], [ 911539.556182340951636, 2033973.51531594991684 ], [ 911500.637391131953336, 2033940.492241580039263 ], [ 911461.718599915970117, 2033907.469167219940573 ], [ 911127.154489187989384, 2033834.934326269896701 ], [ 910866.938847976969555, 2033445.789774029981345 ], [ 910859.654909548000433, 2033434.896866339957342 ], [ 910702.841377248987556, 2033201.729911969974637 ], [ 910710.579304184997454, 2033137.846660549985245 ], [ 910718.433330446947366, 2033069.389284539967775 ], [ 910719.942621666006744, 2033009.925665009999648 ], [ 910702.766005725949071, 2032963.720941219944507 ], [ 910660.790946215973236, 2032930.620620480040088 ], [ 910624.464025805005804, 2032915.971290729939938 ], [ 910589.414197957026772, 2032851.006590599892661 ], [ 910566.125045603024773, 2032804.647374120075256 ], [ 910537.303853468969464, 2032735.263042059959844 ], [ 910520.591634799027815, 2032670.761819910025224 ], [ 910503.415018838015385, 2032624.557096079923213 ], [ 910494.884760519955307, 2032599.167671869974583 ], [ 910486.354502202942967, 2032573.778247660025954 ], [ 909828.292048161034472, 2032394.871498229913414 ], [ 909818.15507359302137, 2032392.115569589892402 ], [ 909704.41424019401893, 2032535.706688459962606 ], [ 909654.352955815033056, 2032580.211993050063029 ], [ 909573.264592188992538, 2032642.241332689998671 ], [ 909498.753162245964631, 2032686.12866666004993 ], [ 909430.47036802303046, 2032725.596368710044771 ], [ 909338.550123419961892, 2032732.427228060085326 ], [ 909265.78018321597483, 2032707.70269329007715 ], [ 909203.958223353023641, 2032733.602514269994572 ], [ 909189.295064989943057, 2032829.350145250093192 ], [ 909193.433913073968142, 2032907.264755829935893 ], [ 909109.210868156049401, 2033092.795459259999916 ], [ 909088.022388902958483, 2033099.409400440054014 ], [ 908973.574074384989217, 2033135.137866789940745 ], [ 908899.410942496964708, 2033165.30282708001323 ], [ 908788.224294340005144, 2033208.263205250026658 ], [ 908720.87029471504502, 2033211.137910719960928 ], [ 908581.210752143990248, 2033170.991583229973912 ], [ 908495.519143342971802, 2033173.402810799889266 ], [ 908438.648726920946501, 2033245.198370330035686 ], [ 908356.863767734030262, 2033334.672457630047575 ], [ 908321.889312225044705, 2033507.716728510102257 ], [ 908236.429902086034417, 2033500.97970697004348 ], [ 908169.192001809016801, 2033499.280287940055132 ], [ 908148.491679977974854, 2033832.882396979955956 ], [ 907887.510204214951955, 2033753.053220350062475 ], [ 907813.811469685984775, 2033764.921682470012456 ], [ 907746.34137084602844, 2033772.370512659894302 ], [ 907636.431815205025487, 2033765.015520690008998 ], [ 907566.523631135001779, 2033868.520967080025002 ], [ 907508.840519863995723, 2033972.335398720111698 ], [ 907361.675249489024282, 2033986.924073919886723 ], [ 907294.901746454997919, 2033966.928156699985266 ], [ 907214.277780542965047, 2034010.660998329985887 ], [ 907158.10396016901359, 2034055.011810479918495 ], [ 907090.982159257982858, 2034048.738267020089552 ], [ 907043.242861127015203, 2034001.761080229887739 ], [ 906988.462232267018408, 2033991.222397449892014 ], [ 906887.920187358977273, 2033808.224903929978609 ], [ 906890.045602967962623, 2033879.302702239947394 ], [ 906892.17101857601665, 2033950.380500549916178 ], [ 906872.734788703965023, 2034037.200245290063322 ], [ 906878.059791821986437, 2034096.86336310999468 ], [ 906877.28400101698935, 2034156.441264430060983 ], [ 906882.250946843996644, 2034243.601875140098855 ], [ 906875.374362124013714, 2034303.094559940043837 ], [ 906855.997808497049846, 2034385.331389149883762 ], [ 906866.886519605992362, 2034486.325962770031765 ], [ 906860.248639757977799, 2034527.486985620111227 ], [ 906865.57364288601093, 2034587.150103379972279 ], [ 906865.364776134956628, 2034603.190307569922879 ], [ 906865.155909382971004, 2034619.230511750094593 ], [ 906870.659941153018735, 2034665.144883069908246 ], [ 906857.563210109015927, 2034733.718182279961184 ], [ 906838.664066227967851, 2034779.291687590070069 ], [ 906837.649570593028329, 2034857.201250750105828 ], [ 906836.217341464012861, 2034967.191222249995917 ], [ 906823.478667724994011, 2035008.267028559930623 ], [ 906823.180286656017415, 2035031.181605949997902 ], [ 906828.385937370941974, 2035100.010554620064795 ], [ 906808.89003138395492, 2035191.413214670028538 ], [ 906808.412621684023179, 2035228.076538489898667 ], [ 906801.894094287999906, 2035260.071730320109054 ], [ 906788.976391920004971, 2035314.896283040056005 ], [ 906794.182042642962188, 2035383.725231670076028 ], [ 906793.406251886044629, 2035443.303132849978283 ], [ 906792.630461132037453, 2035502.881034020101652 ], [ 906786.052257532952353, 2035539.459141310071573 ], [ 906779.354701512027532, 2035585.203079560073093 ], [ 906778.877291816053912, 2035621.866403339896351 ], [ 906778.280529701965861, 2035667.695558069972321 ], [ 906746.941093225963414, 2035731.430292220087722 ], [ 906721.881479296018369, 2035781.501496440032497 ], [ 906709.321834226953797, 2035808.828556279884651 ], [ 906696.463808108004741, 2035859.070193480001763 ], [ 906689.52754726097919, 2035923.145793589996174 ], [ 906676.848549779970199, 2035959.638684370089322 ], [ 906669.375203056028113, 2036064.960523690097034 ], [ 906668.301031284965575, 2036147.453002139925957 ], [ 906661.84218012704514, 2036174.865278460085392 ], [ 906654.846243091044016, 2036243.523794 ], [ 906641.988217000034638, 2036293.765431169886142 ], [ 906680.008905802969821, 2036291.716720700031146 ], [ 906707.526001630001701, 2036286.850512590026483 ], [ 906736.764917085994966, 2036280.344020080054179 ], [ 906742.932316440041177, 2036307.723344309953973 ], [ 906746.579204263049178, 2036334.629973540082574 ], [ 906748.349321168032475, 2036350.597386559937149 ], [ 906753.940145871951245, 2036365.388199789915234 ], [ 906759.344330971944146, 2036388.978379660053179 ], [ 906764.047572699026205, 2036405.846375739900395 ], [ 906765.975354986963794, 2036416.047008839901537 ], [ 906871.993937938008457, 2036410.593711029971018 ], [ 906988.557910148054361, 2036395.095077990088612 ], [ 907151.377564706024714, 2036390.848743879934773 ], [ 907247.123940535006113, 2036382.611932680010796 ], [ 907386.925576142035425, 2036367.609024019911885 ], [ 907513.600217730039731, 2036362.597909830044955 ], [ 907640.384196256054565, 2036352.455036550061777 ], [ 907743.877099139033817, 2036344.385227510007098 ], [ 907767.567789235967211, 2036445.019340180093423 ], [ 907781.476446490036324, 2036519.770718849962577 ], [ 907800.657756226952188, 2036589.499129770090804 ], [ 907851.765155054046772, 2036736.928654559887946 ], [ 907877.872418673010543, 2036845.314709790050983 ], [ 907887.77135542104952, 2036886.101088040042669 ], [ 907895.272225621971302, 2036907.739273410057649 ], [ 907910.273901553009637, 2036951.01559167006053 ], [ 907936.251938372966833, 2036959.481459150090814 ], [ 907977.248753583990037, 2036956.962438219925389 ], [ 908027.291886860970408, 2036956.896923359949142 ], [ 908060.307124024024233, 2036955.338666959898546 ], [ 908109.309716740972362, 2036950.72940500988625 ], [ 908147.160846434999257, 2036935.708778880070895 ], [ 908191.568239004001953, 2036933.26279462990351 ], [ 908244.005455345963128, 2036927.596515150042251 ], [ 908290.879029311006889, 2036916.15960277011618 ], [ 908336.639942424022593, 2036903.56862861989066 ], [ 908374.371097053051926, 2036894.198093899991363 ], [ 908412.727947470964864, 2036886.308808430097997 ], [ 908483.104273147997446, 2036886.380400409922004 ], [ 908524.768003663979471, 2036885.8404550999403 ], [ 908565.08734429301694, 2036880.989090339979157 ], [ 908614.20299239794258, 2036867.759529819944873 ], [ 908641.997071417048573, 2036844.082271659979597 ], [ 908683.107368938042782, 2036802.129668809939176 ], [ 908722.690949033945799, 2036764.427374050021172 ], [ 908767.682656044024043, 2036742.544321550056338 ], [ 908806.627658660989255, 2036734.80877117998898 ], [ 908846.917080144048668, 2036731.384863940067589 ], [ 908914.514307065983303, 2036727.11572541994974 ], [ 908976.247268575942144, 2036728.432295569917187 ], [ 909009.175924764014781, 2036733.417559720110148 ], [ 909039.172393320943229, 2036741.195611950010061 ], [ 909064.9836651829537, 2036743.173871960025281 ], [ 909089.742385010002181, 2036738.633372789947316 ], [ 909108.357653634040616, 2036729.822822970105335 ], [ 909130.075124486000277, 2036721.720334409968928 ], [ 909147.928134788991883, 2036715.2508858400397 ], [ 909170.567781305056997, 2036713.399971750099212 ], [ 909200.51351970504038, 2036718.940435309894383 ], [ 909227.653347983956337, 2036739.539718890096992 ], [ 909236.919124054955319, 2036751.446444190107286 ], [ 909247.756943849031813, 2036760.421612889971584 ], [ 909266.71388866903726, 2036766.568878940073773 ], [ 909287.083341561025009, 2036767.900260440073907 ], [ 909312.742317051975988, 2036777.013820250052959 ], [ 909332.62820554303471, 2036787.431813860079274 ], [ 909361.006120622041635, 2036803.741685769986361 ], [ 909383.580460185999982, 2036822.782964600017294 ], [ 909401.25874096294865, 2036845.858717229915783 ], [ 909415.189609889057465, 2036864.538447299972177 ], [ 909425.285527016967535, 2036876.142024949891493 ], [ 909451.028961924952455, 2036892.749771229922771 ], [ 909471.036572637036443, 2036897.459950760006905 ], [ 909485.393025286961347, 2036897.766554029891267 ], [ 909499.901864446001127, 2036890.938242560019717 ], [ 909521.680385123006999, 2036879.982293989975005 ], [ 909540.557158299023286, 2036870.392016700003296 ], [ 909559.647319014999084, 2036850.812827409943566 ], [ 909572.84250415104907, 2036838.245915109990165 ], [ 909584.693501170957461, 2036821.367358040064573 ], [ 909592.085142742958851, 2036811.531750160036609 ], [ 909594.629085959983058, 2036802.829072040040046 ], [ 909597.97013513604179, 2036795.013092440087348 ], [ 909602.036982903955504, 2036790.367555560078472 ], [ 909608.399108240031637, 2036789.714727099984884 ], [ 909616.280189165030606, 2036792.249291029991582 ], [ 909628.059702381957322, 2036798.022082030074671 ], [ 909639.029206802020781, 2036804.566310459980741 ], [ 909654.740821368992329, 2036812.000592829892412 ], [ 909680.273544274037704, 2036805.447490559890866 ], [ 909698.533691780990921, 2036792.375482439994812 ], [ 909716.337334587005898, 2036782.367007500026375 ] ] ] } },
{ "type": "Feature", "properties": { "ID": 650.0, "ENTIDAD": 30, "DISTRITO_F": 19, "DISTRITO_L": 25, "MUNICIPIO": 34, "SECCION": 653, "TIPO": 4, "CONTROL": 1714.0, "GEOMETRY1_": null, "SECCION_KEY": "653", "morena": 307, "pt": 168, "verde": 191, "verde-morena": 28, "pan": 47, "pri": 0, "mc": 121, "V_4T_25": 694, "V_ALI_25": 47, "V_MC_25": 121, "TOTAL_25": 862, "GANADOR_25": "4T", "MARGEN_VICTORIA": 0.66473317865429238, "GANADOR_21": "4T", "PERFIL_POLITICO": "BASTION" }, "geometry": { "type": "Polygon", "coordinates": [ [ [ 910029.099499788018875, 2037921.652749199885875 ], [ 910020.545132400002331, 2037977.067159659927711 ], [ 909981.983904242049903, 2038227.429386680014431 ], [ 909981.055109787965193, 2038264.022382979979739 ], [ 909998.231725738965906, 2038310.227106279926375 ], [ 910009.52800396096427, 2038347.129087849985808 ], [ 910044.81003030994907, 2038402.945538149913773 ], [ 910068.331381203955971, 2038440.156505010090768 ], [ 910032.271305268048309, 2038896.950987790012732 ], [ 910035.713557578972541, 2039002.310344649944454 ], [ 910077.340318839997053, 2039049.133038450032473 ], [ 910105.697113687056117, 2039136.813867730088532 ], [ 910086.082412341958843, 2039186.665759630035609 ], [ 910060.587373281014152, 2039227.214909819886088 ], [ 910077.531790609005839, 2039282.567882090108469 ], [ 910107.165677804034203, 2039319.933341519907117 ], [ 910142.447704107966274, 2039375.749791709939018 ], [ 910146.702651552972384, 2039449.0902767800726 ], [ 910181.288082020008005, 2039532.351474110037088 ], [ 910192.932658139034174, 2039555.531082029920071 ], [ 910142.987473797984421, 2039595.462261619977653 ], [ 910111.263799136970192, 2039640.431043670047075 ], [ 910116.679739634040743, 2039668.030283459927887 ], [ 910164.883434397983365, 2039696.710971740074456 ], [ 910201.094255115953274, 2039715.934425689978525 ], [ 910224.615605968981981, 2039753.145392450038344 ], [ 910180.782957969000563, 2039793.231064670020714 ], [ 910167.396892281016335, 2039838.663324629887938 ], [ 910154.35912450903561, 2039870.373211009893566 ], [ 910129.444582008989528, 2039888.051738539943472 ], [ 910061.626185958972201, 2039909.22294211992994 ], [ 910011.913200270966627, 2039940.005872660083696 ], [ 909992.762896192027256, 2039971.561266399919987 ], [ 909979.028532620985061, 2040030.715899920091033 ], [ 909983.515678712981753, 2040094.908135870005935 ], [ 909994.231460419017822, 2040154.680739919887856 ], [ 910023.052652477985248, 2040224.065070929937065 ], [ 910052.222142437007278, 2040279.727028369903564 ], [ 910075.627393984002993, 2040321.512119600083679 ], [ 910105.377380445017479, 2040354.303454430075362 ], [ 910147.584638144006021, 2040378.255525500047952 ], [ 910184.143756738048978, 2040383.75660585006699 ], [ 910171.105988983996212, 2040415.466492210049182 ], [ 910176.173631572979502, 2040456.788105509942397 ], [ 910288.596643846016377, 2040606.095450229942799 ], [ 910373.127258499967866, 2040649.425467839930207 ], [ 910470.231243683025241, 2040679.34209719998762 ], [ 910549.462017138954252, 2040690.498750580009073 ], [ 910639.130296653020196, 2040708.634480260079727 ], [ 910652.910737233003601, 2040711.421623579924926 ], [ 910701.462729819002561, 2040726.379938269965351 ], [ 910774.813165570958517, 2040728.23385000997223 ], [ 910841.702767087961547, 2040743.655642650090158 ], [ 910892.168239598046057, 2040752.517657920019701 ], [ 910902.595931597985327, 2040754.348818140104413 ], [ 910951.728420716011897, 2040746.436510280007496 ], [ 910982.639400204992853, 2040733.486599979922175 ], [ 911031.539690708043054, 2040734.722541159950197 ], [ 911099.358086701016873, 2040713.551337719894946 ], [ 911148.838873757049441, 2040691.916656340006739 ], [ 911228.417945142020471, 2040689.350936270086095 ], [ 911295.423645969945937, 2040700.198604450095445 ], [ 911360.469461817992851, 2040704.147785450099036 ], [ 911426.37390611495357, 2040713.935624670004472 ], [ 911474.637475722003728, 2040707.431152320001274 ], [ 911552.498469082987867, 2040692.96492230007425 ], [ 911621.013460992951877, 2040644.34897185000591 ], [ 911671.190843970980495, 2040595.269543440081179 ], [ 911690.805545378942043, 2040545.417651749914512 ], [ 911728.990054373978637, 2040486.880989 ], [ 911760.24933184904512, 2040460.208705200115219 ], [ 911821.643419153057039, 2040453.954255420016125 ], [ 911862.886913769994862, 2040462.729499370092526 ], [ 911890.090061625000089, 2040479.402424500091001 ], [ 911916.41567960800603, 2040507.48312588990666 ], [ 911934.843608508002944, 2040532.053736150031909 ], [ 911951.516498091979884, 2040552.236738580046222 ], [ 911968.189385049045086, 2040575.929826220031828 ], [ 911991.004916500998661, 2040605.765567569993436 ], [ 912006.800276216003112, 2040637.356346250046045 ], [ 912025.22819852095563, 2040670.702169510070235 ], [ 912041.901080191950314, 2040701.415427549974993 ], [ 912077.879414033028297, 2040754.066732590086758 ], [ 912108.153879837016575, 2040779.514873029896989 ], [ 912138.428344320040196, 2040806.718056059908122 ], [ 912169.58033800998237, 2040823.390984150115401 ], [ 912218.721517725032754, 2040840.941447050077841 ], [ 912257.332451047957875, 2040846.206603839993477 ], [ 912294.188343088026159, 2040849.716716720024124 ], [ 912348.594670390943065, 2040840.941544570028782 ], [ 912404.75604425300844, 2040826.901245940010995 ], [ 912462.672444900032133, 2040833.921459839912131 ], [ 912513.568667212035507, 2040851.471924080047756 ], [ 912566.21991365600843, 2040893.592986050061882 ], [ 912608.340913707041182, 2040923.428741900017485 ], [ 912629.401397238019854, 2040960.284652329981327 ], [ 912650.461879445007071, 2040998.895605359924957 ], [ 912664.502188598969951, 2041041.01663829991594 ], [ 912704.868131524999626, 2041090.157861429965124 ], [ 912783.845023575006053, 2041123.503730169963092 ], [ 912818.945841312990524, 2041169.134864140069112 ], [ 912873.352121075964533, 2041223.54122560005635 ], [ 912910.207958966027945, 2041299.008085059933364 ], [ 912910.207896918989718, 2041381.495087200077251 ], [ 912883.882195850950666, 2041463.982069530058652 ], [ 912852.291368308011442, 2041544.714005300076678 ], [ 912869.841740217991173, 2041616.670765 ], [ 912882.126988274976611, 2041683.36239295010455 ], [ 912894.412224457948469, 2041765.849404260050505 ], [ 912890.90209438605234, 2041825.520849920110777 ], [ 912890.902031049015932, 2041909.762894569896162 ], [ 912908.929593813954853, 2041953.900123599916697 ], [ 912956.784990326035768, 2041996.303185410099104 ], [ 913016.865459437016398, 2042039.015232549980283 ], [ 913052.960180627997033, 2042062.812811030074954 ], [ 913119.733682645019144, 2042082.808728350093588 ], [ 913156.641099089989439, 2042074.587435360066593 ], [ 913206.470184091012925, 2042039.230380709981546 ], [ 913231.384726590942591, 2042021.551853389944881 ], [ 913280.633314974955283, 2042009.065421239938587 ], [ 913328.837009434006177, 2042037.746109569910914 ], [ 913370.928167594014667, 2042066.272305239923298 ], [ 913412.787127093994059, 2042103.94674991001375 ], [ 913429.963742739055306, 2042150.151472880039364 ], [ 913422.109716559993103, 2042218.608847660012543 ], [ 913463.968676051008515, 2042256.28329231007956 ], [ 913518.517105435021222, 2042275.970224319957197 ], [ 913560.027766942046583, 2042327.367042460013181 ], [ 913577.784879204002209, 2042350.701142949983478 ], [ 913620.456533962977119, 2042356.356716139940545 ], [ 913663.592586033977568, 2042343.715791349997744 ], [ 913724.021353048970923, 2042372.705465039936826 ], [ 913734.85323371598497, 2042427.903944310033694 ], [ 913745.685114384978078, 2042483.102423569886014 ], [ 913775.667299230000935, 2042506.745509400032461 ], [ 913842.440801182994619, 2042526.741426770109683 ], [ 913889.947899615042843, 2042582.86686206003651 ], [ 913926.158720073057339, 2042602.090316070010886 ], [ 913968.133778844960034, 2042635.190636219922453 ], [ 914046.319658061023802, 2042687.514410390052944 ], [ 914076.534041548031382, 2042702.009247229900211 ], [ 914088.062518161023036, 2042729.762979530030861 ], [ 914080.672889241948724, 2042779.923856239998713 ], [ 914091.504769879975356, 2042835.122335470048711 ], [ 914115.722716392949224, 2042844.888555140001699 ], [ 914127.251193001982756, 2042872.642287429887801 ], [ 914139.24406693095807, 2042882.09952175989747 ], [ 914150.888642866979353, 2042905.279129550093785 ], [ 914155.956285194028169, 2042946.600742619950324 ], [ 914142.802417973056436, 2042982.884753179969266 ], [ 914135.877186379046179, 2043014.749131920048967 ], [ 914116.378584212972783, 2043060.026898769894615 ], [ 914108.988955304026604, 2043110.187775460071862 ], [ 914113.708299651974812, 2043165.231761980103329 ], [ 914094.557995483046398, 2043196.787155359983444 ], [ 914038.964672237052582, 2043218.267343729967251 ], [ 913995.59642157505732, 2043240.056517459917814 ], [ 913964.569342821952887, 2043257.580552039900795 ], [ 913951.531574952998199, 2043289.290438099997118 ], [ 913951.183276972966269, 2043303.012811559950933 ], [ 913932.032972821034491, 2043334.568204950075597 ], [ 913923.946747981011868, 2043412.173828520113602 ], [ 913941.587760878028348, 2043440.082053449936211 ], [ 913983.098422289011069, 2043491.478871480096132 ], [ 914012.964507761993445, 2043519.696081740083173 ], [ 914066.584142404026352, 2043575.976009590085596 ], [ 914107.746505817980506, 2043641.095201049931347 ], [ 914133.16216899594292, 2043677.600106900092214 ], [ 914162.905515932012349, 2043709.546712859999388 ], [ 914209.172942094039172, 2043762.423851530067623 ], [ 914301.606176994042471, 2043714.650833830004558 ], [ 914364.124731790972874, 2043661.306266790023074 ], [ 914414.302114699035883, 2043612.226838889997452 ], [ 914445.096994785009883, 2043603.851053310092539 ], [ 914499.645424033980817, 2043623.537985319970176 ], [ 914541.272184723056853, 2043670.3606788800098 ], [ 914558.216601600986905, 2043725.713650679914281 ], [ 914544.017840408952907, 2043803.164781499886885 ], [ 914535.351118855993263, 2043903.641027380013838 ], [ 914545.834701462998055, 2043972.561879920074716 ], [ 914569.820449269027449, 2043991.476348540047184 ], [ 914630.133116767043248, 2044025.040146650047973 ], [ 914671.992076087044552, 2044062.714591220021248 ], [ 914688.007698305998929, 2044154.660558799980208 ], [ 914704.487717848038301, 2044228.310028460109606 ], [ 914733.773306600051001, 2044279.397861080011353 ], [ 914774.703471248038113, 2044353.665301430039108 ], [ 914804.569556646049023, 2044381.882511670002714 ], [ 914828.323105768999085, 2044409.945229229982942 ], [ 914864.069528777967207, 2044447.465181089937687 ], [ 914856.331601856974885, 2044511.348431050078943 ], [ 914854.822310548974201, 2044570.812049200059846 ], [ 914871.998926062020473, 2044617.016771960072219 ], [ 914915.134977977955714, 2044604.3758472900372 ], [ 914951.810195632977411, 2044605.302803359925747 ], [ 914993.785254232003354, 2044638.403123419964686 ], [ 915017.07440600998234, 2044684.762338849948719 ], [ 915036.689107490004972, 2044634.910447699949145 ], [ 915031.621465213014744, 2044593.588834770023823 ], [ 915038.546696817036718, 2044561.724456140073016 ], [ 915076.15070913603995, 2044526.058416429907084 ], [ 915113.174224796006456, 2044513.262999089900404 ], [ 915137.740469236043282, 2044509.306845339946449 ], [ 915107.874383855029009, 2044481.089635099982843 ], [ 915077.660000473028049, 2044466.594798279926181 ], [ 915073.172854861011729, 2044402.402562960051 ], [ 915099.132291313959286, 2044343.55691551999189 ], [ 915143.197137939976528, 2044294.32299506990239 ], [ 915168.808276402996853, 2044249.199721049983054 ], [ 915194.419414869043976, 2044204.076447020052001 ], [ 915207.341083441046067, 2044176.940685529960319 ], [ 915256.473572354996577, 2044169.028378040064126 ], [ 915305.373862594016828, 2044170.264319509966299 ], [ 915336.400941341998987, 2044152.740285030100495 ], [ 915363.173073198995553, 2044061.875766250072047 ], [ 915407.81841656495817, 2043989.771223420044407 ], [ 915446.351223662029952, 2043917.512187900021672 ], [ 915459.737289607990533, 2043872.079928500112146 ], [ 915491.228765730978921, 2043836.259396109962836 ], [ 915540.245155342039652, 2043832.921213119989261 ], [ 915582.684611317003146, 2043847.725035370094702 ], [ 915601.138319510035217, 2043843.614388959947973 ], [ 915649.225914407987148, 2043876.869201800087467 ], [ 915679.208099127979949, 2043900.512287630001083 ], [ 915727.179594679968432, 2043938.341224950039759 ], [ 915763.158216336974874, 2043966.712927950080484 ], [ 915805.829870973015204, 2043972.368501249933615 ], [ 915842.505088677047752, 2043973.295457389904186 ], [ 915873.183869433007203, 2043969.493796369992197 ], [ 915916.784318802994676, 2043938.556373870000243 ], [ 915935.818523708032444, 2043911.575105079915375 ], [ 916033.503004906000569, 2043918.621112630004063 ], [ 916202.91253070300445, 2043991.558775170007721 ], [ 916148.944598239962943, 2043949.001220650039613 ], [ 916248.138370912056416, 2043896.583610049914569 ], [ 916292.087118349969387, 2043851.923814160050824 ], [ 916348.377037715981714, 2043802.998879190068692 ], [ 916410.663394032046199, 2043758.802561389980838 ], [ 916459.911982357967645, 2043746.316129540093243 ], [ 916484.24602815695107, 2043751.50822481000796 ], [ 916503.512431790004484, 2043715.378707089927047 ], [ 916548.738272087997757, 2043620.403541970066726 ], [ 916568.120775080984458, 2043579.699899770086631 ], [ 916593.731913715950213, 2043534.576625789981335 ], [ 916625.687787338043563, 2043480.459595560096204 ], [ 916638.957754055038095, 2043439.601460650097579 ], [ 916646.811780577991158, 2043371.144086170010269 ], [ 916654.781906450982206, 2043298.112587210023776 ], [ 916662.519833630998619, 2043234.229337190045044 ], [ 916688.827568392036483, 2043161.661316310055554 ], [ 916708.558369469945319, 2043107.235300649888813 ], [ 916728.173071198980324, 2043057.3834094600752 ], [ 916752.971514428034425, 2043044.279006829950958 ], [ 916785.275686162989587, 2042976.439603120088577 ], [ 916811.002924202010036, 2042926.742204630048946 ], [ 916849.187433548970148, 2042868.205542590003461 ], [ 916899.945313554024324, 2042796.255492500029504 ], [ 916956.583531165961176, 2042733.608184089884162 ], [ 917006.412616373971105, 2042698.251129870070145 ], [ 917055.661204820964485, 2042685.764698070008308 ], [ 917092.684720676043071, 2042672.969280869932845 ], [ 917129.708236529957503, 2042660.173863670090213 ], [ 917173.773083523963578, 2042610.939943300094455 ], [ 917253.816552193951793, 2042590.077726109884679 ], [ 917394.753185163950548, 2042579.908685 ], [ 917498.898500976967625, 2042573.386812140000984 ], [ 917571.66843979305122, 2042598.111347110010684 ], [ 917643.857881802949123, 2042645.706504500005394 ], [ 917667.843629564973526, 2042664.620973289944232 ], [ 917698.174112346023321, 2042674.541685820091516 ], [ 917844.29448673396837, 2042701.120133399963379 ], [ 917898.494617899996229, 2042734.529439209960401 ], [ 917941.050173272960819, 2042744.759137189947069 ], [ 918039.663449587998912, 2042715.212149299914017 ], [ 918132.396388342953287, 2042676.362419750075787 ], [ 918211.975459606037475, 2042673.796700630104169 ], [ 918260.991849367972463, 2042670.45851790998131 ], [ 918322.349411100032739, 2042662.855196150019765 ], [ 918390.109757547033951, 2042643.9710559300147 ], [ 918457.870103996014223, 2042625.086915710009634 ], [ 918514.043924364028499, 2042580.73610540991649 ], [ 918569.288949807058088, 2042572.97829095995985 ], [ 918654.86445802799426, 2042575.141189109999686 ], [ 918752.200641385978088, 2042595.909570639953017 ], [ 918831.663613309967332, 2042597.917976089986041 ], [ 918886.212042551022023, 2042617.60490855993703 ], [ 918946.17641187296249, 2042664.891080630011857 ], [ 919036.006866473006085, 2042740.394463219912723 ], [ 919089.510401359992102, 2042801.248516000108793 ], [ 919118.912089159013703, 2042847.762224419973791 ], [ 919209.671338684973307, 2042886.672611190006137 ], [ 919257.526734738028608, 2042929.075673320097849 ], [ 919293.737555040977895, 2042948.299127609934658 ], [ 919323.487540935981087, 2042981.090462600113824 ], [ 919334.899917931994423, 2043013.418319389922544 ], [ 919340.548056741943583, 2043031.869310030015185 ], [ 919431.075107487966307, 2043079.927945750067011 ], [ 919504.309443678008392, 2043086.355983010027558 ], [ 919786.066610240959562, 2043070.592026429949328 ], [ 919840.498940041055903, 2043094.853083420079201 ], [ 919876.593660949962214, 2043118.650662210071459 ], [ 919931.025990747031756, 2043142.91171920998022 ], [ 920010.140664478996769, 2043158.642498220084235 ], [ 920040.819445344968699, 2043154.840837429976091 ], [ 920071.73042496398557, 2043141.890927710104734 ], [ 920109.102239013998769, 2043115.373137309914455 ], [ 920140.361516769044101, 2043088.700854169903323 ], [ 920159.279622553032823, 2043066.29371001990512 ], [ 920184.658562776981853, 2043030.318685200065374 ], [ 920210.153602379956283, 2042989.769535900093615 ], [ 920229.303906930028461, 2042958.214142800075933 ], [ 920242.341675181989558, 2042926.504256970016286 ], [ 920249.266907140961848, 2042894.639878389891237 ], [ 920250.892298448947258, 2042830.602135739987716 ], [ 920239.828219641000032, 2042784.551905510015786 ], [ 920229.344637728994712, 2042715.631052890093997 ], [ 920222.505430819001049, 2042685.066526950104162 ], [ 920212.864618893014267, 2042641.981583039974794 ], [ 920204.202439120970666, 2042585.034079799894243 ], [ 920202.381036979961209, 2042573.060730410041288 ], [ 920209.190169563982636, 2042545.770476280013099 ], [ 920234.220811681007035, 2042523.51782487006858 ], [ 920271.360427025007084, 2042506.148283409886062 ], [ 920308.500042377971113, 2042488.778741959948093 ], [ 920339.294922663946636, 2042480.402956729987636 ], [ 920382.547074323985726, 2042463.18790802010335 ], [ 920438.836994271026924, 2042414.262973469914868 ], [ 920470.328470858046785, 2042378.442441370105371 ], [ 920508.512980669969693, 2042319.905779629945755 ], [ 920527.895484038977884, 2042279.202137559885159 ], [ 920547.394086792948656, 2042233.92437100992538 ], [ 920547.974583707982674, 2042211.053748609963804 ], [ 920555.248113851994276, 2042165.466996560106054 ], [ 920525.730326757999137, 2042123.527412510011345 ], [ 920509.018109197029844, 2042059.026191540062428 ], [ 920498.186229177983478, 2042003.827712279977277 ], [ 920499.579421781003475, 2041948.938218499999493 ], [ 920495.208376222057268, 2041880.171858520014212 ], [ 920496.717668213997968, 2041820.708240249892697 ], [ 920509.871535907033831, 2041784.424229880096391 ], [ 920516.100171603960916, 2041780.004598150029778 ], [ 920572.622290421044454, 2041721.93141459999606 ], [ 920568.367344261030667, 2041648.590930110076442 ], [ 920575.756973810959607, 2041598.430053540039808 ], [ 920571.269828886957839, 2041534.237818 ], [ 920572.430822741007432, 2041488.496573149925098 ], [ 920568.059777201968245, 2041419.730213110102341 ], [ 920569.452969825943001, 2041364.840719280065969 ], [ 920570.497864297009073, 2041323.673598899971694 ], [ 920589.996467108023353, 2041278.395832279929891 ], [ 920596.68950036005117, 2041255.679702599998564 ], [ 920622.300639495952055, 2041210.556428730022162 ], [ 920653.908215572009794, 2041170.161772100022063 ], [ 920679.171056556981057, 2041138.760871689999476 ], [ 920705.014394480036572, 2041084.489348839968443 ], [ 920718.516560385003686, 2041034.482964969938621 ], [ 920714.14551487902645, 2040965.716604880057275 ], [ 920685.556522856000811, 2040887.184024790069088 ], [ 920649.6940006329678, 2040854.238196840044111 ], [ 920607.835041468031704, 2040816.563751650042832 ], [ 920584.778088817954995, 2040761.05628675990738 ], [ 920573.946208814973943, 2040705.857807350112125 ], [ 920582.032434722990729, 2040628.252183740027249 ], [ 920595.766799413016997, 2040569.097550839884207 ], [ 920603.156429004040547, 2040518.936674169963226 ], [ 920609.501164105953649, 2040509.942917929962277 ], [ 920629.115866355947219, 2040460.091026759939268 ], [ 920641.921435951953754, 2040437.529389800038189 ], [ 920655.6558006539708, 2040378.374756890116259 ], [ 920656.816794542013668, 2040332.633511940017343 ], [ 920663.742026590975001, 2040300.769133229972795 ], [ 920652.445749043021351, 2040263.867151760030538 ], [ 920683.00843069201801, 2040264.639615529915318 ], [ 920731.792621938046068, 2040270.449682069942355 ], [ 920780.925111350021325, 2040262.537375119980425 ], [ 920818.993522012024187, 2040208.574837710009888 ], [ 920880.931581048993394, 2040178.100893809925765 ], [ 920943.217938269022852, 2040133.904576430097222 ], [ 920968.364679944003001, 2040107.077800489962101 ], [ 920975.986508365953341, 2040047.768674799939618 ], [ 920959.15819146798458, 2039987.84157807007432 ], [ 920948.790709074004553, 2039914.346600590040907 ], [ 920949.951702993013896, 2039868.605355619918555 ], [ 920964.266564726014622, 2039786.580100170103833 ], [ 920977.652631320990622, 2039741.147840700112283 ], [ 921009.840704499045387, 2039677.882561509963125 ], [ 921041.796578902052715, 2039623.765531319892034 ], [ 921055.066546119982377, 2039582.907396340044215 ], [ 921044.350765562034212, 2039523.1347923099529 ], [ 921027.522448666044511, 2039463.207695520017296 ], [ 920998.933456668979488, 2039384.675115189980716 ], [ 920976.224802215001546, 2039315.445276620099321 ], [ 920970.584136047982611, 2039290.237048239912838 ], [ 920959.744783494970761, 2039241.795806290116161 ], [ 920974.640142239048146, 2039136.899928230093792 ], [ 921043.735632315045223, 2039065.413356550037861 ], [ 921105.905890300986357, 2039025.791163630085066 ], [ 921125.404493284993805, 2038980.513396879890934 ], [ 921144.903096279012971, 2038935.235630119917914 ], [ 921133.722918153041974, 2038893.759524039924145 ], [ 921135.348309698980302, 2038829.721780959982425 ], [ 921130.280667918967083, 2038788.400167640065774 ], [ 921125.213026138953865, 2038747.078554319916293 ], [ 921133.067053430946544, 2038678.621179470093921 ], [ 921146.569219487952068, 2038628.614795420086011 ], [ 921197.559299421962351, 2038547.516496400116012 ], [ 921229.399074538028799, 2038497.973590630106628 ], [ 921272.999524769023992, 2038467.036168440012261 ], [ 921323.060809548944235, 2038422.530865489970893 ], [ 921342.026155377039686, 2038271.06327094999142 ], [ 921376.76190756005235, 2037993.644610849907622 ], [ 921359.236994297010824, 2037961.162260960089043 ], [ 921342.292578032007441, 2037905.80928849009797 ], [ 921319.583923607948236, 2037836.579449709970504 ], [ 921290.878832224057987, 2037762.620993640040979 ], [ 921261.128846238949336, 2037729.829658190021291 ], [ 921224.337528693955392, 2037733.476826089899987 ], [ 921169.440800877055153, 2037727.512266660109162 ], [ 921139.226417287951335, 2037713.017429270083085 ], [ 921115.588967649964616, 2037680.380586599931121 ], [ 921080.306942285038531, 2037624.564135800115764 ], [ 921062.782028998946771, 2037592.081785880029202 ], [ 921039.841175741050392, 2037532.000196089968085 ], [ 921035.818428558995947, 2037449.511462009977549 ], [ 921043.091958908014931, 2037403.924709599930793 ], [ 921050.597688055946492, 2037349.18970814999193 ], [ 920832.984466396970674, 2037247.571353629929945 ], [ 921559.374007615027949, 2036944.608144500060007 ], [ 921562.448765133973211, 2036943.32572183990851 ], [ 922669.886157696950249, 2036447.242672039894387 ], [ 922882.431737774051726, 2036507.539413939928636 ], [ 922817.571341797010973, 2035859.261633809888735 ], [ 922783.001346632023342, 2035513.735532359918579 ], [ 922555.554585632984526, 2033240.411727610044181 ], [ 922465.608030825038441, 2033169.48246740992181 ], [ 922374.152183540980332, 2033158.016826360020787 ], [ 922319.487654124968685, 2033142.904017549939454 ], [ 922246.369416060042568, 2033131.901854909956455 ], [ 922161.374403432011604, 2033106.868333040038124 ], [ 922051.813145744032227, 2033085.790964559884742 ], [ 921967.514729605056345, 2033033.312695400090888 ], [ 921902.366618601954542, 2032949.279032740043476 ], [ 921874.028667150996625, 2032921.100444660056382 ], [ 921845.690715700038709, 2032892.921856580069289 ], [ 921789.014812791021541, 2032836.564680420095101 ], [ 921705.645191926043481, 2032747.493414809927344 ], [ 921604.286260043969378, 2032644.236297159921378 ], [ 921526.680877306032926, 2032569.041897990042344 ], [ 921436.966521135997027, 2032488.964388689957559 ], [ 921334.794893288053572, 2032417.726142930099741 ], [ 921232.158867771038786, 2032364.784395409980789 ], [ 921177.494338265969418, 2032349.671586659969762 ], [ 921122.829808761947788, 2032334.558777909958735 ], [ 921028.847069378010929, 2032316.47840117989108 ], [ 920290.130147507996298, 2032174.364218420116231 ], [ 920246.339745935983956, 2032165.939831580035388 ], [ 920208.111594476969913, 2032177.393935249885544 ], [ 920169.883443024009466, 2032188.848038919968531 ], [ 919205.905613025999628, 2032477.679740780033171 ], [ 918865.753848346997984, 2032579.597658930113539 ], [ 917042.551876579993404, 2032840.179658390115947 ], [ 916444.672316328040324, 2033085.280556560028344 ], [ 916403.435214400989935, 2033102.185718419961631 ], [ 916337.944068614044227, 2033129.033832590095699 ], [ 916197.123532655998133, 2033134.628748960094526 ], [ 916136.578665497014299, 2033110.213198849931359 ], [ 916088.374970498029143, 2033081.53250964009203 ], [ 916050.343695207964629, 2033051.542204210069031 ], [ 916034.407037205994129, 2033038.974954 ], [ 915954.827964619034901, 2033041.540673129959032 ], [ 915924.14918323897291, 2033045.342334070010111 ], [ 915869.368554363027215, 2033034.803650409914553 ], [ 915789.789481783984229, 2033037.369369559921324 ], [ 915740.656991836964153, 2033045.281676900107414 ], [ 915698.333634495036677, 2033025.903729570098221 ], [ 915637.556568578002043, 2033010.636428639991209 ], [ 915608.154880219954066, 2032964.122719350038096 ], [ 915571.711860536946915, 2032954.047513880068436 ], [ 915535.268840856966563, 2032943.972308410098776 ], [ 915486.020251546986401, 2032956.45874035009183 ], [ 915453.94827781105414, 2033015.149896129965782 ], [ 915433.753078795969486, 2033087.872411059914157 ], [ 915475.263740599970333, 2033139.269230339908972 ], [ 915498.552892565028742, 2033185.628446890041232 ], [ 915390.808494815952145, 2033333.948181329993531 ], [ 915342.02430299797561, 2033328.13811502000317 ], [ 915292.891813094029203, 2033336.050422410015017 ], [ 915255.171700460021384, 2033376.290587200084701 ], [ 915211.687349517946132, 2033402.653885569889098 ], [ 915155.629627706948668, 2033442.430572210112587 ], [ 915094.504263747017831, 2033440.885645060101524 ], [ 915038.794840026996098, 2033466.939958020113409 ], [ 914983.782012464944273, 2033465.549523589899763 ], [ 914921.495654928032309, 2033509.745842109899968 ], [ 914858.977098686969839, 2033563.090409759897739 ], [ 914828.182218004949391, 2033571.466195340035483 ], [ 914749.415841014008038, 2033542.013042700011283 ], [ 914650.918662567972206, 2033566.985906719928607 ], [ 914552.18928542197682, 2033601.107019900111482 ], [ 914466.497676555998623, 2033603.518246550112963 ], [ 914375.274028063984588, 2033582.904357679886743 ], [ 914308.500525146955624, 2033562.908439639955759 ], [ 914192.13013496005442, 2033569.121327369939536 ], [ 914148.76188344496768, 2033590.910501270089298 ], [ 914062.838075884967111, 2033602.469977119937539 ], [ 913977.262566382996738, 2033600.30707928002812 ], [ 913940.122950620949268, 2033617.676621339982376 ], [ 913920.392149253049865, 2033672.102638029959053 ], [ 913711.056056753965095, 2033691.244656709954143 ], [ 912850.192440829006955, 2033769.96336885006167 ], [ 911645.907386849983595, 2033880.085075469920412 ], [ 911592.731784592964686, 2033926.800195710035041 ], [ 911539.556182340951636, 2033973.51531594991684 ], [ 911765.755653709056787, 2035385.559121730038896 ], [ 911772.75396014098078, 2035429.245851800078526 ], [ 911877.468918776023202, 2036082.926020069979131 ], [ 911898.784382399986498, 2036207.04535361006856 ], [ 911885.86271371494513, 2036234.18111557001248 ], [ 911860.599872980033979, 2036265.58201672998257 ], [ 911848.026502275955863, 2036278.995405029971153 ], [ 911822.995860198047012, 2036301.248057099990547 ], [ 911803.84555583295878, 2036332.803450929932296 ], [ 911778.118317803950049, 2036382.500850290060043 ], [ 911764.732251832028851, 2036427.933110429905355 ], [ 911738.076219215989113, 2036514.223506170092151 ], [ 911731.150987584027462, 2036546.087885329965502 ], [ 911704.611054308945313, 2036627.804156499914825 ], [ 911685.809047937975265, 2036645.637176689924672 ], [ 911648.669432497001253, 2036663.00671887001954 ], [ 911623.987088419962674, 2036671.536997290095314 ], [ 911599.420843667001463, 2036675.493151169968769 ], [ 911531.71854644198902, 2036692.09023003000766 ], [ 911482.469957620021887, 2036704.576662339968607 ], [ 911458.019812193000689, 2036703.958691680105403 ], [ 911391.246309551992454, 2036683.962774189887568 ], [ 911337.510574875050224, 2036632.256970189977437 ], [ 911302.344647899037227, 2036571.866395079996437 ], [ 911296.812608147971332, 2036548.841279679909348 ], [ 911268.455813455977477, 2036461.160449940012768 ], [ 911258.088329873979092, 2036387.665471819927916 ], [ 911248.185243576997891, 2036295.87399548990652 ], [ 911244.859090931015089, 2036185.940513599896803 ], [ 911236.116997855016962, 2036048.407791709993035 ], [ 911195.535130421048962, 2035960.417976550059393 ], [ 911124.158382505993359, 2035880.803947170032188 ], [ 911052.085038647986948, 2035828.634665109915659 ], [ 911022.102853419957682, 2035804.991579009918496 ], [ 911017.383512789034285, 2035749.947588789975271 ], [ 911005.506738016032614, 2035735.916229800088331 ], [ 910957.303043002029881, 2035707.235541180009022 ], [ 910902.870712292962708, 2035682.97448443993926 ], [ 910872.540229093050584, 2035673.053772029932588 ], [ 910802.173893247032538, 2035686.570102700032294 ], [ 910745.00508432998322, 2035698.820517210057005 ], [ 910653.079717893037014, 2035717.135668959934264 ], [ 910572.920777235995047, 2035753.678715439978987 ], [ 910528.126075100968592, 2035773.718450600048527 ], [ 910459.295859111007303, 2035827.243936789920554 ], [ 910410.178354143979959, 2035860.898523529991508 ], [ 910381.95388919301331, 2035869.201894619967788 ], [ 910354.84130632400047, 2035889.241629790049046 ], [ 910299.209176253993064, 2035932.300822410034016 ], [ 910254.639588415040635, 2035963.681450590025634 ], [ 910246.390974842011929, 2035980.009842009982094 ], [ 910232.354794493992813, 2035995.516870470019057 ], [ 910220.075418252963573, 2035998.700412459904328 ], [ 910200.064582895953208, 2036003.703121300088242 ], [ 910187.450577300973237, 2036002.407193070044741 ], [ 910165.500412732944824, 2036015.982497540069744 ], [ 910135.583027462009341, 2036038.950239550089464 ], [ 910066.03335835901089, 2036103.784676850074902 ], [ 909987.676853082957678, 2036191.532098629977554 ], [ 909971.304351428989321, 2036203.356683159945533 ], [ 909955.225410977960564, 2036227.55951168993488 ], [ 909897.463821385987103, 2036298.2879887400195 ], [ 909848.965380721958354, 2036361.62419915990904 ], [ 909834.41204591805581, 2036375.267950539942831 ], [ 909768.973754739039578, 2036464.4999098200351 ], [ 909758.007038190029562, 2036482.144003019900993 ], [ 909739.815369684016332, 2036496.242546109948307 ], [ 909726.171618303982541, 2036501.700046659912914 ], [ 909715.711408913019113, 2036513.979422899894416 ], [ 909713.437450350960717, 2036525.804007430095226 ], [ 909722.078492891043425, 2036538.992967100115493 ], [ 909739.36057797097601, 2036543.086092510027811 ], [ 909748.001620513037778, 2036549.453176490031183 ], [ 909754.82805933104828, 2036559.983353839954361 ], [ 909761.900907034985721, 2036582.380704900017008 ], [ 909758.364483181969263, 2036614.208519580075517 ], [ 909740.682363918982446, 2036630.711830890038982 ], [ 909730.073092360049486, 2036651.930374 ], [ 909712.39097309904173, 2036684.936996629927307 ], [ 909704.13931744301226, 2036710.870771550107747 ], [ 909700.602893588016741, 2036741.51977827004157 ], [ 909704.898518407950178, 2036759.891059069894254 ], [ 909716.337334587005898, 2036782.367007500026375 ], [ 909724.515994051005691, 2036797.943187329918146 ], [ 909738.61336396203842, 2036810.379425350110978 ], [ 909757.048175861011259, 2036821.480715499958023 ], [ 909777.651698988978751, 2036831.91454737004824 ], [ 909793.978739305050112, 2036840.829357200069353 ], [ 909807.434459267999046, 2036849.682811239967123 ], [ 909814.353479212033562, 2036861.96567031997256 ], [ 909816.797781464993022, 2036882.004919290076941 ], [ 909817.195351648959331, 2036897.003657619934529 ], [ 909816.875094127957709, 2036911.987041570013389 ], [ 909813.622537042945623, 2036929.763016130076721 ], [ 909807.330936152953655, 2036955.326021469896659 ], [ 909805.544532092055306, 2036971.705656730104238 ], [ 909806.761363644036464, 2036989.794787789927796 ], [ 909807.179479270009324, 2036996.010396149940789 ], [ 909805.484575769980438, 2037008.109053380088881 ], [ 909803.117604390950873, 2037018.051889070076868 ], [ 909802.965097554028034, 2037025.186789670027792 ], [ 909805.668619191972539, 2037033.096550770103931 ], [ 909807.59331431298051, 2037043.844923259923235 ], [ 909806.753486728994176, 2037049.537493020063266 ], [ 909800.07960161101073, 2037059.388245519949123 ], [ 909792.764157408033498, 2037065.656209169887006 ], [ 909782.638445956981741, 2037069.008848509984091 ], [ 909774.605193724972196, 2037075.261471099918708 ], [ 909769.427968497970141, 2037082.288950959919021 ], [ 909766.373699764022604, 2037090.789430380100384 ], [ 909760.463414147030562, 2037098.515050020068884 ], [ 909757.470149073982611, 2037104.161575800040737 ], [ 909760.830487448954955, 2037114.940584579948336 ], [ 909761.991622684057802, 2037127.814018960110843 ], [ 909760.418741571018472, 2037134.204705609939992 ], [ 909752.416020517004654, 2037139.030338410055265 ], [ 909747.254066315945238, 2037145.344310689950362 ], [ 909746.781329634017311, 2037167.462336200056598 ], [ 909749.210342881036922, 2037188.214738890063018 ], [ 909754.434346714988351, 2037212.595905550057068 ], [ 909761.842268205014989, 2037235.596111889928579 ], [ 909767.371251318021677, 2037245.707603089977056 ], [ 909779.452038969029672, 2037251.676299259997904 ], [ 909797.871105452999473, 2037263.490954420063645 ], [ 909807.065378422033973, 2037270.111768709961325 ], [ 909821.177549159969203, 2037281.834371240111068 ], [ 909830.310791812022217, 2037291.309115570038557 ], [ 909846.011096830014139, 2037295.927621149923652 ], [ 909858.916429472970776, 2037296.917349109891802 ], [ 909866.84285453602206, 2037295.659210660029203 ], [ 909875.532858008984476, 2037292.275981360115111 ], [ 909888.590753986965865, 2037286.130921049974859 ], [ 909904.489392644027248, 2037281.474223860073835 ], [ 909916.722699622041546, 2037280.308196990052238 ], [ 909929.658564088051207, 2037279.871008839923888 ], [ 909941.113034539972432, 2037281.543573200004175 ], [ 909956.813340974971652, 2037286.162175569916144 ], [ 909970.177101247943938, 2037299.296511169988662 ], [ 909985.823849937994964, 2037333.061832749983296 ], [ 909963.263404157012701, 2037357.964784410083666 ], [ 909942.141902699018829, 2037360.36893409001641 ], [ 909912.833342927973717, 2037402.26270411000587 ], [ 909889.275735241011716, 2037458.87592142005451 ], [ 909868.025171095971018, 2037452.392502790084109 ], [ 909842.906520048039965, 2037522.299432839965448 ], [ 909816.701516126049682, 2037583.29809060995467 ], [ 909795.018191096023656, 2037641.854731610044837 ], [ 909789.872750923037529, 2037673.475962219992653 ], [ 909788.461473362985998, 2037709.619343690108508 ], [ 909811.157656669034623, 2037708.20077084004879 ], [ 909813.888057257980108, 2037759.663587179966271 ], [ 909792.447949773049913, 2037762.060929090017453 ], [ 909798.53169275901746, 2037791.06627666996792 ], [ 909820.217200675979257, 2037836.905328729888424 ], [ 909850.443085912964307, 2037871.503843969898298 ], [ 909893.255770807038061, 2037899.708104710094631 ], [ 909961.948229938047007, 2037911.966022789943963 ], [ 910007.564335272996686, 2037913.576562809990719 ], [ 910029.099499788018875, 2037921.652749199885875 ] ] ] } },
{ "type": "Feature", "properties": { "ID": 651.0, "ENTIDAD": 30, "DISTRITO_F": 19, "DISTRITO_L": 25, "MUNICIPIO": 34, "SECCION": 654, "TIPO": 4, "CONTROL": 4848.0, "GEOMETRY1_": null, "SECCION_KEY": "654", "morena": 310, "pt": 287, "verde": 49, "verde-morena": 19, "pan": 52, "pri": 6, "mc": 124, "V_4T_25": 665, "V_ALI_25": 58, "V_MC_25": 124, "TOTAL_25": 847, "GANADOR_25": "4T", "MARGEN_VICTORIA": 0.63872491145218413, "GANADOR_21": "4T", "PERFIL_POLITICO": "BASTION" }, "geometry": { "type": "Polygon", "coordinates": [ [ [ 911539.556182340951636, 2033973.51531594991684 ], [ 911592.731784592964686, 2033926.800195710035041 ], [ 911645.907386849983595, 2033880.085075469920412 ], [ 912850.192440829006955, 2033769.96336885006167 ], [ 913711.056056753965095, 2033691.244656709954143 ], [ 913920.392149253049865, 2033672.102638029959053 ], [ 913940.122950620949268, 2033617.676621339982376 ], [ 913977.262566382996738, 2033600.30707928002812 ], [ 914062.838075884967111, 2033602.469977119937539 ], [ 914148.76188344496768, 2033590.910501270089298 ], [ 914192.13013496005442, 2033569.121327369939536 ], [ 914308.500525146955624, 2033562.908439639955759 ], [ 914375.274028063984588, 2033582.904357679886743 ], [ 914466.497676555998623, 2033603.518246550112963 ], [ 914552.18928542197682, 2033601.107019900111482 ], [ 914650.918662567972206, 2033566.985906719928607 ], [ 914749.415841014008038, 2033542.013042700011283 ], [ 914828.182218004949391, 2033571.466195340035483 ], [ 914858.977098686969839, 2033563.090409759897739 ], [ 914921.495654928032309, 2033509.745842109899968 ], [ 914983.782012464944273, 2033465.549523589899763 ], [ 915038.794840026996098, 2033466.939958020113409 ], [ 915094.504263747017831, 2033440.885645060101524 ], [ 915155.629627706948668, 2033442.430572210112587 ], [ 915211.687349517946132, 2033402.653885569889098 ], [ 915255.171700460021384, 2033376.290587200084701 ], [ 915292.891813094029203, 2033336.050422410015017 ], [ 915342.02430299797561, 2033328.13811502000317 ], [ 915390.808494815952145, 2033333.948181329993531 ], [ 915498.552892565028742, 2033185.628446890041232 ], [ 915475.263740599970333, 2033139.269230339908972 ], [ 915433.753078795969486, 2033087.872411059914157 ], [ 915453.94827781105414, 2033015.149896129965782 ], [ 915486.020251546986401, 2032956.45874035009183 ], [ 915535.268840856966563, 2032943.972308410098776 ], [ 915571.711860536946915, 2032954.047513880068436 ], [ 915608.154880219954066, 2032964.122719350038096 ], [ 915637.556568578002043, 2033010.636428639991209 ], [ 915698.333634495036677, 2033025.903729570098221 ], [ 915740.656991836964153, 2033045.281676900107414 ], [ 915789.789481783984229, 2033037.369369559921324 ], [ 915869.368554363027215, 2033034.803650409914553 ], [ 915924.14918323897291, 2033045.342334070010111 ], [ 915954.827964619034901, 2033041.540673129959032 ], [ 916034.407037205994129, 2033038.974954 ], [ 916050.343695207964629, 2033051.542204210069031 ], [ 916088.374970498029143, 2033081.53250964009203 ], [ 916136.578665497014299, 2033110.213198849931359 ], [ 916197.123532655998133, 2033134.628748960094526 ], [ 916337.944068614044227, 2033129.033832590095699 ], [ 916403.435214400989935, 2033102.185718419961631 ], [ 916444.672316328040324, 2033085.280556560028344 ], [ 917042.551876579993404, 2032840.179658390115947 ], [ 918865.753848346997984, 2032579.597658930113539 ], [ 919205.905613025999628, 2032477.679740780033171 ], [ 920169.883443024009466, 2032188.848038919968531 ], [ 920208.111594476969913, 2032177.393935249885544 ], [ 920246.339745935983956, 2032165.939831580035388 ], [ 920020.330024907016195, 2031711.686316509963945 ], [ 919623.645187731017359, 2030914.395470910007134 ], [ 920184.222413058043458, 2030516.628608880098909 ], [ 920238.538644511019811, 2030545.463791369926184 ], [ 920293.319273598026484, 2030556.002475559944287 ], [ 920366.901909620966762, 2030548.7081397799775 ], [ 920415.802201093058102, 2030549.944082040106878 ], [ 920482.343505403958261, 2030579.088250109925866 ], [ 920574.495949557051063, 2030563.109143560053781 ], [ 920679.337864232016727, 2030529.142524289898574 ], [ 920740.231029754970223, 2030539.835701310075819 ], [ 920794.082863532006741, 2030586.967382139991969 ], [ 920823.71675039594993, 2030624.332842679927126 ], [ 921069.379201903007925, 2030584.771308460040018 ], [ 921125.36291218502447, 2030420.608963409904391 ], [ 921188.228413391043432, 2030239.918710889993235 ], [ 921103.929996837978251, 2030187.440441450104117 ], [ 921018.818884356995113, 2030166.981044070096686 ], [ 920964.154354654019699, 2030151.868235219968483 ], [ 920934.984865440987051, 2030096.206276319921017 ], [ 920942.60669428401161, 2030036.897149570053443 ], [ 920931.774814391043037, 2029981.698669030098245 ], [ 920958.663047890993766, 2029886.260023989947513 ], [ 920965.704379659960978, 2029849.821520129917189 ], [ 920954.524201520951465, 2029808.345413319999352 ], [ 920881.638161869952455, 2029788.195001499960199 ], [ 920820.861095687025227, 2029772.927699859952554 ], [ 920760.548427163972519, 2029739.363899890100583 ], [ 920755.712984284036793, 2029688.894036679994315 ], [ 920800.242230618023314, 2029621.363617460010573 ], [ 920827.014364712988026, 2029530.499096930027008 ], [ 920804.886207245057449, 2029438.398634070064873 ], [ 920770.068579216022044, 2029364.28568395995535 ], [ 920734.206056443974376, 2029331.339855120051652 ], [ 920636.637672111042775, 2029319.71972131007351 ], [ 920562.938936496968381, 2029331.58818160998635 ], [ 920502.277969678980298, 2029311.746755379950628 ], [ 920412.215314751956612, 2029245.391619350062683 ], [ 920316.620620416942984, 2029156.011367589933798 ], [ 920213.404097257996909, 2029125.940242710057646 ], [ 920115.603514073998667, 2029123.468358159996569 ], [ 919963.254500488052145, 2029101.30954022007063 ], [ 919828.894798018969595, 2029093.336574439890683 ], [ 919725.213877202942967, 2029081.561947989976034 ], [ 919603.195347041008063, 2029069.323843230027705 ], [ 919553.830657819984481, 2029086.384399370057508 ], [ 919484.038569952943362, 2029185.315719820093364 ], [ 919433.512886703014374, 2029248.117521869949996 ], [ 919366.50718459894415, 2029237.269852160010487 ], [ 919337.802092837984674, 2029163.311394830001518 ], [ 919291.107689936994575, 2029075.167085390072316 ], [ 919256.406161117949523, 2028996.48001066991128 ], [ 919209.943957005976699, 2028899.18745201989077 ], [ 919192.070745270000771, 2028880.427475319942459 ], [ 919112.375572607037611, 2028887.567318439949304 ], [ 919014.342790600960143, 2028894.243683259934187 ], [ 918947.337088451022282, 2028883.39601358002983 ], [ 918928.709230597945862, 2028894.367846749955788 ], [ 918910.081372744985856, 2028905.339679920114577 ], [ 918854.371948285959661, 2028931.393992549972609 ], [ 918812.280789545970038, 2028902.867795590078458 ], [ 918797.870193926035427, 2028868.17562920995988 ], [ 918783.459598307032138, 2028833.483462820062414 ], [ 918747.713174807955511, 2028795.963509429944679 ], [ 918718.079287756001577, 2028758.598048819927499 ], [ 918676.800824800971895, 2028698.052979680011049 ], [ 918634.941864836961031, 2028660.378533520037308 ], [ 918543.950414452003315, 2028630.616394409909844 ], [ 918501.278758684988134, 2028624.960820439970121 ], [ 918509.016686722985469, 2028561.077568840002641 ], [ 918571.303045251057483, 2028516.881250540027395 ], [ 918626.780270935036242, 2028499.975187069969252 ], [ 918719.977609958034009, 2028442.828958840109408 ], [ 918732.52811550302431, 2028428.331977610010654 ], [ 918770.387193817994557, 2028384.601281220093369 ], [ 918827.257612348999828, 2028312.8057225800585 ], [ 918890.008368553943001, 2028250.312905919970945 ], [ 918970.400137722957879, 2028215.728315169923007 ], [ 919044.098873425973579, 2028203.859854670008644 ], [ 919141.43505913100671, 2028224.628237480064854 ], [ 919208.324661946040578, 2028240.050031810067594 ], [ 919295.409464632975869, 2028182.74931091000326 ], [ 919351.583286826964468, 2028138.398499910021201 ], [ 919417.892392609966919, 2028176.690917280036956 ], [ 919531.244199524982832, 2028289.405270460061729 ], [ 919584.283337692962959, 2028368.55582362995483 ], [ 919610.977055888972245, 2028401.26991332997568 ], [ 919637.67077408102341, 2028433.984003019984812 ], [ 919667.304661088972352, 2028471.349463690072298 ], [ 919733.729866232024506, 2028505.067756460048258 ], [ 919788.046097874990664, 2028533.902939070016146 ], [ 919860.932137693976983, 2028554.05335083999671 ], [ 919958.854918090044521, 2027828.775945980101824 ], [ 919974.173939496977255, 2027829.163130309898406 ], [ 920417.295152826001868, 2027840.362905130023137 ], [ 920386.424904873012565, 2027610.72971835010685 ], [ 920345.600656538968906, 2027592.53392476006411 ], [ 920223.127911531017162, 2027537.946543969912454 ], [ 920150.822368666995317, 2027494.925509070046246 ], [ 920126.952719878056087, 2027471.43691489007324 ], [ 920122.001177562051453, 2027425.541176069993526 ], [ 920092.599489370011725, 2027379.027466079918668 ], [ 920057.201364130014554, 2027327.785138699924573 ], [ 919978.78328476799652, 2027284.609611 ], [ 919918.238417148008011, 2027260.194060089997947 ], [ 919888.720629525952972, 2027218.254474699962884 ], [ 919907.638736000051722, 2027195.847330040065572 ], [ 919938.375567473005503, 2027189.758607069961727 ], [ 919969.112398943048902, 2027183.669884100090712 ], [ 920054.687909521977417, 2027185.832783140009269 ], [ 920146.259857157012448, 2027192.724299600115046 ], [ 920213.613857742049731, 2027189.849595689913258 ], [ 920330.448647183016874, 2027165.340211099945009 ], [ 920403.915184248005971, 2027162.620000009890646 ], [ 920502.76066255196929, 2027123.924763259943575 ], [ 920546.361113785998896, 2027092.987340589985251 ], [ 920589.729366185958497, 2027071.198167129885405 ], [ 920608.415273859980516, 2027057.939271700102836 ], [ 920586.054917532019317, 2026974.987057599937543 ], [ 920562.53356699901633, 2026937.776089570019394 ], [ 920508.681732933036983, 2026890.644408340100199 ], [ 920461.639031850965694, 2026816.222472249995917 ], [ 920438.117681305040605, 2026779.01150421006605 ], [ 920385.426841409993358, 2026686.138576870085672 ], [ 920355.67685496294871, 2026653.347240640083328 ], [ 920259.26946436194703, 2026595.985860609915107 ], [ 920186.383424311992712, 2026575.835448649944738 ], [ 920107.268748366041109, 2026560.104668519925326 ], [ 920046.375582432025112, 2026549.41149138007313 ], [ 919984.669720579986461, 2026570.737186529906467 ], [ 919929.656892293947749, 2026569.346751420060173 ], [ 919887.333534618024714, 2026549.968803439987823 ], [ 919846.171171089052223, 2026484.849609350087121 ], [ 919811.121344031998888, 2026419.884908030042425 ], [ 919756.572913391049951, 2026400.19797447999008 ], [ 919695.215349780046381, 2026407.801295829936862 ], [ 919639.970322654000483, 2026415.559109959984198 ], [ 919612.225979442009702, 2026414.859611019957811 ], [ 919603.29510378302075, 2026414.632153240032494 ], [ 919574.822210832964629, 2026331.525446260115132 ], [ 919575.576857018982992, 2026301.793636260088533 ], [ 919576.331503206980415, 2026272.061826270073652 ], [ 919662.835809229989536, 2026237.63172837998718 ], [ 919665.742422404000536, 2026236.983978440053761 ], [ 919718.196935793035664, 2026225.299789630109444 ], [ 919707.597254637046717, 2026160.953059440013021 ], [ 919699.299195523024537, 2026126.415385639993474 ], [ 919691.001136410981417, 2026091.877711839973927 ], [ 919659.183647888014093, 2026028.541212959913537 ], [ 919644.422832848038524, 2025999.159277200000361 ], [ 919621.830277555971406, 2025925.355312169995159 ], [ 919581.132311629946344, 2025841.939619519980624 ], [ 919502.830331473960541, 2025794.189967090031132 ], [ 919457.740954029024579, 2025763.299461160087958 ], [ 919412.651576583972201, 2025732.408955229911953 ], [ 919353.035504100029357, 2025671.400407310109586 ], [ 919312.607420471962541, 2025697.840951920021325 ], [ 919272.179336840985343, 2025724.281496529933065 ], [ 919274.6927915540291, 2025866.233852519886568 ], [ 919254.033193871960975, 2025957.252866540104151 ], [ 919233.141397382016294, 2026057.420129779959098 ], [ 919200.605024992022663, 2026134.407784349983558 ], [ 919187.335057338001207, 2026175.265920330071822 ], [ 919162.188314956962131, 2026202.092696900013834 ], [ 919155.030883788946085, 2026243.105325659969822 ], [ 919159.63412793900352, 2026302.72343844990246 ], [ 919152.360597359016538, 2026348.31019181990996 ], [ 919122.262312609003857, 2026329.241229450097308 ], [ 919062.065743098035455, 2026291.103304710006341 ], [ 919019.974584202980623, 2026262.57710754009895 ], [ 918965.07785530295223, 2026256.612547900062054 ], [ 918915.829265251988545, 2026269.098979509901255 ], [ 918854.471701650996692, 2026276.702300949953496 ], [ 918798.762276903958991, 2026302.756613640114665 ], [ 918755.510123932966962, 2026319.971662659896538 ], [ 918724.599143325001933, 2026332.921572620049119 ], [ 918699.800699198036455, 2026346.025975360069424 ], [ 918674.305658636963926, 2026386.575125799980015 ], [ 918710.400380467996001, 2026410.372705539921299 ], [ 918745.218008829047903, 2026484.48565604002215 ], [ 918719.142471247003414, 2026547.905429539969191 ], [ 918692.602536048972979, 2026629.62170148990117 ], [ 918690.62884616095107, 2026707.38181991991587 ], [ 918731.675110397976823, 2026777.075138550018892 ], [ 918785.759143406990916, 2026815.058570429915562 ], [ 918820.808970561018214, 2026880.02327166008763 ], [ 918824.483419514959678, 2026976.234381269896403 ], [ 918810.749054303043522, 2027035.389015649911016 ], [ 918790.902152630034834, 2027094.389157250057906 ], [ 918730.473384361946955, 2027065.399481839966029 ], [ 918689.194921331014484, 2027004.854412470012903 ], [ 918593.019729458028451, 2026938.344783530104905 ], [ 918575.146517660003155, 2026919.584806760074571 ], [ 918497.076736373011954, 2026862.686905360082164 ], [ 918398.57955641602166, 2026887.659768670098856 ], [ 918337.338092301040888, 2026890.68896555993706 ], [ 918215.08736288396176, 2026887.599110150011256 ], [ 918142.433521631057374, 2026858.30044923000969 ], [ 918083.165747322025709, 2026783.569527730112895 ], [ 918005.212065374944359, 2026722.097501750104129 ], [ 917921.261946341954172, 2026655.896858379943296 ], [ 917830.734893230022863, 2026607.838220719946548 ], [ 917770.306124883005396, 2026578.84854535991326 ], [ 917697.420084786019288, 2026558.698133700061589 ], [ 917660.744865942979231, 2026557.771177110029384 ], [ 917562.94428236305248, 2026555.299292880110443 ], [ 917464.911499993992038, 2026561.975657900096849 ], [ 917398.137996364966966, 2026541.979739039903507 ], [ 917378.871591786039062, 2026578.109257699921727 ], [ 917432.839525489951484, 2026620.666814110009 ], [ 917510.44490931101609, 2026695.861213879892603 ], [ 917576.057418963988312, 2026761.598378899972886 ], [ 917624.725511942990124, 2026771.982570240041241 ], [ 917747.208440168993548, 2026765.924176309956238 ], [ 917820.326679032994434, 2026776.92633871990256 ], [ 917874.526811490999535, 2026810.335645919898525 ], [ 917958.476930506993085, 2026876.536289250012487 ], [ 918030.434175367001444, 2026933.279697820078582 ], [ 918084.634307801024988, 2026966.689005020074546 ], [ 918138.950539633980952, 2026995.524187620030716 ], [ 918168.584426783956587, 2027032.889648359967396 ], [ 918155.314459242043085, 2027073.747784320032224 ], [ 918141.580094113014638, 2027132.90241873008199 ], [ 918121.268794922041707, 2027210.19905881001614 ], [ 918125.523741004057229, 2027283.53954532998614 ], [ 918081.57499175297562, 2027328.199342059902847 ], [ 918054.918957322021015, 2027414.489738560048863 ], [ 918052.829168159049004, 2027496.823981520021334 ], [ 918064.705942888045684, 2027510.85534087009728 ], [ 918125.366909935954027, 2027530.696766969980672 ], [ 918124.322015351965092, 2027571.86388843995519 ], [ 918062.616153729031794, 2027593.189583810046315 ], [ 918031.240775631042197, 2027624.435992229962721 ], [ 918061.106861558975652, 2027652.653203699970618 ], [ 918054.065529917948879, 2027689.091707790037617 ], [ 918046.908098879968747, 2027730.104336479911581 ], [ 918093.950800208025612, 2027804.526272299932316 ], [ 918044.005613947985694, 2027844.457451619906351 ], [ 917968.913685481995344, 2027911.215407520066947 ], [ 917936.377313453005627, 2027988.203061979962513 ], [ 917898.076703167054802, 2028051.313849860103801 ], [ 917836.254742220044136, 2028077.213669850025326 ], [ 917750.911430601961911, 2028065.902521979995072 ], [ 917688.973370273015462, 2028096.376466599991545 ], [ 917639.14428347197827, 2028131.733521349960938 ], [ 917595.079434958053753, 2028180.967442669905722 ], [ 917550.550188882043585, 2028248.497862410033122 ], [ 917494.608565652975813, 2028283.700424409937114 ], [ 917414.448995398008265, 2028309.136766189942136 ], [ 917376.264484592946246, 2028367.673429480055347 ], [ 917356.64978194294963, 2028417.525321840075776 ], [ 917384.193880068021826, 2028537.225025259889662 ], [ 917407.831330145010725, 2028569.861868479987606 ], [ 917424.775746817002073, 2028625.214841959998012 ], [ 917387.752229940029792, 2028638.010259219910949 ], [ 917344.616176616982557, 2028650.651183740003034 ], [ 917283.606911499984562, 2028644.532131589949131 ], [ 917228.24578527896665, 2028656.864070609910414 ], [ 917208.747182045015506, 2028702.141838350100443 ], [ 917183.252141754957847, 2028742.690988729940727 ], [ 917169.866074978024699, 2028788.123249219963327 ], [ 917168.588981715030968, 2028838.438619819935411 ], [ 917173.308325513033196, 2028893.482607749989256 ], [ 917154.041921072057448, 2028929.612126280087978 ], [ 917117.715000548982061, 2028914.962795980041847 ], [ 917087.036218923982233, 2028918.764456819975749 ], [ 917061.657278044964187, 2028954.739482600009069 ], [ 917042.042575457016937, 2029004.591374929994345 ], [ 917010.899396297056228, 2029026.689534170087427 ], [ 916955.073872584034689, 2029057.317971599986777 ], [ 916935.80746816797182, 2029093.447490140097216 ], [ 916910.196328539052047, 2029138.570765109965578 ], [ 916860.715540057979524, 2029160.205446110107005 ], [ 916798.893579312018119, 2029186.105266219936311 ], [ 916761.405664962017909, 2029217.197181910043582 ], [ 916741.674863034044392, 2029271.623198830056936 ], [ 916752.971140858018771, 2029308.525181089993566 ], [ 916727.708299405057915, 2029339.926082279998809 ], [ 916660.122100393055007, 2029351.949035869911313 ], [ 916591.723205715999939, 2029395.990861630067229 ], [ 916548.006655578035861, 2029431.502409189939499 ], [ 916472.682528813951649, 2029507.408614390064031 ], [ 916372.792156944982708, 2029587.270973220001906 ], [ 916261.141109741991386, 2029648.527848219964653 ], [ 916199.203049715026282, 2029679.001792979892343 ], [ 916107.631102517945692, 2029672.110277310013771 ], [ 916010.875413891044445, 2029628.471272150054574 ], [ 915938.569871013052762, 2029585.450237960088998 ], [ 915821.851181803038344, 2029605.385498950025067 ], [ 915721.960810058983043, 2029685.247857919894159 ], [ 915683.776299581979401, 2029743.78452125005424 ], [ 915652.052623669034801, 2029788.753303539939225 ], [ 915548.255603621946648, 2029781.55280250008218 ], [ 915499.355312132975087, 2029780.316860649967566 ], [ 915443.181490498012863, 2029824.667672019917518 ], [ 915404.300383841036819, 2029910.649082930060104 ], [ 915370.603018680005334, 2030033.377983320038766 ], [ 915356.288157157949172, 2030115.403240530053154 ], [ 915372.071580323972739, 2030216.497459739912301 ], [ 915346.344341538031586, 2030266.194859340088442 ], [ 915302.511692204978317, 2030306.280531560070813 ], [ 915246.453970015980303, 2030346.057218339992687 ], [ 915202.853519433992915, 2030376.994641389930621 ], [ 915168.384188839001581, 2030289.159317810088396 ], [ 915158.481103330967017, 2030197.367840520106256 ], [ 915143.626475068973377, 2030059.680624549975619 ], [ 915158.405734034953639, 2029959.358868940034881 ], [ 915147.341654849005863, 2029913.308637540088966 ], [ 914068.63884806598071, 2029277.295868709916249 ], [ 913760.812227659043856, 2028633.304434570018202 ], [ 912966.678223283030093, 2028329.886237730039284 ], [ 912888.501735366997309, 2028300.017010590061545 ], [ 912697.968211264000274, 2028336.394858229905367 ], [ 912599.471031976048835, 2028361.36772264004685 ], [ 912439.267991462023929, 2028407.66628312994726 ], [ 912352.763686398975551, 2028442.096382220042869 ], [ 912242.505831646034494, 2028448.463762850034982 ], [ 912137.315619227010757, 2028496.152757720090449 ], [ 912044.35047972202301, 2028544.150738009950146 ], [ 911993.824797317036428, 2028606.952541020000353 ], [ 911870.87747233803384, 2028631.307434790069237 ], [ 911786.579054887988605, 2028578.82916631991975 ], [ 911684.407425460056402, 2028507.590921320021152 ], [ 911618.098319296957925, 2028469.298504770034924 ], [ 911496.079789050971158, 2028457.060401709983125 ], [ 911456.322972428053617, 2028465.916411279933527 ], [ 911440.71866300702095, 2028469.392341339960694 ], [ 911313.66014011297375, 2028539.102464349940419 ], [ 911189.503807750996202, 2028607.220312820049003 ], [ 910938.288952638977207, 2028745.048284410033375 ], [ 911096.518304134020582, 2028776.50984190008603 ], [ 911150.486238074023277, 2028819.06739760003984 ], [ 911129.362244643038139, 2028928.382910239975899 ], [ 911239.271801242954098, 2028935.737903210101649 ], [ 911299.584470284054987, 2028969.301702359924093 ], [ 911340.979033301002346, 2029025.27264651004225 ], [ 911382.02529828902334, 2029094.965964490082115 ], [ 911423.187662614043802, 2029160.085157840047032 ], [ 911469.765967329032719, 2029252.803591540083289 ], [ 911493.403417702997103, 2029285.440434549935162 ], [ 911485.781589849968441, 2029344.749561769887805 ], [ 911459.589954011957161, 2029412.743460139958188 ], [ 911464.773695735028014, 2029449.490949680097401 ], [ 911500.055722279008478, 2029505.307401099940762 ], [ 911474.212384468992241, 2029559.578925620066002 ], [ 911434.402483723009937, 2029682.153333859983832 ], [ 911403.607602879987098, 2029690.529119639890268 ], [ 911390.685933985980228, 2029717.664881889941171 ], [ 911419.739324755035341, 2029777.900965190026909 ], [ 911448.79271551896818, 2029838.13704848010093 ], [ 911472.430165878031403, 2029870.773891449905932 ], [ 911495.951516896951944, 2029907.98485901998356 ], [ 911506.667298358981498, 2029967.757464230060577 ], [ 911493.165132779977284, 2030017.763849490089342 ], [ 911480.243463888997212, 2030044.899611729895696 ], [ 911484.962808268028311, 2030099.943599639926106 ], [ 911519.664338093018159, 2030178.630673980107531 ], [ 911554.598066590027884, 2030248.169499109964818 ], [ 911589.880093093961477, 2030303.985950429923832 ], [ 911551.463384469039738, 2030371.670863300096244 ], [ 911532.661377844051458, 2030389.503883640049025 ], [ 911763.053722159005702, 2031313.027311400044709 ], [ 911647.475662739947438, 2031408.512875440064818 ], [ 911658.655841544969007, 2031449.988982110051438 ], [ 911602.133722455007955, 2031508.062167630065233 ], [ 911637.299649571999907, 2031568.45274339010939 ], [ 911666.701338278013282, 2031614.966452700085938 ], [ 911702.44776206696406, 2031652.486405499977991 ], [ 911737.96198717399966, 2031699.154607489937916 ], [ 911791.697722179000266, 2031750.860412100097165 ], [ 911826.39925192296505, 2031829.547486189985648 ], [ 911848.527410832000896, 2031921.64794863993302 ], [ 911871.468265090952627, 2031981.729538989951834 ], [ 911969.094065902056172, 2032179.331553580006585 ], [ 911979.093519803020172, 2032199.571509100031108 ], [ 911963.115582766011357, 2032226.630024889949709 ], [ 911893.787894253036939, 2032307.26484784996137 ], [ 911815.61940395901911, 2032377.68838579999283 ], [ 911799.893960808054544, 2032391.855824670055881 ], [ 911706.348325402010232, 2032462.724427750101313 ], [ 911675.147097048000433, 2032487.109649539925158 ], [ 911643.94586870202329, 2032511.494871339993551 ], [ 911560.999915488995612, 2032646.710203930037096 ], [ 911497.668664176017046, 2032732.073644160060212 ], [ 911457.974863160983659, 2032850.073927159886807 ], [ 911419.093757482944056, 2032936.055338090052828 ], [ 911399.362956324010156, 2032990.481355 ], [ 911361.294545982033014, 2033044.443893870105967 ], [ 911323.458334309048951, 2033089.258183599915355 ], [ 911212.15558656596113, 2033136.79268581001088 ], [ 911150.217527318978682, 2033167.266631119884551 ], [ 911133.204878407996148, 2033174.846494280034676 ], [ 911116.192229500040412, 2033182.426357439951971 ], [ 911082.51672921795398, 2033197.764193549985066 ], [ 910982.160462170024402, 2033282.022567979991436 ], [ 910935.020402112975717, 2033345.1982037499547 ], [ 910925.173946090973914, 2033358.392251739976928 ], [ 910909.621288068941794, 2033376.553239709930494 ], [ 910859.654909548000433, 2033434.896866339957342 ], [ 910866.938847976969555, 2033445.789774029981345 ], [ 911127.154489187989384, 2033834.934326269896701 ], [ 911461.718599915970117, 2033907.469167219940573 ], [ 911500.637391131953336, 2033940.492241580039263 ], [ 911539.556182340951636, 2033973.51531594991684 ] ] ] } },
{ "type": "Feature", "properties": { "ID": 652.0, "ENTIDAD": 30, "DISTRITO_F": 19, "DISTRITO_L": 25, "MUNICIPIO": 34, "SECCION": 655, "TIPO": 4, "CONTROL": 4847.0, "GEOMETRY1_": null, "SECCION_KEY": "655", "morena": 349, "pt": 75, "verde": 107, "verde-morena": 9, "pan": 66, "pri": 0, "mc": 252, "V_4T_25": 540, "V_ALI_25": 66, "V_MC_25": 252, "TOTAL_25": 858, "GANADOR_25": "4T", "MARGEN_VICTORIA": 0.33566433566433568, "GANADOR_21": "4T", "PERFIL_POLITICO": "BASTION" }, "geometry": { "type": "Polygon", "coordinates": [ [ [ 907158.10396016901359, 2034055.011810479918495 ], [ 907214.277780542965047, 2034010.660998329985887 ], [ 907294.901746454997919, 2033966.928156699985266 ], [ 907361.675249489024282, 2033986.924073919886723 ], [ 907508.840519863995723, 2033972.335398720111698 ], [ 907566.523631135001779, 2033868.520967080025002 ], [ 907636.431815205025487, 2033765.015520690008998 ], [ 907746.34137084602844, 2033772.370512659894302 ], [ 907813.811469685984775, 2033764.921682470012456 ], [ 907887.510204214951955, 2033753.053220350062475 ], [ 908148.491679977974854, 2033832.882396979955956 ], [ 908169.192001809016801, 2033499.280287940055132 ], [ 908236.429902086034417, 2033500.97970697004348 ], [ 908321.889312225044705, 2033507.716728510102257 ], [ 908356.863767734030262, 2033334.672457630047575 ], [ 908438.648726920946501, 2033245.198370330035686 ], [ 908495.519143342971802, 2033173.402810799889266 ], [ 908581.210752143990248, 2033170.991583229973912 ], [ 908720.87029471504502, 2033211.137910719960928 ], [ 908788.224294340005144, 2033208.263205250026658 ], [ 908899.410942496964708, 2033165.30282708001323 ], [ 908973.574074384989217, 2033135.137866789940745 ], [ 909088.022388902958483, 2033099.409400440054014 ], [ 909109.210868156049401, 2033092.795459259999916 ], [ 909193.433913073968142, 2032907.264755829935893 ], [ 909189.295064989943057, 2032829.350145250093192 ], [ 909203.958223353023641, 2032733.602514269994572 ], [ 909265.78018321597483, 2032707.70269329007715 ], [ 909338.550123419961892, 2032732.427228060085326 ], [ 909430.47036802303046, 2032725.596368710044771 ], [ 909498.753162245964631, 2032686.12866666004993 ], [ 909573.264592188992538, 2032642.241332689998671 ], [ 909654.352955815033056, 2032580.211993050063029 ], [ 909704.41424019401893, 2032535.706688459962606 ], [ 909818.15507359302137, 2032392.115569589892402 ], [ 909828.292048161034472, 2032394.871498229913414 ], [ 910486.354502202942967, 2032573.778247660025954 ], [ 910494.884760519955307, 2032599.167671869974583 ], [ 910503.415018838015385, 2032624.557096079923213 ], [ 910520.591634799027815, 2032670.761819910025224 ], [ 910537.303853468969464, 2032735.263042059959844 ], [ 910566.125045603024773, 2032804.647374120075256 ], [ 910589.414197957026772, 2032851.006590599892661 ], [ 910624.464025805005804, 2032915.971290729939938 ], [ 910660.790946215973236, 2032930.620620480040088 ], [ 910702.766005725949071, 2032963.720941219944507 ], [ 910719.942621666006744, 2033009.925665009999648 ], [ 910718.433330446947366, 2033069.389284539967775 ], [ 910710.579304184997454, 2033137.846660549985245 ], [ 910702.841377248987556, 2033201.729911969974637 ], [ 910859.654909548000433, 2033434.896866339957342 ], [ 910909.621288068941794, 2033376.553239709930494 ], [ 910925.173946090973914, 2033358.392251739976928 ], [ 910935.020402112975717, 2033345.1982037499547 ], [ 910982.160462170024402, 2033282.022567979991436 ], [ 911082.51672921795398, 2033197.764193549985066 ], [ 911116.192229500040412, 2033182.426357439951971 ], [ 911133.204878407996148, 2033174.846494280034676 ], [ 911150.217527318978682, 2033167.266631119884551 ], [ 911212.15558656596113, 2033136.79268581001088 ], [ 911323.458334309048951, 2033089.258183599915355 ], [ 911361.294545982033014, 2033044.443893870105967 ], [ 911399.362956324010156, 2032990.481355 ], [ 911419.093757482944056, 2032936.055338090052828 ], [ 911457.974863160983659, 2032850.073927159886807 ], [ 911497.668664176017046, 2032732.073644160060212 ], [ 911560.999915488995612, 2032646.710203930037096 ], [ 911643.94586870202329, 2032511.494871339993551 ], [ 911675.147097048000433, 2032487.109649539925158 ], [ 911706.348325402010232, 2032462.724427750101313 ], [ 911799.893960808054544, 2032391.855824670055881 ], [ 911815.61940395901911, 2032377.68838579999283 ], [ 911893.787894253036939, 2032307.26484784996137 ], [ 911963.115582766011357, 2032226.630024889949709 ], [ 911979.093519803020172, 2032199.571509100031108 ], [ 911969.094065902056172, 2032179.331553580006585 ], [ 911871.468265090952627, 2031981.729538989951834 ], [ 911848.527410832000896, 2031921.64794863993302 ], [ 911826.39925192296505, 2031829.547486189985648 ], [ 911791.697722179000266, 2031750.860412100097165 ], [ 911737.96198717399966, 2031699.154607489937916 ], [ 911702.44776206696406, 2031652.486405499977991 ], [ 911666.701338278013282, 2031614.966452700085938 ], [ 911637.299649571999907, 2031568.45274339010939 ], [ 911602.133722455007955, 2031508.062167630065233 ], [ 911658.655841544969007, 2031449.988982110051438 ], [ 911647.475662739947438, 2031408.512875440064818 ], [ 911763.053722159005702, 2031313.027311400044709 ], [ 911532.661377844051458, 2030389.503883640049025 ], [ 911551.463384469039738, 2030371.670863300096244 ], [ 911589.880093093961477, 2030303.985950429923832 ], [ 911554.598066590027884, 2030248.169499109964818 ], [ 911519.664338093018159, 2030178.630673980107531 ], [ 911484.962808268028311, 2030099.943599639926106 ], [ 911480.243463888997212, 2030044.899611729895696 ], [ 911493.165132779977284, 2030017.763849490089342 ], [ 911506.667298358981498, 2029967.757464230060577 ], [ 911495.951516896951944, 2029907.98485901998356 ], [ 911472.430165878031403, 2029870.773891449905932 ], [ 911448.79271551896818, 2029838.13704848010093 ], [ 911419.739324755035341, 2029777.900965190026909 ], [ 911390.685933985980228, 2029717.664881889941171 ], [ 911403.607602879987098, 2029690.529119639890268 ], [ 911434.402483723009937, 2029682.153333859983832 ], [ 911474.212384468992241, 2029559.578925620066002 ], [ 911500.055722279008478, 2029505.307401099940762 ], [ 911464.773695735028014, 2029449.490949680097401 ], [ 911459.589954011957161, 2029412.743460139958188 ], [ 911485.781589849968441, 2029344.749561769887805 ], [ 911493.403417702997103, 2029285.440434549935162 ], [ 911469.765967329032719, 2029252.803591540083289 ], [ 911423.187662614043802, 2029160.085157840047032 ], [ 911382.02529828902334, 2029094.965964490082115 ], [ 911340.979033301002346, 2029025.27264651004225 ], [ 911299.584470284054987, 2028969.301702359924093 ], [ 911239.271801242954098, 2028935.737903210101649 ], [ 911129.362244643038139, 2028928.382910239975899 ], [ 911150.486238074023277, 2028819.06739760003984 ], [ 911096.518304134020582, 2028776.50984190008603 ], [ 910938.288952638977207, 2028745.048284410033375 ], [ 910876.002594852005132, 2028789.244603710016236 ], [ 910856.503992171958089, 2028834.522371799917892 ], [ 910812.671343059977517, 2028874.608044550055638 ], [ 910738.972607761970721, 2028886.47650619992055 ], [ 910655.951282926951535, 2028783.682867160066962 ], [ 910602.099448282038793, 2028736.551186880096793 ], [ 910560.588785854051821, 2028685.154367350041866 ], [ 910525.190659860963933, 2028633.912040489958599 ], [ 910465.806785412947647, 2028563.755244449945167 ], [ 910399.613778518978506, 2028520.888703420059755 ], [ 910345.645844507031143, 2028478.331147749908268 ], [ 910254.770493144053034, 2028443.994885249994695 ], [ 910175.7719166779425, 2028423.689981980016455 ], [ 910133.680757540976629, 2028395.163785530021414 ], [ 910097.353836855967529, 2028380.514455609954894 ], [ 910118.013432806008495, 2028289.495441250037402 ], [ 910144.669465887942351, 2028203.205044169910252 ], [ 910104.784194022999145, 2028087.770479890052229 ], [ 910096.158200390986167, 2027945.663631239905953 ], [ 910116.933895712019876, 2027850.070492180064321 ], [ 910132.990246569970623, 2027699.433364940108731 ], [ 910085.715345590026118, 2027634.159678749972954 ], [ 910050.549418180016801, 2027573.769102550111711 ], [ 909984.124212490976788, 2027540.050810710061342 ], [ 909923.57934459799435, 2027515.635260799899697 ], [ 909875.607847593957558, 2027477.806322369957343 ], [ 909809.995337208965793, 2027412.069158150115982 ], [ 909719.352184324990958, 2027368.584646360017359 ], [ 909658.575117746018805, 2027353.317345720017329 ], [ 909598.030249821022153, 2027328.901795839890838 ], [ 909569.092958132969216, 2027264.091587649891153 ], [ 909533.694831997039728, 2027212.849260679911822 ], [ 909420.110824496950954, 2027109.283158010104671 ], [ 909366.375088964006864, 2027057.577353009954095 ], [ 909318.519691225956194, 2027015.174289939925075 ], [ 909270.432094831950963, 2026981.919476140057668 ], [ 909148.413564270944335, 2026969.68137345998548 ], [ 909100.209868537029251, 2026941.000684309983626 ], [ 909004.615172334946692, 2026851.620433550095186 ], [ 908938.42216517101042, 2026808.753892479930073 ], [ 908822.400071713025682, 2026801.244407159974799 ], [ 908743.169296348001808, 2026790.087753230007365 ], [ 908652.642242635949515, 2026742.029116879915819 ], [ 908561.999089590040967, 2026698.544605179922655 ], [ 908458.434267677017488, 2026682.195855980040506 ], [ 908348.292512021027505, 2026683.989112690091133 ], [ 908276.335266291047446, 2026627.245705100009218 ], [ 908210.490557017037645, 2026570.656790160108358 ], [ 908077.059648665948771, 2026526.090829879976809 ], [ 907927.26867774897255, 2026597.166828129906207 ], [ 907889.931449246942066, 2026614.88338857004419 ], [ 907851.899966035969555, 2026721.790578319923952 ], [ 907822.109251681016758, 2026931.582341030007228 ], [ 907817.813577034976333, 2027100.824952560011297 ], [ 907795.412491661962122, 2027260.455836819950491 ], [ 907768.640359560959041, 2027351.320358880097046 ], [ 907771.618214554036967, 2027474.976216620067134 ], [ 907750.84251961496193, 2027570.569355929968879 ], [ 907663.061122345039621, 2027655.314826800022274 ], [ 907557.174314370960928, 2027730.4485704600811 ], [ 907525.334539699018933, 2027779.991478150011972 ], [ 907505.487639312050305, 2027838.99162038997747 ], [ 907509.742586798965931, 2027912.33210711996071 ], [ 907581.583733150968328, 2027973.649639080045745 ], [ 907641.432005214039236, 2028025.509936490096152 ], [ 907646.151349929976277, 2028080.553924679988995 ], [ 907620.308012412046082, 2028134.825449609896168 ], [ 907608.0248898640275, 2028136.803526619914919 ], [ 907595.741767316008918, 2028138.781603639945388 ], [ 907571.175522214965895, 2028142.737757669994608 ], [ 907510.746753611019813, 2028113.748083420097828 ], [ 907462.543057890958153, 2028085.067394460085779 ], [ 907407.994627099949867, 2028065.38046212005429 ], [ 907294.642817995976657, 2027952.666110740043223 ], [ 907272.050261131953448, 2027878.862146080005914 ], [ 907225.820253622950986, 2027772.421338400105014 ], [ 907191.234822461032309, 2027689.160139159997925 ], [ 907143.49552392703481, 2027642.182951669907197 ], [ 907096.104523311951198, 2027581.483390280045569 ], [ 907016.873748042038642, 2027570.326736629940569 ], [ 906918.608767578029074, 2027586.151352850021794 ], [ 906845.374429460032843, 2027579.72331650997512 ], [ 906749.083137186011299, 2027517.787813989911228 ], [ 906696.160096590057947, 2027434.063136789947748 ], [ 906631.244181680027395, 2027340.881225019926205 ], [ 906219.577333937049843, 2027496.234439650084823 ], [ 906200.678189711994492, 2027541.807945539942011 ], [ 906187.939515706035309, 2027582.883752400055528 ], [ 906156.719431058038026, 2027637.452656340086833 ], [ 906131.659816634957679, 2027687.523861259920523 ], [ 906093.801851997966878, 2027783.253788549918681 ], [ 906068.503532700007781, 2027851.656655620085075 ], [ 906049.664064727956429, 2027892.647245950065553 ], [ 906024.664126556017436, 2027938.135535310022533 ], [ 905993.265013288008049, 2028006.453185850055888 ], [ 905980.586015535984188, 2028042.946077150059864 ], [ 905967.787665345007554, 2028088.604799519991502 ], [ 905948.351435184944421, 2028175.42454522009939 ], [ 905935.672437450033613, 2028211.91743650007993 ], [ 905910.791851744055748, 2028248.239894770085812 ], [ 905891.892707588034682, 2028293.813400619896129 ], [ 905872.993563435971737, 2028339.386906469939277 ], [ 905853.79603818396572, 2028407.87499 ], [ 905822.754982296959497, 2028448.695147289894521 ], [ 905779.452662233961746, 2028493.927787109976634 ], [ 905748.650311233010143, 2028516.416282260091975 ], [ 905724.068106655031443, 2028529.824162849923596 ], [ 905662.165023577981628, 2028597.715730840107426 ], [ 905655.944877160014585, 2028606.796345399925485 ], [ 905655.467467420035973, 2028643.459669680101797 ], [ 905679.63193846505601, 2028662.132197829894722 ], [ 905721.860086575965397, 2028699.392037630081177 ], [ 905739.744734982028604, 2028731.728095880011097 ], [ 905757.390678517054766, 2028782.395816250005737 ], [ 905787.357562439981848, 2028824.068138570059091 ], [ 905817.443798799999058, 2028856.574629819951952 ], [ 905865.59371220995672, 2028907.668432699982077 ], [ 905883.239655731013045, 2028958.336153069976717 ], [ 905931.449245349038392, 2029004.847040419932455 ], [ 905955.315335278981365, 2029046.434146210085601 ], [ 905997.543483346002176, 2029083.69398599001579 ], [ 906039.711955194943585, 2029125.536741300020367 ], [ 906051.495809603948146, 2029157.787583020050079 ], [ 906069.261105546029285, 2029199.289472300093621 ], [ 906068.425638469052501, 2029263.450289699947461 ], [ 906073.511936706025153, 2029341.445070180110633 ], [ 906084.997410016949289, 2029396.61048952001147 ], [ 906096.661911980016157, 2029438.027162269921973 ], [ 906120.289297010982409, 2029497.945930140092969 ], [ 906125.614300122018903, 2029557.609048479935154 ], [ 906137.278802089043893, 2029599.025721230078489 ], [ 906161.264244423015043, 2029631.446995920035988 ], [ 906240.693918465054594, 2029623.388979460112751 ], [ 906283.459152469993569, 2029619.402579480083659 ], [ 906314.022798544028774, 2029615.24574649007991 ], [ 906387.471031059045345, 2029597.936682489933446 ], [ 906436.575763929984532, 2029575.703836929984391 ], [ 906516.363495324039832, 2029540.148327359929681 ], [ 906565.527904422022402, 2029513.332566289929673 ], [ 906639.274518092046492, 2029473.108924699947238 ], [ 906712.782426869962364, 2029451.216945210006088 ], [ 906731.20416123198811, 2029442.306763699976727 ], [ 906761.767807313008234, 2029438.149930740008131 ], [ 906786.222481330041774, 2029476.568799060070887 ], [ 906960.409181748982519, 2029750.220204199897125 ], [ 906979.326398917008191, 2029779.939597510034218 ], [ 907019.447202411945909, 2029799.281651670113206 ], [ 906960.975048689055257, 2031899.419363539898768 ], [ 906959.860060421051458, 2031939.483335090102628 ], [ 906955.925267418962903, 2032080.806063920026645 ], [ 906951.588787141954526, 2032236.559912360040471 ], [ 906950.048433549003676, 2032291.884965120116249 ], [ 906948.656652787001804, 2032341.873710989952087 ], [ 906945.804136937949806, 2032444.32419574004598 ], [ 906943.728131787036546, 2032518.891953340033069 ], [ 906943.397219264996238, 2032530.777375570032746 ], [ 906940.16256373305805, 2032646.956861960003152 ], [ 906939.20530054194387, 2032681.338991679949686 ], [ 906936.161813374026679, 2032915.067682009888813 ], [ 906928.270732878008857, 2033052.469930360093713 ], [ 906921.03609079902526, 2033139.460108249913901 ], [ 906914.398210905026644, 2033180.621131180087104 ], [ 906912.846629241015762, 2033299.776934 ], [ 906899.749898115056567, 2033368.350233379984275 ], [ 906904.060405520023778, 2033505.922914620023221 ], [ 906908.49026536999736, 2033634.32976484997198 ], [ 906895.274181831046008, 2033712.06889516999945 ], [ 906887.920187358977273, 2033808.224903929978609 ], [ 906988.462232267018408, 2033991.222397449892014 ], [ 907043.242861127015203, 2034001.761080229887739 ], [ 907090.982159257982858, 2034048.738267020089552 ], [ 907158.10396016901359, 2034055.011810479918495 ] ] ] } },
{ "type": "Feature", "properties": { "ID": 4836.0, "ENTIDAD": 30, "DISTRITO_F": 19, "DISTRITO_L": 25, "MUNICIPIO": 34, "SECCION": 4905, "TIPO": 2, "CONTROL": 7188.0, "GEOMETRY1_": null, "SECCION_KEY": "4905", "morena": 285, "pt": 325, "verde": 56, "verde-morena": 20, "pan": 112, "pri": 5, "mc": 583, "V_4T_25": 686, "V_ALI_25": 117, "V_MC_25": 583, "TOTAL_25": 1386, "GANADOR_25": "4T", "MARGEN_VICTORIA": 0.074314574314574319, "GANADOR_21": "4T", "PERFIL_POLITICO": "BASTION" }, "geometry": { "type": "Polygon", "coordinates": [ [ [ 910662.26951337303035, 2042614.164813810028136 ], [ 910704.252401700941846, 2042607.509219479979947 ], [ 910739.401915985043161, 2042602.027155559975654 ], [ 910775.456639816053212, 2042597.40478240000084 ], [ 910802.705699304002337, 2042594.871273850090802 ], [ 910812.688856824999675, 2042593.942947139963508 ], [ 910845.870726617984474, 2042590.100538260070607 ], [ 910873.306625562021509, 2042586.386937879957259 ], [ 910897.590766764013097, 2042583.310076270019636 ], [ 910906.791183670982718, 2042582.143707300070673 ], [ 910918.19643483904656, 2042580.71851733000949 ], [ 910940.0150112969568, 2042577.990753970108926 ], [ 911005.344936282956041, 2042570.903122670017183 ], [ 911081.43202119495254, 2042563.348275100113824 ], [ 911102.719070399994962, 2042623.940873970044777 ], [ 911106.789738964987919, 2042637.100679950090125 ], [ 911116.419288506964222, 2042668.231439300114289 ], [ 911125.14568681595847, 2042700.029602800030261 ], [ 911141.362068200018257, 2042768.865963390097022 ], [ 911145.037062568007968, 2042774.272069009952247 ], [ 911161.647141337045468, 2042795.843599880114198 ], [ 911179.982942576054484, 2042820.435145070077851 ], [ 911188.374932526960038, 2042831.972408290021122 ], [ 911206.634535579010844, 2042911.658942670095712 ], [ 911224.906170286005363, 2043021.289261 ], [ 911251.298572625033557, 2043124.829012909904122 ], [ 911385.328163163037971, 2043123.885169839952141 ], [ 911479.355073987971991, 2043127.18435968994163 ], [ 911573.381984811974689, 2043130.483549549942836 ], [ 911682.255249976995401, 2043117.286790129961446 ], [ 911989.079906351049431, 2043120.585979989962652 ], [ 911944.54800689604599, 2042662.897013359935954 ], [ 911812.990160219953395, 2042672.538237049942836 ], [ 911766.569145774003118, 2042674.120771639980376 ], [ 911755.853520774049684, 2042675.90670913993381 ], [ 911717.158208274049684, 2042677.692646639887244 ], [ 911704.656645774026401, 2042680.669209139887244 ], [ 911651.673833274049684, 2042683.645771639887244 ], [ 911612.016010481980629, 2042684.627426030114293 ], [ 911603.502463671960868, 2042684.422550529940054 ], [ 911565.166795979021117, 2042532.417967050103471 ], [ 911563.768469708040357, 2042526.873469840036705 ], [ 911554.534897568053566, 2042490.261474499944597 ], [ 911543.955679635051638, 2042448.313865069998428 ], [ 911532.95855327998288, 2042404.709208840038627 ], [ 911523.715945751988329, 2042368.061387320049107 ], [ 911514.435976754990406, 2042331.265424010111019 ], [ 911511.00397714599967, 2042314.686870950041339 ], [ 911506.346337749040686, 2042292.187778210034594 ], [ 911502.074410681030713, 2042276.320249889977276 ], [ 911495.76709044596646, 2042248.999672279926017 ], [ 911486.997411477961577, 2042212.004518530098721 ], [ 911468.696341369999573, 2042134.800905379932374 ], [ 911459.005479885963723, 2042094.60164266009815 ], [ 911440.561436782008968, 2042018.092765120090917 ], [ 911428.728924453025684, 2041969.057889040093869 ], [ 911415.302516152965836, 2041917.014411929994822 ], [ 911387.17844765202608, 2041794.479411059990525 ], [ 911351.212405362050049, 2041795.48895721998997 ], [ 911316.886917560943402, 2041798.896240720059723 ], [ 911286.094936065026559, 2041801.6725436700508 ], [ 911213.027078830054961, 2041807.603730909992009 ], [ 911231.451741987024434, 2041868.80911356001161 ], [ 911095.72961782803759, 2041885.628353730076924 ], [ 911119.707137153018266, 2041922.55085193994455 ], [ 911134.777860317961313, 2041946.633024520007893 ], [ 911167.616469891974702, 2041999.107361299917102 ], [ 911176.698755174991675, 2042016.97050695004873 ], [ 911225.825636868015863, 2042113.593836389947683 ], [ 911160.171331136021763, 2042120.340869540115818 ], [ 910943.226668915012851, 2042142.398476239992306 ], [ 910934.944197561009787, 2042143.430737629998475 ], [ 910601.947194469044916, 2042184.932741600088775 ], [ 910594.316794891958125, 2042185.883731809910387 ], [ 910604.574091188958846, 2042219.73023679992184 ], [ 910644.01857569697313, 2042214.28069983003661 ], [ 910663.594799657003023, 2042275.37749075004831 ], [ 910687.981962188961916, 2042353.633191149914637 ], [ 910702.115630981978029, 2042393.094571480061859 ], [ 910664.88979078095872, 2042396.774664560100064 ], [ 910625.654521240969189, 2042400.653406949946657 ], [ 910586.421596865984611, 2042404.531917500076815 ], [ 910636.643977093975991, 2042535.209344449918717 ], [ 910662.26951337303035, 2042614.164813810028136 ] ] ] } },
{ "type": "Feature", "properties": { "ID": 4837.0, "ENTIDAD": 30, "DISTRITO_F": 19, "DISTRITO_L": 25, "MUNICIPIO": 34, "SECCION": 4906, "TIPO": 2, "CONTROL": 7199.0, "GEOMETRY1_": null, "SECCION_KEY": "4906", "morena": 258, "pt": 181, "verde": 32, "verde-morena": 26, "pan": 74, "pri": 0, "mc": 573, "V_4T_25": 497, "V_ALI_25": 74, "V_MC_25": 573, "TOTAL_25": 1144, "GANADOR_25": "MC", "MARGEN_VICTORIA": 0.066433566433566432, "GANADOR_21": "4T", "PERFIL_POLITICO": "TERRITORIO MC" }, "geometry": { "type": "Polygon", "coordinates": [ [ [ 911019.622784395003691, 2042842.833565050037578 ], [ 911056.542088545043953, 2042840.793147830059752 ], [ 911188.374932526960038, 2042831.972408290021122 ], [ 911179.982942576054484, 2042820.435145070077851 ], [ 911161.647141337045468, 2042795.843599880114198 ], [ 911145.037062568007968, 2042774.272069009952247 ], [ 911141.362068200018257, 2042768.865963390097022 ], [ 911125.14568681595847, 2042700.029602800030261 ], [ 911116.419288506964222, 2042668.231439300114289 ], [ 911106.789738964987919, 2042637.100679950090125 ], [ 911102.719070399994962, 2042623.940873970044777 ], [ 911081.43202119495254, 2042563.348275100113824 ], [ 911005.344936282956041, 2042570.903122670017183 ], [ 910940.0150112969568, 2042577.990753970108926 ], [ 910918.19643483904656, 2042580.71851733000949 ], [ 910906.791183670982718, 2042582.143707300070673 ], [ 910897.590766764013097, 2042583.310076270019636 ], [ 910873.306625562021509, 2042586.386937879957259 ], [ 910845.870726617984474, 2042590.100538260070607 ], [ 910812.688856824999675, 2042593.942947139963508 ], [ 910802.705699304002337, 2042594.871273850090802 ], [ 910775.456639816053212, 2042597.40478240000084 ], [ 910739.401915985043161, 2042602.027155559975654 ], [ 910704.252401700941846, 2042607.509219479979947 ], [ 910662.26951337303035, 2042614.164813810028136 ], [ 910636.643977093975991, 2042535.209344449918717 ], [ 910586.421596865984611, 2042404.531917500076815 ], [ 910625.654521240969189, 2042400.653406949946657 ], [ 910664.88979078095872, 2042396.774664560100064 ], [ 910702.115630981978029, 2042393.094571480061859 ], [ 910687.981962188961916, 2042353.633191149914637 ], [ 910663.594799657003023, 2042275.37749075004831 ], [ 910644.01857569697313, 2042214.28069983003661 ], [ 910604.574091188958846, 2042219.73023679992184 ], [ 910594.316794891958125, 2042185.883731809910387 ], [ 910588.237083095009439, 2042186.602371250046417 ], [ 910482.561397743993439, 2042199.093541460111737 ], [ 910474.588000169023871, 2042200.036020010011271 ], [ 910469.541054690023884, 2042200.633983910083771 ], [ 910423.53669523796998, 2042206.084596789907664 ], [ 910384.148465187987313, 2042210.751296039903536 ], [ 910374.127345634973608, 2042211.938593639992177 ], [ 910365.313068385003135, 2042212.982905119890347 ], [ 910357.133216441958211, 2042214.115005539963022 ], [ 910171.270858010975644, 2042239.838558420073241 ], [ 910165.885416417964734, 2042240.583909410052001 ], [ 910162.350928158964962, 2042241.073086430085823 ], [ 910089.707368353032507, 2042251.12703423993662 ], [ 910068.836092529003508, 2042254.01564156007953 ], [ 910006.143043324002065, 2042255.19860293995589 ], [ 909975.941440160968341, 2042255.76848 ], [ 910019.231003334978595, 2042474.301429630024359 ], [ 910088.409174500033259, 2042814.089626559987664 ], [ 910251.181943277013488, 2042807.985769350081682 ], [ 910303.73831910698209, 2042803.977271670009941 ], [ 910311.342813526978716, 2042803.397273570066318 ], [ 910335.797469150973484, 2042801.53210632991977 ], [ 910338.98168283700943, 2042801.289244960062206 ], [ 910345.646126167965122, 2042800.780944969970733 ], [ 910369.56389012595173, 2042798.956726690055802 ], [ 910374.81907141499687, 2042798.55591173004359 ], [ 910379.475958963972516, 2042798.200728880008683 ], [ 910403.829155673040077, 2042796.343299960019067 ], [ 910406.252920137019828, 2042796.158438389888033 ], [ 910408.676684602047317, 2042795.97357681998983 ], [ 910430.420513076009229, 2042794.4476331199985 ], [ 910434.41822344600223, 2042794.170338290045038 ], [ 910437.623958042007871, 2042793.947977609932423 ], [ 910462.040817887987942, 2042792.254340909887105 ], [ 910469.907845859997906, 2042791.708656389964744 ], [ 910528.573877512943, 2042787.639380909968168 ], [ 910691.163689487962984, 2042864.76303035998717 ], [ 910806.134531573043205, 2042865.890281389933079 ], [ 911019.622784395003691, 2042842.833565050037578 ] ] ] } }
]
}
