{
"type": "FeatureCollection",
"name": "analisis_politico_real",
"crs": { "type": "name", "properties": { "name": "urn:ogc:def:crs:OGC:1.3:CRS84" } },
"features": [
{ "type": "Feature", "properties": { "ID": 635.0, "ENTIDAD": 30, "DISTRITO_F": 19, "DISTRITO_L": 25, "MUNICIPIO": 34, "SECCION": 638, "TIPO": 2, "CONTROL": 3125.0, "GEOMETRY1_": null, "SEC": 638, "distrito": 75, "municipio": 102, "seccion": 1914, "listaNominal": 2003, "rppv": 36, "boletaSobrante": 842, "noElectoresVotaron": 369, "rppvotaron": 6, "sumaCyD": 0, "boetasExtraidasUrna": 0, "pan": 64, "pri": 0, "verde": 39, "pt": 358, "mc": 524, "morena": 187, "verde-morena": 6, "CNR": 0, "VN": 19, "sumaTotal": 1197, "VOTO_4T_25": 590.0, "VOTO_OPO_25": 64.0, "VOTO_MC_25": 524.0, "VOTO_4T_21": 727.0, "VOTO_OPO_21": 324.0, "VOTO_MC_21": 38.0, "GANADOR_21": "4T", "GANADOR_25": "4T" }, "geometry": { "type": "Polygon", "coordinates": [ [ [ -95.116360110358571, 18.430193576276231 ], [ -95.11633939535983, 18.430390316839095 ], [ -95.116381556717641, 18.430451616378196 ], [ -95.116287122126749, 18.430438970582294 ], [ -95.115915945122595, 18.430389265571893 ], [ -95.115482421146254, 18.430331210286862 ], [ -95.115434861077446, 18.430324841227566 ], [ -95.115359723047348, 18.43031479902081 ], [ -95.114363880098011, 18.430181701637597 ], [ -95.114306587544817, 18.430174044155326 ], [ -95.114234691950486, 18.430163991190934 ], [ -95.11109712169872, 18.429725246331856 ], [ -95.111019082786669, 18.429714332998355 ], [ -95.108973985752442, 18.429473378708789 ], [ -95.108355091376126, 18.429399807597061 ], [ -95.108838843435322, 18.428538053823395 ], [ -95.108928276036266, 18.428378737678159 ], [ -95.109249173550623, 18.427911928045681 ], [ -95.109396443386558, 18.427697693695517 ], [ -95.109630466118475, 18.427369400687056 ], [ -95.109785131929968, 18.427162013349729 ], [ -95.109922244572374, 18.426978161985467 ], [ -95.110029595110774, 18.426834217578662 ], [ -95.110199882363986, 18.426518046027347 ], [ -95.110444851161603, 18.426063210460796 ], [ -95.110821191549206, 18.425367648790395 ], [ -95.110907900676295, 18.425002708370762 ], [ -95.111053111522423, 18.424391541428481 ], [ -95.111232502094296, 18.423894730689565 ], [ -95.111314880881636, 18.423730898364497 ], [ -95.112119981032791, 18.422239646662117 ], [ -95.112293521578309, 18.42185848709714 ], [ -95.112813052929212, 18.422187525830129 ], [ -95.113075494805273, 18.422340563756542 ], [ -95.113996253978385, 18.422885468253874 ], [ -95.11407128529693, 18.421265501422027 ], [ -95.114098073290279, 18.420298936468544 ], [ -95.114644199221303, 18.420281450202772 ], [ -95.115220888483407, 18.420240693224443 ], [ -95.115035684818949, 18.421267960850535 ], [ -95.115673360905987, 18.421294474677147 ], [ -95.116134235225417, 18.421303912755651 ], [ -95.116990023277907, 18.421659688754186 ], [ -95.116733475384123, 18.42248719670674 ], [ -95.116474657245405, 18.42306648301275 ], [ -95.115970401143755, 18.423983181886584 ], [ -95.115721138346885, 18.423841787788479 ], [ -95.115177637833995, 18.4235219927772 ], [ -95.115103056401352, 18.423652017014938 ], [ -95.114957568849292, 18.423782747958622 ], [ -95.115552258220589, 18.424911183139805 ], [ -95.115474410257917, 18.425117275866313 ], [ -95.115350388998834, 18.425441878016265 ], [ -95.115123709116489, 18.426012954039336 ], [ -95.115952361941083, 18.426198468096178 ], [ -95.115757108406484, 18.426719991818832 ], [ -95.114292392438188, 18.426440491608759 ], [ -95.113684413497296, 18.428053110718729 ], [ -95.113733013024017, 18.428340298732103 ], [ -95.11377946312831, 18.428700735378207 ], [ -95.113049230904352, 18.429677401621213 ], [ -95.114393338032727, 18.42985379942041 ], [ -95.114506012203037, 18.429868586103275 ], [ -95.11482693264216, 18.429910701406506 ], [ -95.115095931255354, 18.429946002436406 ], [ -95.115524561772631, 18.430002251364563 ], [ -95.115792360217071, 18.430037393896797 ], [ -95.116009559736753, 18.430065896174753 ], [ -95.116368735636769, 18.430113028926943 ], [ -95.116360110358571, 18.430193576276231 ] ] ] } },
{ "type": "Feature", "properties": { "ID": 636.0, "ENTIDAD": 30, "DISTRITO_F": 19, "DISTRITO_L": 25, "MUNICIPIO": 34, "SECCION": 639, "TIPO": 2, "CONTROL": 4768.0, "GEOMETRY1_": null, "SEC": 639, "distrito": 50, "municipio": 68, "seccion": 1278, "listaNominal": 1474, "rppv": 24, "boletaSobrante": 728, "noElectoresVotaron": 0, "rppvotaron": 0, "sumaCyD": 0, "boetasExtraidasUrna": 0, "pan": 34, "pri": 1, "verde": 24, "pt": 159, "mc": 380, "morena": 136, "verde-morena": 10, "CNR": 0, "VN": 27, "sumaTotal": 771, "VOTO_4T_25": 329.0, "VOTO_OPO_25": 35.0, "VOTO_MC_25": 380.0, "VOTO_4T_21": 442.0, "VOTO_OPO_21": 235.0, "VOTO_MC_21": 23.0, "GANADOR_21": "4T", "GANADOR_25": "MC" }, "geometry": { "type": "Polygon", "coordinates": [ [ [ -95.121580360348034, 18.420738196879796 ], [ -95.121554097790934, 18.420795018134093 ], [ -95.121406074574566, 18.421101998503975 ], [ -95.121378814470006, 18.421147929893372 ], [ -95.121452713472905, 18.421237352289964 ], [ -95.121250449178177, 18.421590887971643 ], [ -95.122692010238239, 18.422118608398794 ], [ -95.125319216303026, 18.422905003878519 ], [ -95.125100474629235, 18.42307254399034 ], [ -95.124235089765989, 18.423929823744576 ], [ -95.122938943089324, 18.425414627627394 ], [ -95.121867237178535, 18.427014189305552 ], [ -95.122164324132711, 18.427137977967341 ], [ -95.120862861394187, 18.42982950059486 ], [ -95.120287742506463, 18.430939599916275 ], [ -95.120134581127218, 18.43092387561445 ], [ -95.119849362443858, 18.430912896902104 ], [ -95.119257300593446, 18.430890105734907 ], [ -95.119060701684347, 18.43086002141137 ], [ -95.118376429817729, 18.430755309865024 ], [ -95.118343136454399, 18.430750215042647 ], [ -95.118292407910602, 18.430742452134918 ], [ -95.116541668873623, 18.430474530842371 ], [ -95.116464618580565, 18.43046273920541 ], [ -95.116381556717641, 18.430451616378196 ], [ -95.11633939535983, 18.430390316839095 ], [ -95.116360110358571, 18.430193576276231 ], [ -95.116368735636769, 18.430113028926943 ], [ -95.116009559736753, 18.430065896174753 ], [ -95.115792360217071, 18.430037393896797 ], [ -95.115524561772631, 18.430002251364563 ], [ -95.115095931255354, 18.429946002436406 ], [ -95.11482693264216, 18.429910701406506 ], [ -95.114506012203037, 18.429868586103275 ], [ -95.114393338032727, 18.42985379942041 ], [ -95.113049230904352, 18.429677401621213 ], [ -95.11377946312831, 18.428700735378207 ], [ -95.113733013024017, 18.428340298732103 ], [ -95.113684413497296, 18.428053110718729 ], [ -95.114292392438188, 18.426440491608759 ], [ -95.115757108406484, 18.426719991818832 ], [ -95.115952361941083, 18.426198468096178 ], [ -95.115123709116489, 18.426012954039336 ], [ -95.115350388998834, 18.425441878016265 ], [ -95.115474410257917, 18.425117275866313 ], [ -95.115552258220589, 18.424911183139805 ], [ -95.114957568849292, 18.423782747958622 ], [ -95.115103056401352, 18.423652017014938 ], [ -95.115177637833995, 18.4235219927772 ], [ -95.115721138346885, 18.423841787788479 ], [ -95.115970401143755, 18.423983181886584 ], [ -95.116474657245405, 18.42306648301275 ], [ -95.116733475384123, 18.42248719670674 ], [ -95.116990023277907, 18.421659688754186 ], [ -95.117245869896593, 18.420585624766655 ], [ -95.117871086603245, 18.420897599869907 ], [ -95.117967515903615, 18.42094611537981 ], [ -95.118327101892604, 18.421117984535528 ], [ -95.119034505693065, 18.421422719606113 ], [ -95.119098834603122, 18.421010649362223 ], [ -95.119159035445605, 18.420447954949868 ], [ -95.119224006841151, 18.420007223460608 ], [ -95.119878014862408, 18.420202206722117 ], [ -95.12044231992941, 18.420378626566009 ], [ -95.121031648766532, 18.420555556665455 ], [ -95.121580360348034, 18.420738196879796 ] ] ] } },
{ "type": "Feature", "properties": { "ID": 637.0, "ENTIDAD": 30, "DISTRITO_F": 19, "DISTRITO_L": 25, "MUNICIPIO": 34, "SECCION": 640, "TIPO": 2, "CONTROL": 3142.0, "GEOMETRY1_": null, "SEC": 640, "distrito": 75, "municipio": 102, "seccion": 1920, "listaNominal": 1612, "rppv": 36, "boletaSobrante": 749, "noElectoresVotaron": 576, "rppvotaron": 14, "sumaCyD": 0, "boetasExtraidasUrna": 0, "pan": 36, "pri": 2, "verde": 21, "pt": 218, "mc": 449, "morena": 146, "verde-morena": 6, "CNR": 0, "VN": 21, "sumaTotal": 899, "VOTO_4T_25": 391.0, "VOTO_OPO_25": 38.0, "VOTO_MC_25": 449.0, "VOTO_4T_21": 468.0, "VOTO_OPO_21": 309.0, "VOTO_MC_21": 47.0, "GANADOR_21": "4T", "GANADOR_25": "MC" }, "geometry": { "type": "Polygon", "coordinates": [ [ [ -95.121580360348034, 18.420738196879796 ], [ -95.121031648766532, 18.420555556665455 ], [ -95.12044231992941, 18.420378626566009 ], [ -95.119878014862408, 18.420202206722117 ], [ -95.119224006841151, 18.420007223460608 ], [ -95.119159035445605, 18.420447954949868 ], [ -95.119098834603122, 18.421010649362223 ], [ -95.119034505693065, 18.421422719606113 ], [ -95.118327101892604, 18.421117984535528 ], [ -95.117967515903629, 18.42094611537981 ], [ -95.117871086603245, 18.420897599869907 ], [ -95.117245869896593, 18.420585624766655 ], [ -95.117286508973706, 18.420368077540886 ], [ -95.117359011375271, 18.419815194484997 ], [ -95.1174510598278, 18.419207996818667 ], [ -95.117504337706038, 18.418709802576743 ], [ -95.117549387546347, 18.41822100469486 ], [ -95.117595752814736, 18.417762841167644 ], [ -95.117638368962986, 18.417293123035449 ], [ -95.117686395889649, 18.416582481483946 ], [ -95.118561822157815, 18.416318315880037 ], [ -95.118628757564608, 18.416291752554216 ], [ -95.118668818335564, 18.41624222717277 ], [ -95.118799566433225, 18.416080587188194 ], [ -95.118945293789551, 18.415890664535961 ], [ -95.119076290889822, 18.415719938913259 ], [ -95.119523003103239, 18.415159007315697 ], [ -95.119708234768311, 18.414919310508949 ], [ -95.119842013590713, 18.414746196080426 ], [ -95.120101417780447, 18.414425079158733 ], [ -95.120280879810792, 18.41420292172948 ], [ -95.120633124647142, 18.413847896638941 ], [ -95.12131132508263, 18.414242851080978 ], [ -95.122329899659334, 18.415102943673755 ], [ -95.121155378451149, 18.416098122184234 ], [ -95.12132921859083, 18.416221292608451 ], [ -95.121734846605975, 18.416508689817292 ], [ -95.122314831922807, 18.417043064151532 ], [ -95.122489702566753, 18.417413849829082 ], [ -95.122837559290716, 18.417701458273228 ], [ -95.123185245632499, 18.417947796924125 ], [ -95.123647283935313, 18.417904823314938 ], [ -95.124108806820516, 18.417738040329617 ], [ -95.12451272472795, 18.417612738866861 ], [ -95.125148263170573, 18.417610390571507 ], [ -95.125668766030657, 18.417732276057357 ], [ -95.126419168932244, 18.417564418064405 ], [ -95.126766516602714, 18.41772821199584 ], [ -95.127115417633902, 18.418263431186503 ], [ -95.127868585508864, 18.418755880625383 ], [ -95.128272850364169, 18.418713110239771 ], [ -95.12885044563734, 18.418669695099197 ], [ -95.129370437159778, 18.418667762582857 ], [ -95.129892160350082, 18.419078525117946 ], [ -95.13006756934179, 18.419573116078659 ], [ -95.130083266126874, 18.419744245021679 ], [ -95.130097843119373, 18.419903165831609 ], [ -95.129087605186754, 18.420113272792513 ], [ -95.128683855184903, 18.420279853121844 ], [ -95.128337536539647, 18.420363678921564 ], [ -95.127924715979773, 18.420369510707694 ], [ -95.127757238139466, 18.420340414406621 ], [ -95.127375597718583, 18.421093744734655 ], [ -95.126431015747102, 18.422053437856754 ], [ -95.126050004393718, 18.422323751293366 ], [ -95.125560609792615, 18.422720113551939 ], [ -95.125319216303026, 18.422905003878519 ], [ -95.122692010238239, 18.422118608398794 ], [ -95.121250449178177, 18.421590887971643 ], [ -95.121452713472905, 18.421237352289964 ], [ -95.121378814470006, 18.421147929893372 ], [ -95.121406074574566, 18.421101998503975 ], [ -95.121554097790934, 18.420795018134093 ], [ -95.121580360348034, 18.420738196879796 ] ] ] } },
{ "type": "Feature", "properties": { "ID": 638.0, "ENTIDAD": 30, "DISTRITO_F": 19, "DISTRITO_L": 25, "MUNICIPIO": 34, "SECCION": 641, "TIPO": 2, "CONTROL": 3153.0, "GEOMETRY1_": null, "SEC": 641, "distrito": 50, "municipio": 68, "seccion": 1282, "listaNominal": 1131, "rppv": 24, "boletaSobrante": 408, "noElectoresVotaron": 737, "rppvotaron": 10, "sumaCyD": 0, "boetasExtraidasUrna": 0, "pan": 28, "pri": 2, "verde": 18, "pt": 304, "mc": 252, "morena": 129, "verde-morena": 7, "CNR": 0, "VN": 7, "sumaTotal": 747, "VOTO_4T_25": 458.0, "VOTO_OPO_25": 30.0, "VOTO_MC_25": 252.0, "VOTO_4T_21": 463.0, "VOTO_OPO_21": 183.0, "VOTO_MC_21": 14.0, "GANADOR_21": "4T", "GANADOR_25": "4T" }, "geometry": { "type": "Polygon", "coordinates": [ [ [ -95.116990023277907, 18.421659688754186 ], [ -95.116134235225417, 18.421303912755651 ], [ -95.115673360905987, 18.421294474677147 ], [ -95.115035684818949, 18.421267960850535 ], [ -95.115220888483407, 18.420240693224443 ], [ -95.114644199221303, 18.420281450202772 ], [ -95.114098073584188, 18.420298936475014 ], [ -95.11412465820645, 18.419457433062071 ], [ -95.114115623114415, 18.419235344354853 ], [ -95.114113285370195, 18.41898278545462 ], [ -95.114114480992157, 18.418751341519727 ], [ -95.114096238543482, 18.418314812423731 ], [ -95.114061532496081, 18.41771917020667 ], [ -95.114174878516806, 18.416956307065519 ], [ -95.11418281549804, 18.416844495632262 ], [ -95.115033571382313, 18.41669830901413 ], [ -95.115784311120308, 18.416613032358935 ], [ -95.116707696409605, 18.416362043125424 ], [ -95.117515018369062, 18.415987664231537 ], [ -95.118607289074788, 18.414663031976417 ], [ -95.119177259195851, 18.414962727593068 ], [ -95.119288210975441, 18.41502571534339 ], [ -95.119523003103239, 18.415159007315697 ], [ -95.119076290889822, 18.415719938913259 ], [ -95.118945293789594, 18.415890664535961 ], [ -95.118799566433225, 18.416080587188194 ], [ -95.118668818335564, 18.41624222717277 ], [ -95.118628757564608, 18.416291752554216 ], [ -95.118561822157815, 18.416318315880037 ], [ -95.117686395889649, 18.416582481483946 ], [ -95.117638368962986, 18.417293123035449 ], [ -95.117595752814736, 18.417762841167644 ], [ -95.117549387546347, 18.41822100469486 ], [ -95.117504337706038, 18.418709802576743 ], [ -95.1174510598278, 18.419207996818667 ], [ -95.117359011375271, 18.419815194484997 ], [ -95.117286508973706, 18.420368077540886 ], [ -95.117245869896593, 18.420585624766655 ], [ -95.116990023277907, 18.421659688754186 ] ] ] } },
{ "type": "Feature", "properties": { "ID": 639.0, "ENTIDAD": 30, "DISTRITO_F": 19, "DISTRITO_L": 25, "MUNICIPIO": 34, "SECCION": 642, "TIPO": 2, "CONTROL": 3158.0, "GEOMETRY1_": null, "SEC": 642, "distrito": 50, "municipio": 68, "seccion": 1284, "listaNominal": 931, "rppv": 24, "boletaSobrante": 367, "noElectoresVotaron": 273, "rppvotaron": 5, "sumaCyD": 0, "boetasExtraidasUrna": 0, "pan": 25, "pri": 3, "verde": 17, "pt": 140, "mc": 227, "morena": 162, "verde-morena": 7, "CNR": 0, "VN": 7, "sumaTotal": 588, "VOTO_4T_25": 326.0, "VOTO_OPO_25": 28.0, "VOTO_MC_25": 227.0, "VOTO_4T_21": 372.0, "VOTO_OPO_21": 178.0, "VOTO_MC_21": 14.0, "GANADOR_21": "4T", "GANADOR_25": "4T" }, "geometry": { "type": "Polygon", "coordinates": [ [ [ -95.113996253978385, 18.422885468253874 ], [ -95.113075494805273, 18.422340563756542 ], [ -95.112813052929212, 18.422187525830129 ], [ -95.112293521578309, 18.42185848709714 ], [ -95.111742036367161, 18.421445734006362 ], [ -95.111645602715839, 18.421363657651572 ], [ -95.111125397104004, 18.420920899681622 ], [ -95.110968441095281, 18.420806937957458 ], [ -95.110634994222252, 18.420525112997399 ], [ -95.110371578297716, 18.420273573421493 ], [ -95.110641365911732, 18.419732286351891 ], [ -95.110832647684902, 18.419336400648241 ], [ -95.111014452899838, 18.419005360828802 ], [ -95.111336596943886, 18.418315648843841 ], [ -95.111654172459922, 18.417650710664926 ], [ -95.111764057128184, 18.41739853958553 ], [ -95.111783514804713, 18.417191224241279 ], [ -95.112262050006635, 18.417121083684734 ], [ -95.112897070994151, 18.416994969481671 ], [ -95.113590374732794, 18.416992449736217 ], [ -95.11405206919099, 18.416866961586546 ], [ -95.11418281549804, 18.416844495632262 ], [ -95.114174878516806, 18.416956307065519 ], [ -95.114061532496081, 18.41771917020667 ], [ -95.114096238543482, 18.418314812423731 ], [ -95.114114480992157, 18.418751341519727 ], [ -95.114113285370195, 18.41898278545462 ], [ -95.114115623114415, 18.419235344354853 ], [ -95.11412465820645, 18.419457433062071 ], [ -95.114098073584188, 18.420298936475014 ], [ -95.11407128558929, 18.421265501428742 ], [ -95.113996253978385, 18.422885468253874 ] ] ] } },
{ "type": "Feature", "properties": { "ID": 640.0, "ENTIDAD": 30, "DISTRITO_F": 19, "DISTRITO_L": 25, "MUNICIPIO": 34, "SECCION": 643, "TIPO": 2, "CONTROL": 3162.0, "GEOMETRY1_": null, "SEC": 643, "distrito": 50, "municipio": 68, "seccion": 1286, "listaNominal": 997, "rppv": 24, "boletaSobrante": 387, "noElectoresVotaron": 624, "rppvotaron": 10, "sumaCyD": 0, "boetasExtraidasUrna": 0, "pan": 26, "pri": 2, "verde": 25, "pt": 116, "mc": 275, "morena": 171, "verde-morena": 5, "CNR": 0, "VN": 14, "sumaTotal": 634, "VOTO_4T_25": 317.0, "VOTO_OPO_25": 28.0, "VOTO_MC_25": 275.0, "VOTO_4T_21": 403.0, "VOTO_OPO_21": 186.0, "VOTO_MC_21": 22.0, "GANADOR_21": "4T", "GANADOR_25": "4T" }, "geometry": { "type": "Polygon", "coordinates": [ [ [ -95.110968441095281, 18.420806937957458 ], [ -95.110195881498299, 18.420561732507917 ], [ -95.109553104477769, 18.420369531828218 ], [ -95.109041012257322, 18.42022065201067 ], [ -95.10831260731652, 18.420021207736731 ], [ -95.107976927008124, 18.419906694870001 ], [ -95.107108514974769, 18.41966593594741 ], [ -95.106524410654359, 18.419496353260993 ], [ -95.105895946144742, 18.419329702006472 ], [ -95.105288041162154, 18.419144252256853 ], [ -95.104855938784226, 18.419020067121071 ], [ -95.104428200063367, 18.418880595094333 ], [ -95.104599201408377, 18.418440154213314 ], [ -95.104754902050459, 18.418053211288598 ], [ -95.104884229400128, 18.417748646192621 ], [ -95.105068362134006, 18.417314743565068 ], [ -95.105378579810463, 18.416610731363637 ], [ -95.105557627926601, 18.416526257633464 ], [ -95.106290219151589, 18.416671802196742 ], [ -95.106744830406157, 18.416739812638891 ], [ -95.107369399556418, 18.4166643294189 ], [ -95.107984671819651, 18.416641326489895 ], [ -95.108619859333658, 18.416556495624459 ], [ -95.109371101443671, 18.416595051190043 ], [ -95.109834143276757, 18.41679972399492 ], [ -95.110470511813602, 18.417003768554263 ], [ -95.11093271309386, 18.417002094943385 ], [ -95.111222095262065, 18.417124854898333 ], [ -95.111684634949071, 18.417205717240421 ], [ -95.111783514804713, 18.417191224241279 ], [ -95.111764057128184, 18.41739853958553 ], [ -95.111654172459922, 18.417650710664926 ], [ -95.111336596943886, 18.418315648843841 ], [ -95.111014452899838, 18.419005360828802 ], [ -95.110832647684902, 18.419336400648241 ], [ -95.110641365911732, 18.419732286351891 ], [ -95.110371578297716, 18.420273573421493 ], [ -95.110634994222252, 18.420525112997399 ], [ -95.110968441095281, 18.420806937957458 ] ] ] } },
{ "type": "Feature", "properties": { "ID": 630.0, "ENTIDAD": 30, "DISTRITO_F": 19, "DISTRITO_L": 25, "MUNICIPIO": 34, "SECCION": 633, "TIPO": 2, "CONTROL": 3012.0, "GEOMETRY1_": null, "SEC": 633, "distrito": 100, "municipio": 136, "seccion": 2532, "listaNominal": 2785, "rppv": 48, "boletaSobrante": 1218, "noElectoresVotaron": 800, "rppvotaron": 10, "sumaCyD": 0, "boetasExtraidasUrna": 0, "pan": 81, "pri": 5, "verde": 38, "pt": 311, "mc": 801, "morena": 330, "verde-morena": 14, "CNR": 1, "VN": 34, "sumaTotal": 1615, "VOTO_4T_25": 693.0, "VOTO_OPO_25": 86.0, "VOTO_MC_25": 801.0, "VOTO_4T_21": 947.0, "VOTO_OPO_21": 473.0, "VOTO_MC_21": 71.0, "GANADOR_21": "4T", "GANADOR_25": "MC" }, "geometry": { "type": "Polygon", "coordinates": [ [ [ -95.105584209165343, 18.431306617882999 ], [ -95.104953897613854, 18.431218583316554 ], [ -95.104757314493, 18.43119112644295 ], [ -95.102044905123336, 18.431095072185467 ], [ -95.101538866765026, 18.431067088301049 ], [ -95.101548256845277, 18.430801916139572 ], [ -95.101685866219498, 18.4302741018201 ], [ -95.101758534849836, 18.430010542261801 ], [ -95.10197809818392, 18.429214207907936 ], [ -95.102246993556761, 18.428224201205627 ], [ -95.102502310273238, 18.427246603768889 ], [ -95.102896450798852, 18.425847555429421 ], [ -95.103195951331884, 18.42478468571187 ], [ -95.103493718103081, 18.423639809242264 ], [ -95.103826990234069, 18.422401167784098 ], [ -95.103927912445656, 18.422065070792613 ], [ -95.104280675781339, 18.421323245921414 ], [ -95.104468039048939, 18.420905483261699 ], [ -95.105071943873853, 18.421090171899849 ], [ -95.105614471334846, 18.421256144840818 ], [ -95.106166742672301, 18.42141320863443 ], [ -95.106912994320268, 18.421642561348097 ], [ -95.107429400817196, 18.421803439551457 ], [ -95.107846331623946, 18.421932674696944 ], [ -95.108497777985562, 18.422135029733109 ], [ -95.109064251588521, 18.422296930605743 ], [ -95.108773452790786, 18.422763432695721 ], [ -95.108226352279019, 18.422588265925594 ], [ -95.107752454795289, 18.423399382378761 ], [ -95.107482020816136, 18.424391137079141 ], [ -95.107175316361563, 18.425457285645823 ], [ -95.10689557924843, 18.426490970910866 ], [ -95.10660497976437, 18.427590446023995 ], [ -95.106467557997618, 18.42805713099991 ], [ -95.10634580493182, 18.428496995627711 ], [ -95.106156004192869, 18.429183317364419 ], [ -95.106056278353904, 18.429543924043102 ], [ -95.105867683997033, 18.430236537356517 ], [ -95.105777310853981, 18.430568430140827 ], [ -95.105712167509125, 18.430813562605781 ], [ -95.105668582115172, 18.430955815018116 ], [ -95.105620004139027, 18.431157791021302 ], [ -95.105584209165343, 18.431306617882999 ] ] ] } },
{ "type": "Feature", "properties": { "ID": 631.0, "ENTIDAD": 30, "DISTRITO_F": 19, "DISTRITO_L": 25, "MUNICIPIO": 34, "SECCION": 634, "TIPO": 3, "CONTROL": 3074.0, "GEOMETRY1_": null, "SEC": 634, "distrito": 100, "municipio": 136, "seccion": 2536, "listaNominal": 2890, "rppv": 48, "boletaSobrante": 1390, "noElectoresVotaron": 779, "rppvotaron": 11, "sumaCyD": 0, "boetasExtraidasUrna": 0, "pan": 105, "pri": 6, "verde": 41, "pt": 309, "mc": 831, "morena": 212, "verde-morena": 14, "CNR": 0, "VN": 30, "sumaTotal": 1548, "VOTO_4T_25": 576.0, "VOTO_OPO_25": 111.0, "VOTO_MC_25": 831.0, "VOTO_4T_21": 834.0, "VOTO_OPO_21": 480.0, "VOTO_MC_21": 37.0, "GANADOR_21": "4T", "GANADOR_25": "MC" }, "geometry": { "type": "Polygon", "coordinates": [ [ [ -95.105584209165343, 18.431306617882999 ], [ -95.105489054051574, 18.431636615104736 ], [ -95.105394281554965, 18.431965283623061 ], [ -95.105281517825517, 18.432356342935119 ], [ -95.105173038657725, 18.432732541202142 ], [ -95.10507835721144, 18.43306088801026 ], [ -95.105064018671911, 18.433110612630625 ], [ -95.104670917664535, 18.434473831661816 ], [ -95.104590442807194, 18.434474026045109 ], [ -95.104215968624857, 18.434457473655812 ], [ -95.103716010639289, 18.434420344200955 ], [ -95.103598505867893, 18.434391075909453 ], [ -95.103233289493346, 18.434367456158714 ], [ -95.10313241550017, 18.434349270613701 ], [ -95.102694168409045, 18.434325983343602 ], [ -95.101453221185338, 18.434213486098734 ], [ -95.100939295230575, 18.438331903009775 ], [ -95.103838802128251, 18.438361774239151 ], [ -95.104864738525976, 18.438501917641503 ], [ -95.105753766319111, 18.438490425392871 ], [ -95.106642794843211, 18.438478928940501 ], [ -95.107908903690969, 18.438513451412838 ], [ -95.10817930588432, 18.437584926483396 ], [ -95.108374218563995, 18.436599904832811 ], [ -95.108562928385268, 18.43588489156522 ], [ -95.109806666392643, 18.435989999994888 ], [ -95.110155058544024, 18.436015558188544 ], [ -95.112167377129452, 18.436264853661214 ], [ -95.113253834313639, 18.436276967976049 ], [ -95.114805612479969, 18.435613013622813 ], [ -95.115359054753782, 18.43566106872186 ], [ -95.115433270591282, 18.435667512726944 ], [ -95.115663614030254, 18.435687512760527 ], [ -95.115693856253671, 18.435690138581663 ], [ -95.115731569811999, 18.43569341310468 ], [ -95.115936692971403, 18.435711383104721 ], [ -95.115959554870443, 18.435713519341334 ], [ -95.115982416770606, 18.435715655575287 ], [ -95.116212125767063, 18.435737119611446 ], [ -95.116256051387708, 18.435741223994974 ], [ -95.116305620358489, 18.435745855677347 ], [ -95.116531222336349, 18.43576693556988 ], [ -95.11659408406814, 18.43577280922279 ], [ -95.116624118865744, 18.43577561559659 ], [ -95.116854785180948, 18.435797168300986 ], [ -95.116926513906279, 18.435803870340553 ], [ -95.117422247604637, 18.435850188931511 ], [ -95.118958870962359, 18.435936726894919 ], [ -95.119681318207483, 18.432886104044954 ], [ -95.120134581127218, 18.43092387561445 ], [ -95.120287742506463, 18.430939599916275 ], [ -95.120862861394187, 18.42982950059486 ], [ -95.122164324132711, 18.427137977967341 ], [ -95.121867237178535, 18.427014189305552 ], [ -95.122938943089324, 18.425414627627394 ], [ -95.124235089765989, 18.423929823744576 ], [ -95.125100474629235, 18.42307254399034 ], [ -95.125319216303026, 18.422905003878519 ], [ -95.125560610000306, 18.422720113555464 ], [ -95.126050004393718, 18.422323751293366 ], [ -95.126431015747102, 18.422053437856754 ], [ -95.127375597718583, 18.421093744734655 ], [ -95.127757238139466, 18.420340414406621 ], [ -95.127924715979773, 18.420369510707694 ], [ -95.128337536539647, 18.420363678921564 ], [ -95.128683855184903, 18.420279853121844 ], [ -95.129087605186754, 18.420113272792513 ], [ -95.130097843119373, 18.419903165831609 ], [ -95.130128116886098, 18.420233215592248 ], [ -95.130245576370299, 18.420686751923849 ], [ -95.130249211844301, 18.421553414711493 ], [ -95.130377772581795, 18.421620130839273 ], [ -95.131117786561006, 18.422004155927048 ], [ -95.131928935021548, 18.422537648784523 ], [ -95.132451022700181, 18.423030946906433 ], [ -95.133204054480984, 18.423482111780249 ], [ -95.133897746863411, 18.423562061984082 ], [ -95.134415667747191, 18.423064880346651 ], [ -95.135108140592322, 18.422855936881284 ], [ -95.135570543837432, 18.422895475806492 ], [ -95.136735342987848, 18.423867722319763 ], [ -95.135834194600719, 18.425313206495407 ], [ -95.134933029513704, 18.426758683427561 ], [ -95.134528393416531, 18.427407712307701 ], [ -95.134811255268275, 18.428029818665156 ], [ -95.134982416900129, 18.428237729465447 ], [ -95.135036102232831, 18.42869285667641 ], [ -95.134973032118054, 18.429312523762391 ], [ -95.134739159359256, 18.429682941354155 ], [ -95.134505285492295, 18.430053358460704 ], [ -95.134385278134062, 18.430589941607177 ], [ -95.134382388570074, 18.430920647266635 ], [ -95.134205806994572, 18.431332808587054 ], [ -95.134117696476991, 18.431518220025787 ], [ -95.134029585737679, 18.431703631385783 ], [ -95.133680393527612, 18.432073232514369 ], [ -95.133445790350066, 18.432526323539495 ], [ -95.133154252003337, 18.432896330392524 ], [ -95.13326667322454, 18.433227850247956 ], [ -95.133207931368219, 18.433351457328964 ], [ -95.133261610777083, 18.433806584285641 ], [ -95.133373670848755, 18.434179442348221 ], [ -95.133426627275625, 18.434717245652511 ], [ -95.13330841889055, 18.435047135988551 ], [ -95.133246059164208, 18.435584124333936 ], [ -95.132882996256598, 18.436389831065622 ], [ -95.132540412564026, 18.437150081026587 ], [ -95.132478410410116, 18.437645730352713 ], [ -95.132358024873554, 18.438223647833802 ], [ -95.132527742612979, 18.438596914372972 ], [ -95.132694926798123, 18.439259547572714 ], [ -95.133033641621552, 18.440088756819826 ], [ -95.13308514702068, 18.44079191254178 ], [ -95.132907461452419, 18.441328084188413 ], [ -95.133075009773705, 18.441949379556281 ], [ -95.133070302614669, 18.442486774910204 ], [ -95.133065595087729, 18.443024170235113 ], [ -95.132770773643955, 18.443766215534932 ], [ -95.132535783837881, 18.444260639703209 ], [ -95.132360989959182, 18.444466105211482 ], [ -95.132132365804566, 18.444727064114772 ], [ -95.131778582259244, 18.445123429803232 ], [ -95.13142935302433, 18.445493020477571 ], [ -95.130966613878073, 18.445655102644647 ], [ -95.130558994969462, 18.44610695828619 ], [ -95.130773910185468, 18.446975680950068 ], [ -95.131004683031321, 18.447887763026184 ], [ -95.131231339151483, 18.44834411658865 ], [ -95.131342309183765, 18.448840990345712 ], [ -95.131510216245374, 18.449420949022805 ], [ -95.131562436134303, 18.450041427985823 ], [ -95.13189680198046, 18.45136669763448 ], [ -95.132126971520421, 18.452366578584581 ], [ -95.132646495116731, 18.454623419883248 ], [ -95.133396204806942, 18.457880143507353 ], [ -95.133924740110189, 18.460176047689377 ], [ -95.134551459823498, 18.462898409602182 ], [ -95.135194732172323, 18.465692621974156 ], [ -95.135928757746711, 18.468880979863822 ], [ -95.136729872326313, 18.472360672286335 ], [ -95.139236557561645, 18.474213872500375 ], [ -95.141669305389215, 18.476012347804311 ], [ -95.143971322868495, 18.478333710091093 ], [ -95.145787873910635, 18.479497657880081 ], [ -95.147604451497969, 18.48066159256593 ], [ -95.150313764864535, 18.482613646418873 ], [ -95.153272646690851, 18.491827007448272 ], [ -95.149862364229634, 18.49215337209187 ], [ -95.144468820145562, 18.492669404324797 ], [ -95.140449305780763, 18.493053870705317 ], [ -95.136954930536234, 18.493388035162319 ], [ -95.133004602412683, 18.493765720964582 ], [ -95.127446717673863, 18.494296957487336 ], [ -95.122928881921084, 18.494728658014346 ], [ -95.120268047267061, 18.494467697784639 ], [ -95.117375730544452, 18.494205525096209 ], [ -95.116158954524707, 18.494446831565188 ], [ -95.108987067720975, 18.493626471684866 ], [ -95.107489485370095, 18.492381328291465 ], [ -95.106395606508059, 18.491385743017052 ], [ -95.105070251074906, 18.490388963125326 ], [ -95.104394233375785, 18.489817107626703 ], [ -95.103745627089438, 18.489268434746531 ], [ -95.102593441709715, 18.488355031403515 ], [ -95.100689662147047, 18.487313998419815 ], [ -95.099189565865231, 18.486522528007587 ], [ -95.102229085052997, 18.465359379105493 ], [ -95.102737328805105, 18.464550767313821 ], [ -95.103304681113585, 18.464088489460089 ], [ -95.103917586827109, 18.462979197500058 ], [ -95.104530483582138, 18.46186990198823 ], [ -95.104467833984842, 18.461114027165298 ], [ -95.10442451456025, 18.46058933482184 ], [ -95.104405184267847, 18.460358152377101 ], [ -95.10400699581659, 18.46029954711199 ], [ -95.099750366630985, 18.459673004239384 ], [ -95.100902643403046, 18.45153898467013 ], [ -95.100382403604812, 18.451499552207849 ], [ -95.09974626348459, 18.451377989334411 ], [ -95.098761603455827, 18.450803695168638 ], [ -95.098122679689126, 18.449980568622092 ], [ -95.097598676155954, 18.448991962032789 ], [ -95.097193688934738, 18.448869579630482 ], [ -95.096789521311237, 18.448953537050041 ], [ -95.096038479684424, 18.448997442112709 ], [ -95.095403335097686, 18.449123475205738 ], [ -95.094768026727237, 18.449208237961859 ], [ -95.093957406196594, 18.448798388847255 ], [ -95.09291500008456, 18.44822427253651 ], [ -95.092162499536613, 18.447896751348644 ], [ -95.091642927808763, 18.448022368799506 ], [ -95.090487077975354, 18.447985126260711 ], [ -95.089736206241398, 18.44807027456898 ], [ -95.089043280605239, 18.448196486905587 ], [ -95.087886301685117, 18.447870354233547 ], [ -95.086845380713584, 18.447667618370374 ], [ -95.086151650426757, 18.447587481735312 ], [ -95.085399815230033, 18.447425006997246 ], [ -95.084923144359635, 18.447313281387078 ], [ -95.08331767223082, 18.446936969596958 ], [ -95.082710736398468, 18.446798602100966 ], [ -95.081177762204234, 18.446449109774306 ], [ -95.080713575884758, 18.445955486835352 ], [ -95.080306855063512, 18.44537913029378 ], [ -95.080247779040235, 18.444830269531614 ], [ -95.080186969901092, 18.444265306626225 ], [ -95.079833056869575, 18.443686619402374 ], [ -95.080281016407156, 18.443218872554219 ], [ -95.080568570138226, 18.442936624619808 ], [ -95.080816169036012, 18.44261242823849 ], [ -95.081218397740287, 18.442033294139989 ], [ -95.081736507728706, 18.441536296012661 ], [ -95.082024452379088, 18.441287696742489 ], [ -95.082427155678104, 18.440832361220991 ], [ -95.082599535437282, 18.440584158793087 ], [ -95.082539021045918, 18.439882810058943 ], [ -95.082364552465307, 18.439594534865602 ], [ -95.082364070190678, 18.439470732317741 ], [ -95.082247383076606, 18.439182257975407 ], [ -95.081957836065101, 18.439018183351795 ], [ -95.081552567634063, 18.438813238792044 ], [ -95.081031739091699, 18.438608691141205 ], [ -95.080857274174519, 18.438320415237531 ], [ -95.080913128900875, 18.437825006996594 ], [ -95.080853583195037, 18.437371263768465 ], [ -95.080678638015868, 18.436959185610689 ], [ -95.080619734700889, 18.436670512243214 ], [ -95.080502891203864, 18.436340770212457 ], [ -95.080559226619599, 18.435969164412498 ], [ -95.080673983346784, 18.435762429502542 ], [ -95.080789221467739, 18.435679496845918 ], [ -95.080903817079061, 18.435431494239158 ], [ -95.081134613876642, 18.435348163376862 ], [ -95.081248244457043, 18.434852555531634 ], [ -95.081188697272225, 18.434398812327501 ], [ -95.081303291128151, 18.434150809186917 ], [ -95.081591704258358, 18.434026010743434 ], [ -95.08234106145926, 18.433569476253176 ], [ -95.082744386448937, 18.433279206466015 ], [ -95.083090415046939, 18.433112938035553 ], [ -95.083550709830519, 18.432616128350794 ], [ -95.084185630062976, 18.432448857598946 ], [ -95.084473715675784, 18.432241518558513 ], [ -95.08458733317886, 18.431745906410423 ], [ -95.084700949750427, 18.43125029405244 ], [ -95.085277762285187, 18.431000683494229 ], [ -95.085682696383856, 18.431123082222911 ], [ -95.086086983004463, 18.431080409369102 ], [ -95.086259507644229, 18.430873468322734 ], [ -95.086662171604033, 18.430418116777407 ], [ -95.087181526065109, 18.430251235883809 ], [ -95.087584673622473, 18.42991968495225 ], [ -95.087524458451483, 18.429300869677583 ], [ -95.087696166696105, 18.428887587724244 ], [ -95.088099309759315, 18.428556034880561 ], [ -95.088502776858761, 18.42830701651982 ], [ -95.08896402043456, 18.428057795216628 ], [ -95.089426729884153, 18.428179983286199 ], [ -95.089658492553099, 18.428344246617865 ], [ -95.09012201929508, 18.428672772669184 ], [ -95.090469012717932, 18.428754095055265 ], [ -95.0911039159745, 18.428586797119145 ], [ -95.091449765803802, 18.428379242121821 ], [ -95.092026071422168, 18.428005803385254 ], [ -95.092486819497651, 18.427632768396048 ], [ -95.092666131583812, 18.427238287853825 ], [ -95.092683313482326, 18.426478667680009 ], [ -95.092662323472666, 18.425939920051341 ], [ -95.0927952057352, 18.425198516596609 ], [ -95.092924865260059, 18.424599541651943 ], [ -95.093105336537946, 18.423954114852545 ], [ -95.09282336198433, 18.423219996586674 ], [ -95.09259148617798, 18.422471077661271 ], [ -95.092608305784381, 18.421727282602408 ], [ -95.092971863613485, 18.421053961708331 ], [ -95.093496920133418, 18.420573959734728 ], [ -95.093837811006296, 18.420169327249827 ], [ -95.094590683035065, 18.419884006797044 ], [ -95.09441131043711, 18.420733721000595 ], [ -95.094214188347578, 18.421667502352602 ], [ -95.093832866824584, 18.423523981833906 ], [ -95.093875235417144, 18.42349605515378 ], [ -95.094058194266381, 18.423375460087296 ], [ -95.09492034009952, 18.423111681152214 ], [ -95.096875781036445, 18.422506753228905 ], [ -95.097300819345023, 18.422312671583136 ], [ -95.098080301838252, 18.421956738857983 ], [ -95.097659498982267, 18.423175884785373 ], [ -95.09868933350154, 18.423011655825487 ], [ -95.099976867140441, 18.422779745920408 ], [ -95.101213881802181, 18.422564686558363 ], [ -95.101057151906488, 18.423015064899335 ], [ -95.102969207865272, 18.422698534556009 ], [ -95.102777404874161, 18.42321074255447 ], [ -95.102681752896657, 18.423468292387223 ], [ -95.103493718103081, 18.423639809242264 ], [ -95.103195951331884, 18.42478468571187 ], [ -95.102896450798852, 18.425847555429421 ], [ -95.102502310273238, 18.427246603768889 ], [ -95.102246993556761, 18.428224201205627 ], [ -95.10197809818392, 18.429214207907936 ], [ -95.101758534849836, 18.430010542261801 ], [ -95.101685866219498, 18.4302741018201 ], [ -95.101548256845277, 18.430801916139572 ], [ -95.101538866765026, 18.431067088301049 ], [ -95.102044905123336, 18.431095072185467 ], [ -95.104757314493, 18.43119112644295 ], [ -95.104953897613854, 18.431218583316554 ], [ -95.105584209165343, 18.431306617882999 ] ] ] } },
{ "type": "Feature", "properties": { "ID": 632.0, "ENTIDAD": 30, "DISTRITO_F": 19, "DISTRITO_L": 25, "MUNICIPIO": 34, "SECCION": 635, "TIPO": 2, "CONTROL": 3114.0, "GEOMETRY1_": null, "SEC": 635, "distrito": 75, "municipio": 102, "seccion": 1905, "listaNominal": 1543, "rppv": 36, "boletaSobrante": 662, "noElectoresVotaron": 905, "rppvotaron": 309, "sumaCyD": 0, "boetasExtraidasUrna": 0, "pan": 65, "pri": 2, "verde": 19, "pt": 130, "mc": 479, "morena": 204, "verde-morena": 5, "CNR": 0, "VN": 13, "sumaTotal": 917, "VOTO_4T_25": 358.0, "VOTO_OPO_25": 67.0, "VOTO_MC_25": 479.0, "VOTO_4T_21": 547.0, "VOTO_OPO_21": 362.0, "VOTO_MC_21": 14.0, "GANADOR_21": "4T", "GANADOR_25": "MC" }, "geometry": { "type": "Polygon", "coordinates": [ [ [ -95.093832866824584, 18.423523981833906 ], [ -95.094214188347578, 18.421667502352602 ], [ -95.09441131043711, 18.420733721000595 ], [ -95.094590683035065, 18.419884006797044 ], [ -95.094982023532765, 18.419448744631396 ], [ -95.095123240788624, 18.419071663718107 ], [ -95.09533005965595, 18.418727598695035 ], [ -95.095536520085361, 18.418399358771488 ], [ -95.095940501551482, 18.418138515212078 ], [ -95.096446459711217, 18.417768939078474 ], [ -95.096930833329864, 18.417620577287959 ], [ -95.097479379573102, 18.417568531577803 ], [ -95.098007059187225, 18.417706049626986 ], [ -95.098519232273802, 18.417795748729514 ], [ -95.09886811297423, 18.417771258121796 ], [ -95.09923393022568, 18.417731282221261 ], [ -95.099701723440674, 18.417582571944717 ], [ -95.099999399278374, 18.417438279453908 ], [ -95.100290927382545, 18.41719886250333 ], [ -95.100582097673339, 18.416975270535048 ], [ -95.100932683259899, 18.416507488757336 ], [ -95.101096433269348, 18.41623377793799 ], [ -95.101277297335727, 18.415936669190778 ], [ -95.101432934994534, 18.415654874706668 ], [ -95.101654531873592, 18.415390268312375 ], [ -95.101816851935141, 18.415179858885818 ], [ -95.101978457859374, 18.415001100475582 ], [ -95.102157534665963, 18.414783118434009 ], [ -95.102411930616825, 18.414535017572351 ], [ -95.102672296297087, 18.41438995310952 ], [ -95.10306368897713, 18.414318827872812 ], [ -95.103642380420936, 18.41438713766733 ], [ -95.103932252492854, 18.414633712631147 ], [ -95.104281069772554, 18.4151689597877 ], [ -95.104456231566104, 18.41562229176899 ], [ -95.104920266511201, 18.416074586501534 ], [ -95.105557627926601, 18.416526257633464 ], [ -95.105378579810463, 18.416610731363637 ], [ -95.105068362134006, 18.417314743565068 ], [ -95.104884229400128, 18.417748646192621 ], [ -95.104754902050459, 18.418053211288598 ], [ -95.104599201408377, 18.418440154213314 ], [ -95.104428200063367, 18.418880595094333 ], [ -95.104229469813546, 18.419309202202758 ], [ -95.104057224465109, 18.419740872896739 ], [ -95.103875653807265, 18.420185278070935 ], [ -95.103679127142144, 18.420653990553664 ], [ -95.104010786873062, 18.42075634218488 ], [ -95.104468039048939, 18.420905483261699 ], [ -95.104280675781339, 18.421323245921414 ], [ -95.103927912445656, 18.422065070792613 ], [ -95.103826990212113, 18.422401167780123 ], [ -95.103493718103081, 18.423639809242264 ], [ -95.102681752896657, 18.423468292387223 ], [ -95.102777404874161, 18.42321074255447 ], [ -95.102969207865272, 18.422698534556009 ], [ -95.101057151906488, 18.423015064899335 ], [ -95.101213881802181, 18.422564686558363 ], [ -95.099976867140441, 18.422779745920408 ], [ -95.09868933350154, 18.423011655825487 ], [ -95.097659498982267, 18.423175884785373 ], [ -95.098080301838252, 18.421956738857983 ], [ -95.097300819345023, 18.422312671583136 ], [ -95.096875781036445, 18.422506753228905 ], [ -95.09492034009952, 18.423111681152214 ], [ -95.094058194266381, 18.423375460087296 ], [ -95.093875235417144, 18.42349605515378 ], [ -95.093832866824584, 18.423523981833906 ] ] ] } },
{ "type": "Feature", "properties": { "ID": 633.0, "ENTIDAD": 30, "DISTRITO_F": 19, "DISTRITO_L": 25, "MUNICIPIO": 34, "SECCION": 636, "TIPO": 2, "CONTROL": 3117.0, "GEOMETRY1_": null, "SEC": 636, "distrito": 50, "municipio": 68, "seccion": 1272, "listaNominal": 1171, "rppv": 24, "boletaSobrante": 494, "noElectoresVotaron": 346, "rppvotaron": 7, "sumaCyD": 0, "boetasExtraidasUrna": 0, "pan": 19, "pri": 2, "verde": 25, "pt": 138, "mc": 352, "morena": 151, "verde-morena": 4, "CNR": 0, "VN": 10, "sumaTotal": 701, "VOTO_4T_25": 318.0, "VOTO_OPO_25": 21.0, "VOTO_MC_25": 352.0, "VOTO_4T_21": 431.0, "VOTO_OPO_21": 219.0, "VOTO_MC_21": 22.0, "GANADOR_21": "4T", "GANADOR_25": "MC" }, "geometry": { "type": "Polygon", "coordinates": [ [ [ -95.109064251588521, 18.422296930605743 ], [ -95.108497777985562, 18.422135029733109 ], [ -95.107846331623946, 18.421932674696944 ], [ -95.107429400817196, 18.421803439551457 ], [ -95.106912994320268, 18.421642561348097 ], [ -95.106166742672301, 18.42141320863443 ], [ -95.105614471334846, 18.421256144840818 ], [ -95.105071943873853, 18.421090171899849 ], [ -95.104468039048939, 18.420905483261699 ], [ -95.104010786873062, 18.42075634218488 ], [ -95.103679127142144, 18.420653990553664 ], [ -95.103875653807265, 18.420185278070935 ], [ -95.104057224465109, 18.419740872896739 ], [ -95.104229469813546, 18.419309202202758 ], [ -95.104428200063367, 18.418880595094333 ], [ -95.104855938784226, 18.419020067121071 ], [ -95.105288041162154, 18.419144252256853 ], [ -95.105895946144742, 18.419329702006472 ], [ -95.106524410654359, 18.419496353260993 ], [ -95.107108514974769, 18.41966593594741 ], [ -95.107976927008124, 18.419906694870001 ], [ -95.10831260731652, 18.420021207736731 ], [ -95.109041012257322, 18.42022065201067 ], [ -95.109553104477769, 18.420369531828218 ], [ -95.110195881498299, 18.420561732507917 ], [ -95.109850645035877, 18.421074923276194 ], [ -95.109602089215414, 18.421487799751379 ], [ -95.109354404849796, 18.421861912429424 ], [ -95.109064251588521, 18.422296930605743 ] ] ] } },
{ "type": "Feature", "properties": { "ID": 634.0, "ENTIDAD": 30, "DISTRITO_F": 19, "DISTRITO_L": 25, "MUNICIPIO": 34, "SECCION": 637, "TIPO": 2, "CONTROL": 3121.0, "GEOMETRY1_": null, "SEC": 637, "distrito": 50, "municipio": 68, "seccion": 1274, "listaNominal": 920, "rppv": 24, "boletaSobrante": 374, "noElectoresVotaron": 283, "rppvotaron": 4, "sumaCyD": 0, "boetasExtraidasUrna": 0, "pan": 62, "pri": 2, "verde": 18, "pt": 102, "mc": 251, "morena": 109, "verde-morena": 11, "CNR": 0, "VN": 15, "sumaTotal": 570, "VOTO_4T_25": 240.0, "VOTO_OPO_25": 64.0, "VOTO_MC_25": 251.0, "VOTO_4T_21": 356.0, "VOTO_OPO_21": 124.0, "VOTO_MC_21": 14.0, "GANADOR_21": "4T", "GANADOR_25": "MC" }, "geometry": { "type": "Polygon", "coordinates": [ [ [ -95.109630466118475, 18.427369400687056 ], [ -95.108351671288275, 18.427191423666883 ], [ -95.108538168148712, 18.426643089820658 ], [ -95.10784908055642, 18.426575438239308 ], [ -95.107558744411975, 18.426544432021338 ], [ -95.107235154709713, 18.426507050318826 ], [ -95.10689557924843, 18.426490970910866 ], [ -95.107175316361563, 18.425457285645823 ], [ -95.107482020816136, 18.424391137079141 ], [ -95.107752454795289, 18.423399382378761 ], [ -95.108226352279019, 18.422588265925594 ], [ -95.108773452790786, 18.422763432695721 ], [ -95.109064251588521, 18.422296930605743 ], [ -95.109354404849796, 18.421861912429424 ], [ -95.109602089215414, 18.421487799751379 ], [ -95.109850645035877, 18.421074923276194 ], [ -95.110195881498299, 18.420561732507917 ], [ -95.110968441095281, 18.420806937957458 ], [ -95.111125397104004, 18.420920899681622 ], [ -95.111645602715839, 18.421363657651572 ], [ -95.111742036367161, 18.421445734006362 ], [ -95.112293521578309, 18.42185848709714 ], [ -95.112119981032791, 18.422239646662117 ], [ -95.111314880881636, 18.423730898364497 ], [ -95.111232502094296, 18.423894730689565 ], [ -95.111053111522423, 18.424391541428481 ], [ -95.110907900676295, 18.425002708370762 ], [ -95.110821191549206, 18.425367648790395 ], [ -95.110444851161603, 18.426063210460796 ], [ -95.110199882363986, 18.426518046027347 ], [ -95.110029595110774, 18.426834217578662 ], [ -95.109922244572374, 18.426978161985467 ], [ -95.109785131929968, 18.427162013349729 ], [ -95.109630466118475, 18.427369400687056 ] ] ] } },
{ "type": "Feature", "properties": { "ID": 641.0, "ENTIDAD": 30, "DISTRITO_F": 19, "DISTRITO_L": 25, "MUNICIPIO": 34, "SECCION": 644, "TIPO": 4, "CONTROL": 1705.0, "GEOMETRY1_": null, "SEC": 644, "distrito": 50, "municipio": 68, "seccion": 1288, "listaNominal": 1190, "rppv": 24, "boletaSobrante": 509, "noElectoresVotaron": 357, "rppvotaron": 7, "sumaCyD": 0, "boetasExtraidasUrna": 0, "pan": 139, "pri": 0, "verde": 32, "pt": 64, "mc": 117, "morena": 309, "verde-morena": 15, "CNR": 0, "VN": 28, "sumaTotal": 704, "VOTO_4T_25": 420.0, "VOTO_OPO_25": 139.0, "VOTO_MC_25": 117.0, "VOTO_4T_21": 473.0, "VOTO_OPO_21": 136.0, "VOTO_MC_21": 39.0, "GANADOR_21": "4T", "GANADOR_25": "4T" }, "geometry": { "type": "Polygon", "coordinates": [ [ [ -95.049360875011288, 18.599519860158278 ], [ -95.049022120512461, 18.598994303676694 ], [ -95.050229632235826, 18.597009794320357 ], [ -95.050921143498371, 18.596306124655083 ], [ -95.05120797232702, 18.595644975822658 ], [ -95.051494215241433, 18.594818763434194 ], [ -95.051550150763603, 18.594282129794763 ], [ -95.051199955364538, 18.593375364754994 ], [ -95.050388865429866, 18.59296522547772 ], [ -95.049925200324765, 18.592677803143516 ], [ -95.049806919388729, 18.591935381404763 ], [ -95.050440285529092, 18.591149358065319 ], [ -95.051074958845859, 18.590734722418091 ], [ -95.051594115390941, 18.590361710203375 ], [ -95.051708898842563, 18.590113755579157 ], [ -95.051881219440787, 18.58978308908652 ], [ -95.051935833041739, 18.588875063232333 ], [ -95.051932762122874, 18.588008483379667 ], [ -95.051929836631658, 18.587183169183252 ], [ -95.051638205863227, 18.586482554685588 ], [ -95.051055534746595, 18.585246388261979 ], [ -95.050242289702709, 18.584217270657316 ], [ -95.049371664082997, 18.583312128092913 ], [ -95.048848884923018, 18.582653497758283 ], [ -95.048035955533166, 18.581706906261378 ], [ -95.04780188214076, 18.580923579386862 ], [ -95.047219979551159, 18.579893736825962 ], [ -95.046581565843894, 18.579235462594788 ], [ -95.045770696540316, 18.578866582913864 ], [ -95.044901280622213, 18.578291552142723 ], [ -95.04374245525311, 18.577634880853005 ], [ -95.042526537393414, 18.577184708951119 ], [ -95.041599029534979, 18.576527314148485 ], [ -95.040787178066964, 18.575869560492574 ], [ -95.040555159931827, 18.575663945334735 ], [ -95.039627812626847, 18.575047808874256 ], [ -95.039019797501922, 18.574802080529533 ], [ -95.038411784457693, 18.574556350537627 ], [ -95.037311124989046, 18.573982001746295 ], [ -95.036036860844661, 18.573366912368389 ], [ -95.035399518231458, 18.572997467531202 ], [ -95.034067732814009, 18.572465073686569 ], [ -95.033025925013618, 18.572179383387596 ], [ -95.032620881585942, 18.572098082648978 ], [ -95.031925730445806, 18.571728803788385 ], [ -95.03094076126979, 18.571154074233398 ], [ -95.030015039266601, 18.570991813845421 ], [ -95.028624056169789, 18.570046914871433 ], [ -95.027756166077012, 18.569884470427766 ], [ -95.026713685589854, 18.569392426725955 ], [ -95.025844957124363, 18.568982386731644 ], [ -95.024918553160262, 18.568613781443712 ], [ -95.023817849062866, 18.567998104420159 ], [ -95.023006396173486, 18.567422822810268 ], [ -95.022254030181358, 18.567218746174785 ], [ -95.021212425657467, 18.566974264329474 ], [ -95.020170964843345, 18.566771041630496 ], [ -95.019533968232764, 18.566484082468953 ], [ -95.019244171671033, 18.566278619852113 ], [ -95.017969632137692, 18.565539637635119 ], [ -95.016927770581006, 18.565212606614892 ], [ -95.016406980480369, 18.565090353420807 ], [ -95.015307445724901, 18.564804749620876 ], [ -95.014555521237853, 18.564724438368838 ], [ -95.013976640231007, 18.564519821260689 ], [ -95.013108528956494, 18.564274788827156 ], [ -95.012240007434727, 18.563905960776317 ], [ -95.010966624012198, 18.563497051657365 ], [ -95.010387478604088, 18.563209897174627 ], [ -95.009576925791279, 18.562882153536943 ], [ -95.008882423769862, 18.562677861008996 ], [ -95.008592922959451, 18.562554913246711 ], [ -95.00818765003477, 18.562391038529157 ], [ -95.007955968151521, 18.562267921336346 ], [ -95.007550423162641, 18.56202151784505 ], [ -95.007260788018598, 18.561857304606178 ], [ -95.006103208943614, 18.5614892945114 ], [ -95.005120177682798, 18.561450884745554 ], [ -95.002574049321709, 18.560798030042609 ], [ -95.001474715954089, 18.560553618288633 ], [ -95.000953959273204, 18.560431326966008 ], [ -95.000490614724427, 18.560185077442203 ], [ -94.999736974166822, 18.55956828679923 ], [ -94.998753288214687, 18.559323528902688 ], [ -94.997770278926325, 18.559285083337439 ], [ -94.997423382295565, 18.55928607665053 ], [ -94.996034455498844, 18.558877410358122 ], [ -94.995108330451586, 18.558549943450807 ], [ -94.994181424411934, 18.558204827200569 ], [ -94.994008495771538, 18.558140439816476 ], [ -94.993661068350931, 18.557976373779354 ], [ -94.993371724183774, 18.557894669282533 ], [ -94.993082380377558, 18.557812964391992 ], [ -94.992648365345175, 18.557690406317739 ], [ -94.992214351125, 18.557567847357522 ], [ -94.992098587480385, 18.557526912190134 ], [ -94.991520569158965, 18.557569814134229 ], [ -94.990595527340318, 18.557572432514206 ], [ -94.989670486439337, 18.557575046335376 ], [ -94.988803128943658, 18.557536229658943 ], [ -94.986315770037336, 18.557130591515321 ], [ -94.988576162063964, 18.554264245133734 ], [ -94.989714632522634, 18.553324790693377 ], [ -94.990408928184621, 18.553487879644926 ], [ -94.991045944744741, 18.553816182609612 ], [ -94.99179832530362, 18.554061629435378 ], [ -94.99272468524974, 18.554471633340349 ], [ -94.993535020370786, 18.554758173063682 ], [ -94.99422798879219, 18.554508617211805 ], [ -94.994747512956792, 18.554259553486087 ], [ -94.995093727506884, 18.554052246756054 ], [ -94.995844371536279, 18.553761255497815 ], [ -94.996826808331505, 18.55363465161501 ], [ -95.000756144641187, 18.553004391343485 ], [ -95.001565271883052, 18.552919525481709 ], [ -95.002606608255121, 18.553122831494363 ], [ -95.003879615140292, 18.553449251927351 ], [ -95.004632296262585, 18.553777177989133 ], [ -95.005384980765925, 18.554105101572187 ], [ -95.006079443211576, 18.554309399824056 ], [ -95.007121894657715, 18.554842793999377 ], [ -95.007932268402513, 18.55512927652136 ], [ -95.008684143010001, 18.55520960581752 ], [ -95.010014311780679, 18.555329500785657 ], [ -95.010129667381747, 18.555246633584218 ], [ -95.011054302284563, 18.555120124630406 ], [ -95.012036614072059, 18.554952176565294 ], [ -95.012672308501948, 18.554867774340426 ], [ -95.013595417156509, 18.554287346888763 ], [ -95.013998598991691, 18.553832245425127 ], [ -95.01474769687843, 18.553087266566703 ], [ -95.015207574726873, 18.552301876557802 ], [ -95.015666333618952, 18.551186370855227 ], [ -95.015894804409058, 18.550360399639352 ], [ -95.015951154884732, 18.549926953439776 ], [ -95.016007504851302, 18.5494935071547 ], [ -95.016062947610536, 18.54879184321733 ], [ -95.016351318343141, 18.548584662202245 ], [ -95.016871501712131, 18.548541849150912 ], [ -95.017267078156323, 18.548587709087681 ], [ -95.017565545834188, 18.548622310464641 ], [ -95.018838570489976, 18.548948628784025 ], [ -95.019763593943068, 18.548945862537732 ], [ -95.020108651718587, 18.548408386532909 ], [ -95.020281952699662, 18.548366602502796 ], [ -95.020918327117428, 18.548488489283155 ], [ -95.021785536191231, 18.548485886023784 ], [ -95.022131433144267, 18.548195992005947 ], [ -95.022882731641133, 18.548111201891167 ], [ -95.023865851393467, 18.548190769728031 ], [ -95.024560327458303, 18.548394999438692 ], [ -95.02473589374064, 18.549013445146688 ], [ -95.025141727489142, 18.549342339957402 ], [ -95.025719021451849, 18.549093004421774 ], [ -95.026411090761314, 18.548595728444027 ], [ -95.026932130154449, 18.548800475447909 ], [ -95.027684855918238, 18.549128313789378 ], [ -95.028494402447961, 18.549167120418478 ], [ -95.029592595247834, 18.549081249121251 ], [ -95.030228270831785, 18.548996781767954 ], [ -95.03155757934131, 18.548868928529728 ], [ -95.032944702522187, 18.548740888426977 ], [ -95.034043183342874, 18.548737520284917 ], [ -95.035085147319492, 18.549105709268737 ], [ -95.036126683870279, 18.549350097911109 ], [ -95.037514971722175, 18.54955214573943 ], [ -95.039364918200775, 18.549505160742267 ], [ -95.040693946349137, 18.549294711703077 ], [ -95.042428264555525, 18.549248054753086 ], [ -95.044104038232547, 18.548995234713644 ], [ -95.045721994399997, 18.548742579850718 ], [ -95.047107069165961, 18.548036714376842 ], [ -95.047973416905094, 18.547786395855983 ], [ -95.049073531874697, 18.548236861510507 ], [ -95.04965360690025, 18.548771494190927 ], [ -95.050117019650159, 18.549017630209075 ], [ -95.051159629836775, 18.549550800066413 ], [ -95.05220150654084, 18.549877636124936 ], [ -95.053185126597356, 18.550080852737292 ], [ -95.054227309753244, 18.550490210736989 ], [ -95.054865375976405, 18.551065914103724 ], [ -95.060072127094585, 18.551343976424079 ], [ -95.061831474278677, 18.551435665954436 ], [ -95.062426136137603, 18.551469646615431 ], [ -95.071635936203151, 18.551961026352476 ], [ -95.071693601657827, 18.551919570846184 ], [ -95.072675746785166, 18.551710024566116 ], [ -95.073542560593367, 18.551583385132176 ], [ -95.07464202838122, 18.551827383967673 ], [ -95.075566200393808, 18.551576744697567 ], [ -95.076662593390353, 18.550995393978098 ], [ -95.077642726512323, 18.550249349159863 ], [ -95.078161544532108, 18.549834961772309 ], [ -95.078450016079117, 18.549668938836753 ], [ -95.07937200728793, 18.548840539079155 ], [ -95.080640894287299, 18.548010982477052 ], [ -95.082026959300862, 18.54759370201544 ], [ -95.082664507052201, 18.54800425777503 ], [ -95.083300500516245, 18.548002139793613 ], [ -95.084051817794659, 18.547917099454104 ], [ -95.085381311514794, 18.547830123937825 ], [ -95.086364212512024, 18.547826835390836 ], [ -95.08711505985039, 18.547617980241114 ], [ -95.087692452869661, 18.547409703921414 ], [ -95.088443297728347, 18.547200842824029 ], [ -95.089426512863255, 18.54728007256195 ], [ -95.090006107130534, 18.547649533532905 ], [ -95.090989642453764, 18.547811290807001 ], [ -95.092493069966025, 18.547847481903073 ], [ -95.093245022134397, 18.547927474460387 ], [ -95.094632184171942, 18.54779896926167 ], [ -95.095093936986487, 18.547591060916478 ], [ -95.096135618245654, 18.547835131358099 ], [ -95.096831346894163, 18.548327984513165 ], [ -95.097643354050376, 18.548985513189248 ], [ -95.098048245134919, 18.549025401653385 ], [ -95.099459546192151, 18.549303782854828 ], [ -95.099459303706453, 18.549345029753013 ], [ -95.102277766561656, 18.572170047332964 ], [ -95.102104067257798, 18.572169136417617 ], [ -95.101520449897293, 18.572949790136992 ], [ -95.101112717239914, 18.573360131323629 ], [ -95.100475572900294, 18.573398032614577 ], [ -95.09948712922187, 18.574094053703085 ], [ -95.098213568750381, 18.574046101645031 ], [ -95.097634567454577, 18.574043050955371 ], [ -95.096768754229998, 18.573584758025969 ], [ -95.095783967300392, 18.573662057004043 ], [ -95.095253513610729, 18.573941781721992 ], [ -95.095086966283844, 18.57402960676167 ], [ -95.094797221767038, 18.574069323426546 ], [ -95.094507477204004, 18.574109039619611 ], [ -95.094217732594757, 18.574148755340698 ], [ -95.093927987939338, 18.574188470589981 ], [ -95.092712090416057, 18.574182034184542 ], [ -95.091784956671802, 18.574300864357273 ], [ -95.09051239095642, 18.574087874590674 ], [ -95.089414267081978, 18.573752060848474 ], [ -95.089300929638412, 18.573338982007442 ], [ -95.088143682902555, 18.573209085955714 ], [ -95.087157670119538, 18.573492570639164 ], [ -95.086809781173827, 18.573573212683876 ], [ -95.086229307398654, 18.573817604403978 ], [ -95.085706237511488, 18.574144795219546 ], [ -95.085182671401583, 18.574554476508894 ], [ -95.084833790848677, 18.574800098868039 ], [ -95.084078374745303, 18.575249785569984 ], [ -95.083671096470056, 18.575577587932166 ], [ -95.083148264807036, 18.575863523623088 ], [ -95.082333948568561, 18.576477875885736 ], [ -95.081635675141939, 18.577051598110291 ], [ -95.081460485500344, 18.577298143055554 ], [ -95.080299997566541, 18.577704391845533 ], [ -95.080241848783984, 18.577745327027611 ], [ -95.079834557909891, 18.578073118546754 ], [ -95.079196410379581, 18.578275926995911 ], [ -95.078732709743278, 18.578355929310131 ], [ -95.078209863152097, 18.578641848092431 ], [ -95.077394271633466, 18.579462401975476 ], [ -95.076755867874141, 18.579706446363865 ], [ -95.076001661210853, 18.57994986389674 ], [ -95.075305603560537, 18.580152344745684 ], [ -95.074664945145258, 18.580767591837621 ], [ -95.074139333648517, 18.581507198467659 ], [ -95.073499416943562, 18.581998703024802 ], [ -95.072568987290722, 18.58265362007938 ], [ -95.071929062184893, 18.583145117608716 ], [ -95.070939965941648, 18.583923446969859 ], [ -95.069894718806779, 18.584412737132546 ], [ -95.069254906011437, 18.584883600140341 ], [ -95.068484658508922, 18.585449844597299 ], [ -95.067975270369473, 18.585825317601316 ], [ -95.067335447522751, 18.586296172054151 ], [ -95.049360875011288, 18.599519860158278 ] ] ] } },
{ "type": "Feature", "properties": { "ID": 642.0, "ENTIDAD": 30, "DISTRITO_F": 19, "DISTRITO_L": 25, "MUNICIPIO": 34, "SECCION": 645, "TIPO": 4, "CONTROL": 1709.0, "GEOMETRY1_": null, "SEC": 645, "distrito": 75, "municipio": 102, "seccion": 1935, "listaNominal": 1148, "rppv": 36, "boletaSobrante": 545, "noElectoresVotaron": 627, "rppvotaron": 12, "sumaCyD": 0, "boetasExtraidasUrna": 0, "pan": 131, "pri": 3, "verde": 37, "pt": 127, "mc": 138, "morena": 171, "verde-morena": 9, "CNR": 0, "VN": 23, "sumaTotal": 639, "VOTO_4T_25": 344.0, "VOTO_OPO_25": 134.0, "VOTO_MC_25": 138.0, "VOTO_4T_21": 282.0, "VOTO_OPO_21": 286.0, "VOTO_MC_21": 24.0, "GANADOR_21": "OPOSICION", "GANADOR_25": "4T" }, "geometry": { "type": "Polygon", "coordinates": [ [ [ -94.986315770037336, 18.557130591515321 ], [ -94.985621730826949, 18.557050011134532 ], [ -94.984927692796148, 18.556969428313845 ], [ -94.984349810609373, 18.557053571014837 ], [ -94.983598615954719, 18.557179458811852 ], [ -94.983076974195384, 18.556768283110095 ], [ -94.982325257131976, 18.556729115063874 ], [ -94.980936147834896, 18.556237822565649 ], [ -94.979952918693868, 18.556116762705098 ], [ -94.979258500618172, 18.555912372459638 ], [ -94.978159388907628, 18.555709098978497 ], [ -94.977812247104637, 18.555627532433345 ], [ -94.977233981291846, 18.555587866023004 ], [ -94.976655716116383, 18.555548197884068 ], [ -94.976310648788484, 18.556126827744933 ], [ -94.976139020470498, 18.556704979247389 ], [ -94.976025981117544, 18.557530545828214 ], [ -94.975449003039884, 18.557903496703457 ], [ -94.974869957041037, 18.557616247478073 ], [ -94.974175672198641, 18.557453100807194 ], [ -94.973655217436388, 18.557413263908217 ], [ -94.972902864289679, 18.557167746655661 ], [ -94.972613152184707, 18.556962225532732 ], [ -94.971800934663264, 18.55605666684307 ], [ -94.971452000258012, 18.555397417947084 ], [ -94.971219849260265, 18.555109213355511 ], [ -94.970525323995119, 18.554863531404621 ], [ -94.970119608863996, 18.55453453619657 ], [ -94.969251778219729, 18.554330584555959 ], [ -94.968672629670692, 18.554002058332291 ], [ -94.967688286938241, 18.553509579895032 ], [ -94.966878788213307, 18.553470510154249 ], [ -94.966358478569688, 18.553471917656282 ], [ -94.965837406337528, 18.553225751887656 ], [ -94.965142900048761, 18.552980052934803 ], [ -94.964622085385969, 18.552816408241085 ], [ -94.964188306563969, 18.552755683518264 ], [ -94.963754528254938, 18.552694957852708 ], [ -94.962944784820181, 18.552573348386009 ], [ -94.962366542193891, 18.552533638841094 ], [ -94.962019546418006, 18.552493307564291 ], [ -94.961672550937905, 18.552452975677888 ], [ -94.960284446115978, 18.552250380312952 ], [ -94.959301150878119, 18.55208795783442 ], [ -94.958548977655468, 18.551883653041248 ], [ -94.958028301589422, 18.551761253522752 ], [ -94.957564435597973, 18.551308606168956 ], [ -94.95715913376182, 18.55110337400027 ], [ -94.956580400988344, 18.550898601616336 ], [ -94.955829361909096, 18.551065641266028 ], [ -94.955019389421977, 18.550861477207658 ], [ -94.953689125711463, 18.550658684066843 ], [ -94.952879532016595, 18.550578295814248 ], [ -94.951895889426055, 18.550292053704808 ], [ -94.950854688484583, 18.550088481445549 ], [ -94.949929357945024, 18.549967123478403 ], [ -94.948772543932236, 18.549763843453682 ], [ -94.948309696403129, 18.549641268408287 ], [ -94.947556941022967, 18.549230618376889 ], [ -94.946978354626893, 18.549067080934407 ], [ -94.946435556134404, 18.549042669998943 ], [ -94.946111090769662, 18.549028077277278 ], [ -94.945533487013265, 18.54919462428926 ], [ -94.944665857504305, 18.549031830832622 ], [ -94.94397202426039, 18.548992367594959 ], [ -94.943220992205553, 18.549159356140205 ], [ -94.942643143532663, 18.549243371783312 ], [ -94.941833085329989, 18.548997894638205 ], [ -94.941023151496907, 18.548793675302136 ], [ -94.940444819466649, 18.548712640888574 ], [ -94.939635616163898, 18.548755980923012 ], [ -94.939057769453228, 18.54883998547098 ], [ -94.938247479988362, 18.548511972751047 ], [ -94.937668790212868, 18.548307148106488 ], [ -94.935472306423591, 18.548395273392629 ], [ -94.934489682566493, 18.548439032629879 ], [ -94.933333634142812, 18.548483226119384 ], [ -94.932292964677728, 18.54844459920443 ], [ -94.93165707364075, 18.548446205785055 ], [ -94.930327009430243, 18.548284516548634 ], [ -94.929575266935302, 18.548203886596575 ], [ -94.928244736278415, 18.547877142250083 ], [ -94.927261530998408, 18.547714562752134 ], [ -94.926972374362904, 18.547674025557484 ], [ -94.926451987335227, 18.547634065711158 ], [ -94.925179514231488, 18.547389677496202 ], [ -94.924948284325808, 18.547390253475609 ], [ -94.924081290062858, 18.547433670953072 ], [ -94.923676872677746, 18.547517196488286 ], [ -94.922462800477163, 18.547478947304828 ], [ -94.921710955001714, 18.547357027309381 ], [ -94.920843613489993, 18.547276649903051 ], [ -94.92009212062402, 18.547278503547986 ], [ -94.919051476906887, 18.547239805307864 ], [ -94.918646827717964, 18.547240799955123 ], [ -94.918011762071131, 18.547531179898101 ], [ -94.917433691538719, 18.54753259716724 ], [ -94.916797351968967, 18.5473691150811 ], [ -94.915756481592652, 18.547247879220318 ], [ -94.914368083394336, 18.546879924647353 ], [ -94.913731981042631, 18.546798952444295 ], [ -94.913153915737922, 18.546800357022551 ], [ -94.912518846487586, 18.547090716936882 ], [ -94.91194100986776, 18.547174636662184 ], [ -94.911362258584489, 18.546928478433909 ], [ -94.910726387964957, 18.546930015259246 ], [ -94.909685987274884, 18.546973784851776 ], [ -94.90916573029557, 18.546975037746257 ], [ -94.908645246293887, 18.546893770431073 ], [ -94.908240602609524, 18.54689474282419 ], [ -94.907720346708615, 18.546895991762717 ], [ -94.906795674491349, 18.546980727137065 ], [ -94.906275419166647, 18.546981972024092 ], [ -94.905928469446252, 18.546941541888874 ], [ -94.905524278482332, 18.547107545370348 ], [ -94.905004587344848, 18.547315082741378 ], [ -94.904253783003853, 18.54756442808463 ], [ -94.903849252182383, 18.54760664987478 ], [ -94.903155578221757, 18.547608298034781 ], [ -94.902751159724914, 18.547691776499683 ], [ -94.902288934865638, 18.547775390988797 ], [ -94.901769575331642, 18.548106695446595 ], [ -94.901365602901279, 18.548355206747804 ], [ -94.900903711362048, 18.548562594417156 ], [ -94.900384124104832, 18.548811376049791 ], [ -94.900153121682735, 18.548894439116403 ], [ -94.899690670740355, 18.548895528403083 ], [ -94.899517140339441, 18.548854677633859 ], [ -94.90026573445266, 18.547780174693671 ], [ -94.900315566665583, 18.547696689738313 ], [ -94.90043837099914, 18.547490952564296 ], [ -94.900610336611493, 18.54695417607271 ], [ -94.900552195732814, 18.546830535527601 ], [ -94.899858192847745, 18.546708395182591 ], [ -94.899395747982211, 18.546709484887096 ], [ -94.899078095672408, 18.546813380759318 ], [ -94.89876044307735, 18.546917276019236 ], [ -94.898239748009274, 18.546753463071752 ], [ -94.897949942723159, 18.54646532951557 ], [ -94.897659805255913, 18.546053419051713 ], [ -94.897657917058297, 18.545352018052277 ], [ -94.897771637841373, 18.544650345498933 ], [ -94.897828997959124, 18.544485174138323 ], [ -94.897770303881003, 18.544155238800478 ], [ -94.897423254011002, 18.544073535580566 ], [ -94.896903234925361, 18.544157273931937 ], [ -94.897017511991422, 18.54366189651186 ], [ -94.897190480975567, 18.54349645413361 ], [ -94.897363449624933, 18.5433310115294 ], [ -94.897478558088352, 18.543145075050916 ], [ -94.897593666273565, 18.542959138450815 ], [ -94.89730420076306, 18.542794781893146 ], [ -94.897188564725127, 18.54278473864909 ], [ -94.897072928715772, 18.542774695336522 ], [ -94.896841656782797, 18.542754608505884 ], [ -94.896725937612203, 18.542713620851423 ], [ -94.896436917309387, 18.542714298538623 ], [ -94.896090203909949, 18.542756369995473 ], [ -94.895858876980469, 18.542715652578753 ], [ -94.895972268297882, 18.541890205608869 ], [ -94.89660622222064, 18.541187314693158 ], [ -94.896952710167128, 18.54106272391105 ], [ -94.897415694703625, 18.541267931690541 ], [ -94.897705825836738, 18.54167984100134 ], [ -94.897908528759828, 18.541823771235425 ], [ -94.898009880357051, 18.541895736294748 ], [ -94.898111232044727, 18.541967701315446 ], [ -94.898573161736451, 18.5417809470778 ], [ -94.899035090617559, 18.541594191507343 ], [ -94.899495621881456, 18.540891697339386 ], [ -94.899783186163532, 18.54035464740307 ], [ -94.899954805991683, 18.539694093199714 ], [ -94.899895435725341, 18.539116603892857 ], [ -94.899489919571479, 18.53878748909937 ], [ -94.899084740364003, 18.538582150636003 ], [ -94.898909990955275, 18.538087452733294 ], [ -94.899081945338892, 18.537550676341972 ], [ -94.899195984131836, 18.536972777304943 ], [ -94.89928235184631, 18.536848795255615 ], [ -94.899368719424928, 18.536724813141298 ], [ -94.899889835959627, 18.537053653443493 ], [ -94.90017851145079, 18.536929191518535 ], [ -94.900176380745336, 18.53614527000682 ], [ -94.90000151680897, 18.535609313873056 ], [ -94.90023149000335, 18.535154916151416 ], [ -94.90080872099476, 18.534864730292906 ], [ -94.900807147481942, 18.534287103423804 ], [ -94.900517128972865, 18.53391645869052 ], [ -94.900111396978474, 18.533504829190065 ], [ -94.899879182203378, 18.533134046740045 ], [ -94.89964494829141, 18.532020601910975 ], [ -94.899585800756483, 18.531525630906568 ], [ -94.900046968520158, 18.531070683382364 ], [ -94.900508471372092, 18.530739511418023 ], [ -94.901027998041016, 18.53049071843666 ], [ -94.901432825146088, 18.530572272278771 ], [ -94.902126993201719, 18.530776912793883 ], [ -94.902877267550267, 18.530362525289849 ], [ -94.903336499107681, 18.529206161054713 ], [ -94.9033914661658, 18.528174542562535 ], [ -94.903561689422645, 18.527018868837633 ], [ -94.903848414893986, 18.526192990527466 ], [ -94.903963558462422, 18.526027675853079 ], [ -94.904482270257745, 18.525490054686635 ], [ -94.905289515935451, 18.524786697584936 ], [ -94.90586521917389, 18.523960116295971 ], [ -94.906324748686131, 18.522927515018761 ], [ -94.906612137187977, 18.522349184535766 ], [ -94.907014660565878, 18.521605535468623 ], [ -94.907069249675274, 18.520450132345758 ], [ -94.906662378441084, 18.519625925890725 ], [ -94.906140146211584, 18.518884518086214 ], [ -94.905848187940137, 18.517812475070222 ], [ -94.905499237066323, 18.517029387534869 ], [ -94.904977587677877, 18.516494275410917 ], [ -94.904685752254409, 18.515463491886795 ], [ -94.904684151915433, 18.514885861673434 ], [ -94.904567418488853, 18.514473548361323 ], [ -94.904335209937059, 18.514102773983819 ], [ -94.903814371054935, 18.513856475798271 ], [ -94.903523685513591, 18.513238285023899 ], [ -94.903868510998166, 18.512536039513737 ], [ -94.904327777397683, 18.511420919990538 ], [ -94.904614686364951, 18.510677552356615 ], [ -94.904959615055944, 18.510016562173227 ], [ -94.905131045911276, 18.509314732586084 ], [ -94.90513001340517, 18.508943398523598 ], [ -94.905242615369829, 18.50787037470198 ], [ -94.905182755793575, 18.507127846909754 ], [ -94.90541070842103, 18.505972022623855 ], [ -94.905869593551088, 18.504733115251881 ], [ -94.906329853787582, 18.503989318302832 ], [ -94.906846746535351, 18.502832783767467 ], [ -94.907017578906832, 18.501924651933322 ], [ -94.906610963945965, 18.501182971593863 ], [ -94.906262373281791, 18.500523668587022 ], [ -94.906490993879132, 18.499615395881641 ], [ -94.906777169652045, 18.498624461930117 ], [ -94.90694776196527, 18.497633810199389 ], [ -94.907003467547909, 18.496890998180763 ], [ -94.90682674214446, 18.495694899013653 ], [ -94.907114643429679, 18.495322854735008 ], [ -94.907749623461143, 18.49507373605681 ], [ -94.908326232271378, 18.494618459500561 ], [ -94.908671335302003, 18.49403997176065 ], [ -94.909187004056264, 18.492470825252248 ], [ -94.909358268989706, 18.49172772451508 ], [ -94.909528831559669, 18.490737065695381 ], [ -94.909930305399584, 18.489663314766489 ], [ -94.910330836801762, 18.488259484768392 ], [ -94.910328027516897, 18.487269253270309 ], [ -94.910498691934691, 18.486319850941495 ], [ -94.910669001602017, 18.485246669014554 ], [ -94.910493417332574, 18.484463166206137 ], [ -94.91049142362256, 18.483761751907991 ], [ -94.910489546647298, 18.483101597242122 ], [ -94.910488490617666, 18.482730260228692 ], [ -94.910254184199246, 18.481616824184393 ], [ -94.909963268625674, 18.480916128569234 ], [ -94.909729317648129, 18.479926471781813 ], [ -94.910132394821076, 18.479430349660635 ], [ -94.910881229126616, 18.478603284357018 ], [ -94.91122628084932, 18.478024783305099 ], [ -94.911454938996144, 18.477157751808299 ], [ -94.91098996715094, 18.476209932997079 ], [ -94.910525588201139, 18.475468412430295 ], [ -94.910755539449312, 18.475055238395399 ], [ -94.910869336143989, 18.474436054073795 ], [ -94.910751297411494, 18.473569888942283 ], [ -94.909940353897099, 18.472870494444219 ], [ -94.909359835760227, 18.471922963660191 ], [ -94.909299937514859, 18.471180434058819 ], [ -94.909529765735371, 18.470726001175624 ], [ -94.909586604402094, 18.470395779629165 ], [ -94.909583542165663, 18.46932302828289 ], [ -94.909522816603584, 18.468291680908091 ], [ -94.909579417731194, 18.467878939801192 ], [ -94.909635310874009, 18.46721864054733 ], [ -94.909401835375419, 18.466394024952894 ], [ -94.909225668540643, 18.465404226342528 ], [ -94.909108578212809, 18.464868139669861 ], [ -94.909048559093748, 18.464084350605269 ], [ -94.908989365476685, 18.463589379197309 ], [ -94.908928638214846, 18.46255803225268 ], [ -94.908926514076512, 18.4618153583591 ], [ -94.908867556277571, 18.461402906365834 ], [ -94.908805883102559, 18.460041482206414 ], [ -94.908688912312655, 18.459546655669268 ], [ -94.908629600437152, 18.45901042481993 ], [ -94.908512512152456, 18.458474338715085 ], [ -94.908221387209394, 18.457691128838338 ], [ -94.907642210703941, 18.457197459225554 ], [ -94.907352387935632, 18.456868104778565 ], [ -94.907524535883326, 18.456455075201387 ], [ -94.907637963139962, 18.455712112929838 ], [ -94.907809990619114, 18.455257823065846 ], [ -94.907808691514305, 18.454803967119123 ], [ -94.907517926893377, 18.454144536624661 ], [ -94.905135867554677, 18.449488128129968 ], [ -94.922043320929561, 18.442595888998493 ], [ -94.922677956560591, 18.442305416754238 ], [ -94.923889941162116, 18.441889656758693 ], [ -94.925159570176064, 18.441432476469618 ], [ -94.926371792087778, 18.441099219224899 ], [ -94.928162717549128, 18.441094520304642 ], [ -94.930300402536645, 18.44113015037118 ], [ -94.931224879335943, 18.441168968790976 ], [ -94.932439340536675, 18.44157836444775 ], [ -94.933075834528594, 18.441906765600482 ], [ -94.933886524014213, 18.442523530622058 ], [ -94.934698846392749, 18.443676684953964 ], [ -94.934816394864527, 18.444336552000973 ], [ -94.935106388347151, 18.444707131624508 ], [ -94.93551230604929, 18.44520118617784 ], [ -94.935686378835811, 18.445448290227169 ], [ -94.935919479041189, 18.446107849766886 ], [ -94.936037407908202, 18.446891500003368 ], [ -94.935867591083891, 18.448047267913321 ], [ -94.946377787620733, 18.446451056749325 ], [ -94.946665255137873, 18.445996395330212 ], [ -94.947298984103881, 18.44541700455861 ], [ -94.948338412799032, 18.445249121924043 ], [ -94.949262163014509, 18.445040287755443 ], [ -94.951110562487997, 18.444911436062235 ], [ -94.952208538950018, 18.444990942333508 ], [ -94.953536580260504, 18.444739711095067 ], [ -94.955036513922096, 18.444034110224763 ], [ -94.968048438774076, 18.445190332666968 ], [ -94.972143032798215, 18.445553987733042 ], [ -94.974942397727503, 18.446896560951444 ], [ -94.979082971570918, 18.448882408596265 ], [ -94.99737500604887, 18.457653150420526 ], [ -94.996581787350209, 18.462318348601656 ], [ -94.996641517469186, 18.462895868169404 ], [ -94.996930713335814, 18.462977538193172 ], [ -95.0002859431155, 18.464081684311004 ], [ -95.004561275387914, 18.4638625542553 ], [ -95.005827870995589, 18.462497013098442 ], [ -95.006870105466618, 18.463112835198537 ], [ -95.009526194070077, 18.462527088878254 ], [ -95.011338017961975, 18.468463701526158 ], [ -95.013128110793389, 18.46808687135465 ], [ -95.014515984559665, 18.468371490033963 ], [ -95.015036349435547, 18.468452429349394 ], [ -95.015557145013545, 18.468657160735418 ], [ -95.016136732812882, 18.469150565388411 ], [ -95.018102926476189, 18.469557183393594 ], [ -95.018160857469383, 18.469598270404756 ], [ -95.018508731951897, 18.469927321402611 ], [ -95.018798244346087, 18.470091491300838 ], [ -95.019492269261576, 18.470254415671768 ], [ -95.020070720945327, 18.470417693996936 ], [ -95.020765616025145, 18.470828202340243 ], [ -95.021170997262075, 18.47107454209425 ], [ -95.022212336612654, 18.471401445954896 ], [ -95.022848584321736, 18.471564538260481 ], [ -95.023138539595834, 18.471852497178777 ], [ -95.023370997546849, 18.472223164467824 ], [ -95.023776966912408, 18.47263455922257 ], [ -95.02453039642937, 18.473251202185356 ], [ -95.024922200766824, 18.473365808812815 ], [ -95.030951719339129, 18.475129387147074 ], [ -95.031353458633959, 18.474344080722634 ], [ -95.031871948126906, 18.473888531128889 ], [ -95.032736876385727, 18.473349358633257 ], [ -95.033081844631951, 18.47285308461764 ], [ -95.033426073604375, 18.472150483301512 ], [ -95.034173343899894, 18.471033951720656 ], [ -95.034634618394648, 18.470743634800268 ], [ -95.03694764599885, 18.471148972576628 ], [ -95.053429778211282, 18.474397321068331 ], [ -95.054643693384492, 18.474475899754381 ], [ -95.054530549265749, 18.475136535520814 ], [ -95.054185172207355, 18.475509060934062 ], [ -95.053724514955732, 18.475964493906435 ], [ -95.053147360245063, 18.476172704365087 ], [ -95.052628451499089, 18.476504523363726 ], [ -95.052398954582614, 18.476959200938477 ], [ -95.052111967716982, 18.47749659762183 ], [ -95.051708940073752, 18.477910570061375 ], [ -95.05293274153388, 18.480671460548606 ], [ -95.052471761785995, 18.48104435492051 ], [ -95.05206842185035, 18.481375794511862 ], [ -95.05166553443874, 18.481831031038624 ], [ -95.051321345662473, 18.482533675449229 ], [ -95.05091875545925, 18.483071441450384 ], [ -95.050516162564648, 18.483609206097018 ], [ -95.049939883332399, 18.484064996772545 ], [ -95.049710667229903, 18.484602199451469 ], [ -95.049540147697044, 18.485386810920787 ], [ -95.049312282943788, 18.486295405728065 ], [ -95.049140403988147, 18.486708622929072 ], [ -95.048737043531872, 18.487040051550586 ], [ -95.048507216848918, 18.487412187690168 ], [ -95.048510222688037, 18.488237505174052 ], [ -95.048281895323996, 18.489022299219222 ], [ -95.047878527232328, 18.489353724614595 ], [ -95.047590749059552, 18.489684778219857 ], [ -95.04730431871522, 18.490387223490046 ], [ -95.046844497069841, 18.491090222966896 ], [ -95.04635689492271, 18.492102806234257 ], [ -95.045869286051925, 18.493115387080589 ], [ -95.045117928360924, 18.493117785206916 ], [ -95.044540259466984, 18.493202159242692 ], [ -95.043905240402324, 18.493410512342621 ], [ -95.043328760757333, 18.493825007376948 ], [ -95.042925372083872, 18.494156418140616 ], [ -95.0425796303807, 18.494446378667345 ], [ -95.042320063529317, 18.494591633735009 ], [ -95.042060496286766, 18.494736888361089 ], [ -95.041772104261483, 18.494902866933785 ], [ -95.041251189320448, 18.494698187509787 ], [ -95.040731016324813, 18.494699834419094 ], [ -95.040152898716485, 18.494660397149584 ], [ -95.039574929548195, 18.494662223614032 ], [ -95.039054757598322, 18.494663865914742 ], [ -95.038188099931446, 18.494749130679669 ], [ -95.037495127281346, 18.494916376380402 ], [ -95.037034077140333, 18.495289219129202 ], [ -95.036631116214068, 18.495744409427807 ], [ -95.036112117952044, 18.496076165381442 ], [ -95.035591356503517, 18.495912736209185 ], [ -95.03524369385137, 18.495666231857747 ], [ -95.034895885609416, 18.495378461800303 ], [ -95.034548518296049, 18.495214487011744 ], [ -95.03408555836117, 18.495050873438647 ], [ -95.033680835250848, 18.495010873750829 ], [ -95.033103015157877, 18.495053945304079 ], [ -95.032699023369389, 18.495220269302195 ], [ -95.032411062474353, 18.495510027104199 ], [ -95.032180605463665, 18.495717073817037 ], [ -95.032065741611547, 18.495923759828131 ], [ -95.031792576640939, 18.496529260298615 ], [ -95.031683235009922, 18.496920449663406 ], [ -95.031508762509304, 18.497235828070711 ], [ -95.031320065908602, 18.497535438878558 ], [ -95.031031807223115, 18.497742663215565 ], [ -95.030801927477171, 18.498114767558263 ], [ -95.030745294027923, 18.498445067629135 ], [ -95.030514394440047, 18.498528316009345 ], [ -95.030283494678031, 18.498611564063975 ], [ -95.029247358160234, 18.498885098859294 ], [ -95.023007623274097, 18.500532211178626 ], [ -95.02247994252194, 18.506443812334648 ], [ -95.022451275238993, 18.506764946151971 ], [ -95.022915679389087, 18.507341238793373 ], [ -95.023669948314392, 18.508164235142161 ], [ -95.024366997285838, 18.509152465716085 ], [ -95.025644508608792, 18.510840424427123 ], [ -95.026574223979267, 18.512240590142234 ], [ -95.027445718677171, 18.51351713702914 ], [ -95.028027778174334, 18.514670776464531 ], [ -95.028667359326249, 18.515741707790859 ], [ -95.029133680573807, 18.51685443721038 ], [ -95.029658099334341, 18.518049518369949 ], [ -95.029892346696201, 18.518915370095133 ], [ -95.030070089384097, 18.520152784573952 ], [ -95.030363154929361, 18.521307313272576 ], [ -95.030632510492381, 18.523373767895347 ], [ -95.010354443755205, 18.536058025964604 ], [ -95.010762161252941, 18.536964637782155 ], [ -95.011228247426459, 18.538036134600954 ], [ -95.011810236510726, 18.53918981704901 ], [ -95.01268337159982, 18.540961604029697 ], [ -95.013439228715072, 18.542238563376586 ], [ -95.014253186218525, 18.543597878358394 ], [ -95.014834651179527, 18.54458650152986 ], [ -95.015359843697738, 18.546029202402963 ], [ -95.015711393899551, 18.547410522681666 ], [ -95.016062947610536, 18.54879184321733 ], [ -95.016007504851302, 18.5494935071547 ], [ -95.015951154884732, 18.549926953439776 ], [ -95.015894804409058, 18.550360399639352 ], [ -95.015666333618952, 18.551186370855227 ], [ -95.015207574726873, 18.552301876557802 ], [ -95.01474769687843, 18.553087266566703 ], [ -95.013998598991691, 18.553832245425127 ], [ -95.013595417156509, 18.554287346888763 ], [ -95.012672308501948, 18.554867774340426 ], [ -95.012036614072059, 18.554952176565294 ], [ -95.011054302284563, 18.555120124630406 ], [ -95.010129667381747, 18.555246633584218 ], [ -95.010014311780679, 18.555329500785657 ], [ -95.008684143010001, 18.55520960581752 ], [ -95.007932268402513, 18.55512927652136 ], [ -95.007121894657715, 18.554842793999377 ], [ -95.006079443211576, 18.554309399824056 ], [ -95.005384980765925, 18.554105101572187 ], [ -95.004632296262585, 18.553777177989133 ], [ -95.003879615140292, 18.553449251927351 ], [ -95.002606608255121, 18.553122831494363 ], [ -95.001565271883052, 18.552919525481709 ], [ -95.000756144641187, 18.553004391343485 ], [ -94.996826808331505, 18.55363465161501 ], [ -94.995844371536279, 18.553761255497815 ], [ -94.995093727506884, 18.554052246756054 ], [ -94.994747512956792, 18.554259553486087 ], [ -94.99422798879219, 18.554508617211805 ], [ -94.993535020370786, 18.554758173063682 ], [ -94.99272468524974, 18.554471633340349 ], [ -94.99179832530362, 18.554061629435378 ], [ -94.991045944744741, 18.553816182609612 ], [ -94.990408928184621, 18.553487879644926 ], [ -94.989714632522634, 18.553324790693377 ], [ -94.988576162063964, 18.554264245133734 ], [ -94.986315770037336, 18.557130591515321 ] ] ] } },
{ "type": "Feature", "properties": { "ID": 643.0, "ENTIDAD": 30, "DISTRITO_F": 19, "DISTRITO_L": 25, "MUNICIPIO": 34, "SECCION": 646, "TIPO": 4, "CONTROL": 1706.0, "GEOMETRY1_": null, "SEC": 646, "distrito": 50, "municipio": 68, "seccion": 1292, "listaNominal": 966, "rppv": 24, "boletaSobrante": 485, "noElectoresVotaron": 259, "rppvotaron": 3, "sumaCyD": 0, "boetasExtraidasUrna": 0, "pan": 83, "pri": 2, "verde": 65, "pt": 115, "mc": 78, "morena": 133, "verde-morena": 12, "CNR": 0, "VN": 17, "sumaTotal": 505, "VOTO_4T_25": 325.0, "VOTO_OPO_25": 85.0, "VOTO_MC_25": 78.0, "VOTO_4T_21": 427.0, "VOTO_OPO_21": 115.0, "VOTO_MC_21": 18.0, "GANADOR_21": "4T", "GANADOR_25": "4T" }, "geometry": { "type": "Polygon", "coordinates": [ [ [ -95.071635936203151, 18.551961026352476 ], [ -95.062426136137603, 18.551469646615431 ], [ -95.061831474278677, 18.551435665954436 ], [ -95.060072127094585, 18.551343976424079 ], [ -95.054865375976405, 18.551065914103724 ], [ -95.054227309753244, 18.550490210736989 ], [ -95.053185126597356, 18.550080852737292 ], [ -95.05220150654084, 18.549877636124936 ], [ -95.051159629836775, 18.549550800066413 ], [ -95.050117019650159, 18.549017630209075 ], [ -95.04965360690025, 18.548771494190927 ], [ -95.049073531874697, 18.548236861510507 ], [ -95.047973416905094, 18.547786395855983 ], [ -95.047107069165961, 18.548036714376842 ], [ -95.045721994399997, 18.548742579850718 ], [ -95.044104038232547, 18.548995234713644 ], [ -95.042428264555525, 18.549248054753086 ], [ -95.040693946349137, 18.549294711703077 ], [ -95.039364918200775, 18.549505160742267 ], [ -95.037514971722175, 18.54955214573943 ], [ -95.036126683870279, 18.549350097911109 ], [ -95.035085147319492, 18.549105709268737 ], [ -95.034043183342874, 18.548737520284917 ], [ -95.032944702522187, 18.548740888426977 ], [ -95.03155757934131, 18.548868928529728 ], [ -95.030228270831785, 18.548996781767954 ], [ -95.029592595247834, 18.549081249121251 ], [ -95.028494402447961, 18.549167120418478 ], [ -95.027684855918238, 18.549128313789378 ], [ -95.026932130154449, 18.548800475447909 ], [ -95.026411090761314, 18.548595728444027 ], [ -95.025719021451849, 18.549093004421774 ], [ -95.025141727489142, 18.549342339957402 ], [ -95.02473589374064, 18.549013445146688 ], [ -95.024560327458303, 18.548394999438692 ], [ -95.023865851393467, 18.548190769728031 ], [ -95.022882731641133, 18.548111201891167 ], [ -95.022131433144267, 18.548195992005947 ], [ -95.021785536191231, 18.548485886023784 ], [ -95.020918327117428, 18.548488489283155 ], [ -95.020281952699662, 18.548366602502796 ], [ -95.020108651718587, 18.548408386532909 ], [ -95.019763593943068, 18.548945862537732 ], [ -95.018838570489976, 18.548948628784025 ], [ -95.017565545834188, 18.548622310464641 ], [ -95.017267078156323, 18.548587709087681 ], [ -95.016871501712131, 18.548541849150912 ], [ -95.016351318343141, 18.548584662202245 ], [ -95.016062947610536, 18.54879184321733 ], [ -95.015711393899551, 18.547410522681666 ], [ -95.015359843697738, 18.546029202402963 ], [ -95.014834651179527, 18.54458650152986 ], [ -95.014253186218525, 18.543597878358394 ], [ -95.013439228715072, 18.542238563376586 ], [ -95.01268337159982, 18.540961604029697 ], [ -95.011810236510726, 18.53918981704901 ], [ -95.011228247426459, 18.538036134600954 ], [ -95.010762161252941, 18.536964637782155 ], [ -95.010354443755205, 18.536058025964604 ], [ -95.030632510492381, 18.523373767895347 ], [ -95.03435085853269, 18.521047395073907 ], [ -95.034602376606074, 18.521027626376906 ], [ -95.040265200823015, 18.520582450814345 ], [ -95.040910040426212, 18.520531746460801 ], [ -95.044403450992704, 18.519447837878875 ], [ -95.04526846292616, 18.518867379899895 ], [ -95.045960646380365, 18.518452528645117 ], [ -95.046709296420076, 18.517666099641527 ], [ -95.047516190258676, 18.517003279958324 ], [ -95.047976547133786, 18.516424090069432 ], [ -95.048204491450875, 18.515515507887834 ], [ -95.048374330322872, 18.514524577353864 ], [ -95.04854640164686, 18.514152633126866 ], [ -95.048948345455244, 18.513408559505688 ], [ -95.049870965852875, 18.512786621375032 ], [ -95.050795076526384, 18.51257733642024 ], [ -95.052297522252346, 18.512448725858135 ], [ -95.05287570943895, 18.512488137546065 ], [ -95.054667325764086, 18.512399845864692 ], [ -95.056227426237456, 18.512229750889414 ], [ -95.056978423203645, 18.512103525568115 ], [ -95.057957455386358, 18.51110995819985 ], [ -95.058300185175113, 18.509994646559683 ], [ -95.058529426769127, 18.509457435844837 ], [ -95.061708752917099, 18.509488365987824 ], [ -95.062344589087843, 18.509486292319519 ], [ -95.063096796126118, 18.509690171094437 ], [ -95.063732633987598, 18.509688092877013 ], [ -95.064309444419223, 18.509356069703134 ], [ -95.065002472394866, 18.509188731594964 ], [ -95.065929935149711, 18.509887229909246 ], [ -95.066739494006626, 18.509967105741982 ], [ -95.06813680879641, 18.509177061567716 ], [ -95.068354611683844, 18.509053913702225 ], [ -95.070200463714443, 18.508016139952353 ], [ -95.070718992124853, 18.507560484488664 ], [ -95.070889771062966, 18.506858374907928 ], [ -95.07106008353999, 18.506032464442441 ], [ -95.070941381582657, 18.505207511289704 ], [ -95.071111380691974, 18.504299066680677 ], [ -95.071802369107019, 18.503595229399405 ], [ -95.07310636982217, 18.503090972523367 ], [ -95.073910702229014, 18.504085187912409 ], [ -95.076268581631638, 18.506613809977061 ], [ -95.076784057496383, 18.507523989161399 ], [ -95.077645815298538, 18.508600995626971 ], [ -95.07839281131254, 18.509512401683036 ], [ -95.079140796534986, 18.510258821749186 ], [ -95.08000405307827, 18.511088345621786 ], [ -95.081786755234575, 18.5130364157367 ], [ -95.082534035910101, 18.513906566456921 ], [ -95.08333920303852, 18.514777021420986 ], [ -95.084201524256514, 18.515771519014322 ], [ -95.084546357678946, 18.516185815976655 ], [ -95.084891925721124, 18.516476373552301 ], [ -95.085007196774072, 18.516559477198193 ], [ -95.085868803603375, 18.517677709635166 ], [ -95.086442969958469, 18.518464443250263 ], [ -95.086755212931536, 18.519497281884217 ], [ -95.087067458508571, 18.520530120610367 ], [ -95.086946814434867, 18.521354439003225 ], [ -95.086888200498009, 18.521477873107173 ], [ -95.086710648836302, 18.522136900105156 ], [ -95.086621994425087, 18.522445790229337 ], [ -95.086533339589494, 18.522754680245026 ], [ -95.086472770378307, 18.523208085255472 ], [ -95.08641000149818, 18.524032707710663 ], [ -95.08646348549847, 18.524775448282053 ], [ -95.086807117313327, 18.525395977195977 ], [ -95.087208878753188, 18.525975564868315 ], [ -95.087775990557631, 18.527958447006959 ], [ -95.088295237038594, 18.528249919389065 ], [ -95.088987406079866, 18.528666045163444 ], [ -95.089218211216732, 18.528791004489527 ], [ -95.089853963341838, 18.528959343729134 ], [ -95.090143141524109, 18.529002113757215 ], [ -95.091123037585774, 18.529708482339288 ], [ -95.091758796111861, 18.5298768161067 ], [ -95.092796589920709, 18.530583482328051 ], [ -95.093605766975543, 18.530793969211 ], [ -95.0941836481325, 18.530961992244141 ], [ -95.094645274459722, 18.531211900424935 ], [ -95.09528104414278, 18.531380223942072 ], [ -95.095973731365262, 18.531713835782003 ], [ -95.097072349270306, 18.531925824452422 ], [ -95.097823897377296, 18.532094745699645 ], [ -95.098807475313194, 18.532182379282563 ], [ -95.099731719744469, 18.532517187837819 ], [ -95.100714096309574, 18.532811047150958 ], [ -95.101464448722083, 18.533186190461919 ], [ -95.102447797566782, 18.533315053599239 ], [ -95.10331561617366, 18.533402063004889 ], [ -95.105108905000193, 18.533617617857484 ], [ -95.105919322231969, 18.533621820929167 ], [ -95.106324771171984, 18.533582673890834 ], [ -95.10725144304709, 18.533504976482945 ], [ -95.108409902760968, 18.53338722440585 ], [ -95.109337771187526, 18.533103279326088 ], [ -95.110609613466025, 18.533398585549946 ], [ -95.111651583608264, 18.533403958188497 ], [ -95.112870078369369, 18.532915248177439 ], [ -95.113628091278287, 18.531970424664998 ], [ -95.114211245382336, 18.531230942595712 ], [ -95.114444933855225, 18.530860903225179 ], [ -95.115143615198349, 18.530163259021744 ], [ -95.115666493821095, 18.52983595006544 ], [ -95.116361842194891, 18.52971576795041 ], [ -95.117345672969904, 18.529762056114095 ], [ -95.118097485389328, 18.529889650544497 ], [ -95.119020827895099, 18.530389360513869 ], [ -95.11959756495078, 18.530763549259195 ], [ -95.120002063353652, 18.530889362528036 ], [ -95.12081177170964, 18.531017242971885 ], [ -95.12179467098197, 18.531228501382795 ], [ -95.122836640763651, 18.531233809736126 ], [ -95.123820017301455, 18.531362562110512 ], [ -95.124862225688375, 18.531326611292595 ], [ -95.12538321248023, 18.531329257760692 ], [ -95.12555687481219, 18.531330139596875 ], [ -95.126427067671614, 18.531004560855109 ], [ -95.127009465652165, 18.530388773000794 ], [ -95.127412328112726, 18.530803308838141 ], [ -95.127351387567458, 18.531339242540103 ], [ -95.127638477318939, 18.531753191598796 ], [ -95.128332895631132, 18.531797958257556 ], [ -95.129373938706095, 18.531968224369134 ], [ -95.129952817971557, 18.531971151333938 ], [ -95.130821371645126, 18.531934290062619 ], [ -95.131688522575232, 18.532144915268947 ], [ -95.132209749498784, 18.532106294865631 ], [ -95.132325292060543, 18.532148127129183 ], [ -95.132845117638013, 18.532356995801724 ], [ -95.133537676032034, 18.532731732002716 ], [ -95.134231870885159, 18.532817726435841 ], [ -95.135040678577084, 18.533110543542481 ], [ -95.13445852654273, 18.533685111154124 ], [ -95.133818014684337, 18.534341881700335 ], [ -95.133614002115877, 18.534588352133788 ], [ -95.133409988933238, 18.534834822233883 ], [ -95.132884312212397, 18.535657165381188 ], [ -95.132705967736442, 18.536481258642748 ], [ -95.132413478573284, 18.537016027960004 ], [ -95.132120051188991, 18.537715790165521 ], [ -95.131884042895905, 18.538498340678849 ], [ -95.132169748951924, 18.539159777310012 ], [ -95.131761002222888, 18.53977645631565 ], [ -95.13088935983896, 18.540349543355198 ], [ -95.13013044298701, 18.541459439696613 ], [ -95.129432930677993, 18.541950900211976 ], [ -95.127866338032476, 18.542561695603794 ], [ -95.126531302407074, 18.543173653423036 ], [ -95.125486188794994, 18.543704577562803 ], [ -95.124209266338895, 18.544275562348233 ], [ -95.122645717511205, 18.544350083203938 ], [ -95.121141009579688, 18.544259895295422 ], [ -95.120561326415668, 18.544374802644356 ], [ -95.120329579597069, 18.544420739954816 ], [ -95.119749714961728, 18.544582767069521 ], [ -95.119430242959609, 18.544766751129586 ], [ -95.119110770339859, 18.54495073451853 ], [ -95.118814854245997, 18.544849803582728 ], [ -95.118128515090802, 18.544615705199632 ], [ -95.117202490109634, 18.544569702811948 ], [ -95.116681229647014, 18.544608274036296 ], [ -95.116043471764314, 18.544769991485634 ], [ -95.115916869068045, 18.544882697025393 ], [ -95.114937810856446, 18.545754275290768 ], [ -95.114239052378423, 18.546451906017534 ], [ -95.114122791085933, 18.546533804467128 ], [ -95.113134326783509, 18.547271185070027 ], [ -95.111916440169011, 18.547636135188704 ], [ -95.111511914117955, 18.547510298539148 ], [ -95.109892618123666, 18.547213181228184 ], [ -95.108793874903569, 18.547001246720093 ], [ -95.107576708026727, 18.547242425564178 ], [ -95.106996829140272, 18.547404409354055 ], [ -95.106241107399157, 18.547936713566376 ], [ -95.105254054467679, 18.54842656194198 ], [ -95.103919885900737, 18.54887334733316 ], [ -95.102354385607086, 18.549277666405182 ], [ -95.100212867560501, 18.549183980284401 ], [ -95.099459546192151, 18.549303782854828 ], [ -95.098048245134919, 18.549025401653385 ], [ -95.097643354050376, 18.548985513189248 ], [ -95.096831346894163, 18.548327984513165 ], [ -95.096135618245654, 18.547835131358099 ], [ -95.095093936986487, 18.547591060916478 ], [ -95.094632184171942, 18.54779896926167 ], [ -95.093245022134397, 18.547927474460387 ], [ -95.092493069966025, 18.547847481903073 ], [ -95.090989642453764, 18.547811290807001 ], [ -95.090006107130534, 18.547649533532905 ], [ -95.089426512863255, 18.54728007256195 ], [ -95.088443297728347, 18.547200842824029 ], [ -95.087692452869661, 18.547409703921414 ], [ -95.08711505985039, 18.547617980241114 ], [ -95.086364212512024, 18.547826835390836 ], [ -95.085381311514794, 18.547830123937825 ], [ -95.084051817794659, 18.547917099454104 ], [ -95.083300500516245, 18.548002139793613 ], [ -95.082664507052201, 18.54800425777503 ], [ -95.082026959300862, 18.54759370201544 ], [ -95.080640894287299, 18.548010982477052 ], [ -95.07937200728793, 18.548840539079155 ], [ -95.078450016079117, 18.549668938836753 ], [ -95.078161544532108, 18.549834961772309 ], [ -95.077642726512323, 18.550249349159863 ], [ -95.076662593390353, 18.550995393978098 ], [ -95.075566200393808, 18.551576744697567 ], [ -95.07464202838122, 18.551827383967673 ], [ -95.073542560593367, 18.551583385132176 ], [ -95.072675746785166, 18.551710024566116 ], [ -95.071693601657827, 18.551919570846184 ], [ -95.071635936203151, 18.551961026352476 ] ] ] } },
{ "type": "Feature", "properties": { "ID": 644.0, "ENTIDAD": 30, "DISTRITO_F": 19, "DISTRITO_L": 25, "MUNICIPIO": 34, "SECCION": 647, "TIPO": 4, "CONTROL": 1707.0, "GEOMETRY1_": null, "SEC": 647, "distrito": 75, "municipio": 102, "seccion": 1941, "listaNominal": 1912, "rppv": 36, "boletaSobrante": 907, "noElectoresVotaron": 677, "rppvotaron": 11, "sumaCyD": 0, "boetasExtraidasUrna": 0, "pan": 127, "pri": 4, "verde": 37, "pt": 167, "mc": 166, "morena": 498, "verde-morena": 21, "CNR": 0, "VN": 21, "sumaTotal": 1041, "VOTO_4T_25": 723.0, "VOTO_OPO_25": 131.0, "VOTO_MC_25": 166.0, "VOTO_4T_21": 761.0, "VOTO_OPO_21": 241.0, "VOTO_MC_21": 20.0, "GANADOR_21": "4T", "GANADOR_25": "4T" }, "geometry": { "type": "Polygon", "coordinates": [ [ [ -95.030632510492381, 18.523373767895347 ], [ -95.030363154929361, 18.521307313272576 ], [ -95.030070089384097, 18.520152784573952 ], [ -95.029892346696201, 18.518915370095133 ], [ -95.029658099334341, 18.518049518369949 ], [ -95.029133680573807, 18.51685443721038 ], [ -95.028667359326249, 18.515741707790859 ], [ -95.028027778174334, 18.514670776464531 ], [ -95.027445718677171, 18.51351713702914 ], [ -95.026574223979267, 18.512240590142234 ], [ -95.025644508608792, 18.510840424427123 ], [ -95.024366997285838, 18.509152465716085 ], [ -95.023669948314392, 18.508164235142161 ], [ -95.022915679389087, 18.507341238793373 ], [ -95.022451275238993, 18.506764946151971 ], [ -95.02247994252194, 18.506443812334648 ], [ -95.023007623274097, 18.500532211178626 ], [ -95.029247358160234, 18.498885098859294 ], [ -95.030283494678031, 18.498611564063975 ], [ -95.030514394440047, 18.498528316009345 ], [ -95.030745294027923, 18.498445067629135 ], [ -95.030801927477171, 18.498114767558263 ], [ -95.031031807223115, 18.497742663215565 ], [ -95.031320065908602, 18.497535438878558 ], [ -95.031508762509304, 18.497235828070711 ], [ -95.031683235009922, 18.496920449663406 ], [ -95.031792576640939, 18.496529260298615 ], [ -95.032065741611547, 18.495923759828131 ], [ -95.032180605463665, 18.495717073817037 ], [ -95.032411062474353, 18.495510027104199 ], [ -95.032699023369389, 18.495220269302195 ], [ -95.033103015157877, 18.495053945304079 ], [ -95.033680835250848, 18.495010873750829 ], [ -95.03408555836117, 18.495050873438647 ], [ -95.034548518296049, 18.495214487011744 ], [ -95.034895885609416, 18.495378461800303 ], [ -95.03524369385137, 18.495666231857747 ], [ -95.035591356503517, 18.495912736209185 ], [ -95.036112117952044, 18.496076165381442 ], [ -95.036631116214068, 18.495744409427807 ], [ -95.037034077140333, 18.495289219129202 ], [ -95.037495127281346, 18.494916376380402 ], [ -95.038188099931446, 18.494749130679669 ], [ -95.039054757598322, 18.494663865914742 ], [ -95.039574929548195, 18.494662223614032 ], [ -95.040152898716485, 18.494660397149584 ], [ -95.040731016324813, 18.494699834419094 ], [ -95.041251189320448, 18.494698187509787 ], [ -95.041772104261483, 18.494902866933785 ], [ -95.042060496286766, 18.494736888361089 ], [ -95.042320063529317, 18.494591633735009 ], [ -95.0425796303807, 18.494446378667345 ], [ -95.042925372083872, 18.494156418140616 ], [ -95.043328760757333, 18.493825007376948 ], [ -95.043905240402324, 18.493410512342621 ], [ -95.044540259466984, 18.493202159242692 ], [ -95.045117928360924, 18.493117785206916 ], [ -95.045869286051925, 18.493115387080589 ], [ -95.048532741395448, 18.494427384729011 ], [ -95.048868918028361, 18.4990434945218 ], [ -95.049870965852875, 18.512786621375032 ], [ -95.048948345455244, 18.513408559505688 ], [ -95.04854640164686, 18.514152633126866 ], [ -95.048374330322872, 18.514524577353864 ], [ -95.048204491450875, 18.515515507887834 ], [ -95.047976547133786, 18.516424090069432 ], [ -95.047516190258676, 18.517003279958324 ], [ -95.046709296420076, 18.517666099641527 ], [ -95.045960646380365, 18.518452528645117 ], [ -95.04526846292616, 18.518867379899895 ], [ -95.044403450992704, 18.519447837878875 ], [ -95.040910040426212, 18.520531746460801 ], [ -95.040265200823015, 18.520582450814345 ], [ -95.034602376606074, 18.521027626376906 ], [ -95.03435085853269, 18.521047395073907 ], [ -95.030632510492381, 18.523373767895347 ] ] ] } },
{ "type": "Feature", "properties": { "ID": 645.0, "ENTIDAD": 30, "DISTRITO_F": 19, "DISTRITO_L": 25, "MUNICIPIO": 34, "SECCION": 648, "TIPO": 4, "CONTROL": 1708.0, "GEOMETRY1_": null, "SEC": 648, "distrito": 25, "municipio": 34, "seccion": 648, "listaNominal": 562, "rppv": 12, "boletaSobrante": 265, "noElectoresVotaron": 300, "rppvotaron": 9, "sumaCyD": 0, "boetasExtraidasUrna": 0, "pan": 13, "pri": 1, "verde": 19, "pt": 31, "mc": 83, "morena": 148, "verde-morena": 5, "CNR": 0, "VN": 9, "sumaTotal": 309, "VOTO_4T_25": 203.0, "VOTO_OPO_25": 14.0, "VOTO_MC_25": 83.0, "VOTO_4T_21": 225.0, "VOTO_OPO_21": 74.0, "VOTO_MC_21": 7.0, "GANADOR_21": "4T", "GANADOR_25": "4T" }, "geometry": { "type": "Polygon", "coordinates": [ [ [ -95.049870965852875, 18.512786621375032 ], [ -95.048868918028361, 18.4990434945218 ], [ -95.048532741395448, 18.494427384729011 ], [ -95.045869286051925, 18.493115387080589 ], [ -95.04635689492271, 18.492102806234257 ], [ -95.046844497069841, 18.491090222966896 ], [ -95.04730431871522, 18.490387223490046 ], [ -95.047590749059552, 18.489684778219857 ], [ -95.047878527232328, 18.489353724614595 ], [ -95.048281895323996, 18.489022299219222 ], [ -95.048510222688037, 18.488237505174052 ], [ -95.048507216848918, 18.487412187690168 ], [ -95.048737043531872, 18.487040051550586 ], [ -95.049140403988147, 18.486708622929072 ], [ -95.049312282943788, 18.486295405728065 ], [ -95.049540147697044, 18.485386810920787 ], [ -95.049710667229903, 18.484602199451469 ], [ -95.049939883332399, 18.484064996772545 ], [ -95.050516162564648, 18.483609206097018 ], [ -95.05091875545925, 18.483071441450384 ], [ -95.051321345662473, 18.482533675449229 ], [ -95.05166553443874, 18.481831031038624 ], [ -95.05206842185035, 18.481375794511862 ], [ -95.052471761785995, 18.48104435492051 ], [ -95.05293274153388, 18.480671460548606 ], [ -95.051708940073752, 18.477910570061375 ], [ -95.052111967716982, 18.47749659762183 ], [ -95.052398954582614, 18.476959200938477 ], [ -95.052628451499089, 18.476504523363726 ], [ -95.053147360245063, 18.476172704365087 ], [ -95.053724514955732, 18.475964493906435 ], [ -95.054185172207355, 18.475509060934062 ], [ -95.054530549265749, 18.475136535520814 ], [ -95.054643693384492, 18.474475899754381 ], [ -95.054814626944491, 18.473815075185207 ], [ -95.054811271735176, 18.472907218824783 ], [ -95.054924869341548, 18.472370380914352 ], [ -95.055442997170815, 18.471832221170832 ], [ -95.056134950620276, 18.471417290915163 ], [ -95.056652918781595, 18.470837860273885 ], [ -95.056940643279162, 18.470506783164652 ], [ -95.057343792852123, 18.470134060015791 ], [ -95.058210485843688, 18.470089948374383 ], [ -95.059594672468151, 18.469342591995513 ], [ -95.059650923310841, 18.46892973744551 ], [ -95.061960342760642, 18.468344378460277 ], [ -95.064553733812119, 18.466437496192601 ], [ -95.064649999992255, 18.46476166667026 ], [ -95.064718249522343, 18.464084720486657 ], [ -95.065579471330878, 18.462596234254313 ], [ -95.067318953371128, 18.462526339779188 ], [ -95.079813601378945, 18.462023813222043 ], [ -95.080140016624, 18.462010673799409 ], [ -95.086269140642898, 18.462897574882863 ], [ -95.089725511789894, 18.460079402604716 ], [ -95.094696949727151, 18.460474808138589 ], [ -95.095095608862579, 18.458987748181606 ], [ -95.099750366630985, 18.459673004239384 ], [ -95.10400699581659, 18.46029954711199 ], [ -95.104405184267847, 18.460358152377101 ], [ -95.10442451456025, 18.46058933482184 ], [ -95.104467833984842, 18.461114027165298 ], [ -95.104530483582138, 18.46186990198823 ], [ -95.103917586827109, 18.462979197500058 ], [ -95.103304681113585, 18.464088489460089 ], [ -95.102737328805105, 18.464550767313821 ], [ -95.102229085052997, 18.465359379105493 ], [ -95.099189565865231, 18.486522528007587 ], [ -95.09790488950928, 18.487364304833253 ], [ -95.085885567895218, 18.495239041787091 ], [ -95.085191581675275, 18.495152901389034 ], [ -95.084034129102307, 18.495146816626765 ], [ -95.082818318017814, 18.49522291265756 ], [ -95.082063291800836, 18.495672658109033 ], [ -95.080992160141648, 18.495749504092082 ], [ -95.079921028756743, 18.49582634380992 ], [ -95.079224111675103, 18.496235135539639 ], [ -95.079042906326293, 18.497512848314507 ], [ -95.079155959966414, 18.497967168167708 ], [ -95.079091476404585, 18.499080508090561 ], [ -95.078934334447212, 18.499983656046542 ], [ -95.078851898792323, 18.500440405643126 ], [ -95.077400141956289, 18.501257662955929 ], [ -95.075891727224729, 18.501868369177942 ], [ -95.07455668099044, 18.502521230650643 ], [ -95.07310636982217, 18.503090972523367 ], [ -95.071802369107019, 18.503595229399405 ], [ -95.071111380691974, 18.504299066680677 ], [ -95.070941381582657, 18.505207511289704 ], [ -95.07106008353999, 18.506032464442441 ], [ -95.070889771062966, 18.506858374907928 ], [ -95.070718992124853, 18.507560484488664 ], [ -95.070200463714443, 18.508016139952353 ], [ -95.068354611683844, 18.509053913702225 ], [ -95.06813680879641, 18.509177061567716 ], [ -95.066739494006626, 18.509967105741982 ], [ -95.065929935149711, 18.509887229909246 ], [ -95.065002472394866, 18.509188731594964 ], [ -95.064309444419223, 18.509356069703134 ], [ -95.063732633987598, 18.509688092877013 ], [ -95.063096796126118, 18.509690171094437 ], [ -95.062344589087843, 18.509486292319519 ], [ -95.061708752917099, 18.509488365987824 ], [ -95.058529426769127, 18.509457435844837 ], [ -95.058300185175113, 18.509994646559683 ], [ -95.057957455386358, 18.51110995819985 ], [ -95.056978423203645, 18.512103525568115 ], [ -95.056227426237456, 18.512229750889414 ], [ -95.054667325764086, 18.512399845864692 ], [ -95.05287570943895, 18.512488137546065 ], [ -95.052297522252346, 18.512448725858135 ], [ -95.050795076526384, 18.51257733642024 ], [ -95.049870965852875, 18.512786621375032 ] ] ] } },
{ "type": "Feature", "properties": { "ID": 646.0, "ENTIDAD": 30, "DISTRITO_F": 19, "DISTRITO_L": 25, "MUNICIPIO": 34, "SECCION": 649, "TIPO": 4, "CONTROL": 1710.0, "GEOMETRY1_": null, "SEC": 649, "distrito": 50, "municipio": 68, "seccion": 1298, "listaNominal": 818, "rppv": 24, "boletaSobrante": 337, "noElectoresVotaron": 253, "rppvotaron": 1, "sumaCyD": 0, "boetasExtraidasUrna": 0, "pan": 90, "pri": 2, "verde": 51, "pt": 68, "mc": 138, "morena": 124, "verde-morena": 12, "CNR": 0, "VN": 20, "sumaTotal": 505, "VOTO_4T_25": 255.0, "VOTO_OPO_25": 92.0, "VOTO_MC_25": 138.0, "VOTO_4T_21": 275.0, "VOTO_OPO_21": 208.0, "VOTO_MC_21": 11.0, "GANADOR_21": "4T", "GANADOR_25": "4T" }, "geometry": { "type": "Polygon", "coordinates": [ [ [ -95.030951719339129, 18.475129387147074 ], [ -95.024922200766824, 18.473365808812815 ], [ -95.02453039642937, 18.473251202185356 ], [ -95.023776966912408, 18.47263455922257 ], [ -95.023370997546849, 18.472223164467824 ], [ -95.023138539595834, 18.471852497178777 ], [ -95.022848584321736, 18.471564538260481 ], [ -95.022212336612654, 18.471401445954896 ], [ -95.021170997262075, 18.47107454209425 ], [ -95.020765616025145, 18.470828202340243 ], [ -95.020070720945327, 18.470417693996936 ], [ -95.019492269261576, 18.470254415671768 ], [ -95.018798244346087, 18.470091491300838 ], [ -95.018508731951897, 18.469927321402611 ], [ -95.018160857469383, 18.469598270404756 ], [ -95.018102926476189, 18.469557183393594 ], [ -95.016136732812882, 18.469150565388411 ], [ -95.015557145013545, 18.468657160735418 ], [ -95.015036349435547, 18.468452429349394 ], [ -95.014515984559665, 18.468371490033963 ], [ -95.013128110793389, 18.46808687135465 ], [ -95.011338017961975, 18.468463701526158 ], [ -95.009526194070077, 18.462527088878254 ], [ -95.006870105466618, 18.463112835198537 ], [ -95.005827870995589, 18.462497013098442 ], [ -95.004561275387914, 18.4638625542553 ], [ -95.0002859431155, 18.464081684311004 ], [ -94.996930713335814, 18.462977538193172 ], [ -94.996641517469186, 18.462895868169404 ], [ -94.996581787350209, 18.462318348601656 ], [ -94.99737500604887, 18.457653150420526 ], [ -94.979082971570918, 18.448882408596265 ], [ -94.974942397727503, 18.446896560951444 ], [ -94.972143032798215, 18.445553987733042 ], [ -94.968048438774076, 18.445190332666968 ], [ -94.955036513922096, 18.444034110224763 ], [ -94.953536580260504, 18.444739711095067 ], [ -94.952208538950018, 18.444990942333508 ], [ -94.951110562487997, 18.444911436062235 ], [ -94.949262163014509, 18.445040287755443 ], [ -94.948338412799032, 18.445249121924043 ], [ -94.947298984103881, 18.44541700455861 ], [ -94.946665255137873, 18.445996395330212 ], [ -94.946377787620733, 18.446451056749325 ], [ -94.935867591083891, 18.448047267913321 ], [ -94.936037407908202, 18.446891500003368 ], [ -94.935919479041189, 18.446107849766886 ], [ -94.935686378835811, 18.445448290227169 ], [ -94.93551230604929, 18.44520118617784 ], [ -94.935106388347151, 18.444707131624508 ], [ -94.934816394864527, 18.444336552000973 ], [ -94.934698846392749, 18.443676684953964 ], [ -94.933886524014213, 18.442523530622058 ], [ -94.933075834528594, 18.441906765600482 ], [ -94.932439340536675, 18.44157836444775 ], [ -94.931224879335943, 18.441168968790976 ], [ -94.930300402536645, 18.44113015037118 ], [ -94.928162717549128, 18.441094520304642 ], [ -94.926371792087778, 18.441099219224899 ], [ -94.925159570176064, 18.441432476469618 ], [ -94.923889941162116, 18.441889656758693 ], [ -94.922677956560591, 18.442305416754238 ], [ -94.922043320929561, 18.442595888998493 ], [ -94.905135867554677, 18.449488128129968 ], [ -94.891033942896271, 18.447583633024792 ], [ -94.890396740439357, 18.446966289886049 ], [ -94.889875770195943, 18.446596218898556 ], [ -94.88895211498432, 18.446846005777044 ], [ -94.888665536728325, 18.447671878395706 ], [ -94.888321524443668, 18.448621665431631 ], [ -94.887977280133711, 18.449488933560435 ], [ -94.887285717039447, 18.450109480865102 ], [ -94.886708674477646, 18.450358419546518 ], [ -94.88636238037445, 18.450483026556078 ], [ -94.886188724041148, 18.450359665867811 ], [ -94.886129480893004, 18.449823441851443 ], [ -94.885954693995174, 18.449287494699998 ], [ -94.885663912071593, 18.448586789785224 ], [ -94.885144306550814, 18.448711810091524 ], [ -94.884799257164062, 18.449290259146117 ], [ -94.884395869468477, 18.449662552145732 ], [ -94.884048111329619, 18.449250793687821 ], [ -94.883757788435744, 18.44871512153102 ], [ -94.883526251910624, 18.448550638323681 ], [ -94.882833106927464, 18.448593547999543 ], [ -94.8824290439089, 18.448718285430491 ], [ -94.88236944580882, 18.448699893651259 ], [ -94.882313388698606, 18.448677301635435 ], [ -94.881907417663186, 18.448100644082327 ], [ -94.881442893016327, 18.447235314238835 ], [ -94.881036927666798, 18.446658655985974 ], [ -94.880572970321566, 18.44599961753439 ], [ -94.880398506748193, 18.445769035220685 ], [ -94.880224780523065, 18.445422821606691 ], [ -94.880110295853456, 18.445213886801547 ], [ -94.879818375184726, 18.444681128805932 ], [ -94.879702052128465, 18.44439259385376 ], [ -94.879817200057332, 18.444247915901403 ], [ -94.879932347781462, 18.444103237839393 ], [ -94.880913648553246, 18.443812099073657 ], [ -94.881836277655324, 18.443191024328737 ], [ -94.882238976005866, 18.442571183787202 ], [ -94.882467574764576, 18.441662945790942 ], [ -94.882579279175431, 18.440259880726007 ], [ -94.882576458694288, 18.439228417868009 ], [ -94.883036910476463, 18.438608435022175 ], [ -94.883669530677281, 18.437575449418276 ], [ -94.883956104072666, 18.436749585129238 ], [ -94.884473175733888, 18.43571687159071 ], [ -94.884876183331372, 18.435220795691997 ], [ -94.885567454257753, 18.434517729153466 ], [ -94.886085077483827, 18.433691301301494 ], [ -94.886313635085614, 18.432783051745186 ], [ -94.887813730496291, 18.432119275899758 ], [ -94.888390132263169, 18.431664027184411 ], [ -94.889544306216791, 18.431248629007094 ], [ -94.890525638648512, 18.430998681420697 ], [ -94.891160949893305, 18.430955870438233 ], [ -94.891736531994752, 18.430211796212248 ], [ -94.892023165081184, 18.429427168236185 ], [ -94.89167460731521, 18.428726614811879 ], [ -94.891037341973913, 18.428068027168326 ], [ -94.890573837335936, 18.427574050319873 ], [ -94.890053031613405, 18.427245249550559 ], [ -94.88959022295235, 18.426998824512633 ], [ -94.889125229462493, 18.425968480280432 ], [ -94.888950210776159, 18.425350020107583 ], [ -94.888255433666757, 18.424774085957864 ], [ -94.887618769341671, 18.424321785977881 ], [ -94.887443871568479, 18.423744584505272 ], [ -94.887962822835703, 18.42341324850052 ], [ -94.88836463484418, 18.422504568737232 ], [ -94.888652183297296, 18.422050016702332 ], [ -94.888997838675948, 18.421719099380645 ], [ -94.889227044438428, 18.421058392622431 ], [ -94.889340723156849, 18.42039796790505 ], [ -94.889569462783527, 18.419572224462453 ], [ -94.88979762131676, 18.418540185693114 ], [ -94.890027280219556, 18.418044512079458 ], [ -94.890141183036818, 18.417466603603224 ], [ -94.890370491404838, 18.416847152221283 ], [ -94.891350924282946, 18.416308370845336 ], [ -94.892101354427624, 18.416141484470884 ], [ -94.892563094485197, 18.416016567129873 ], [ -94.89302343552967, 18.415396539666204 ], [ -94.893426012245371, 18.414776653360981 ], [ -94.893769890700469, 18.41382683581319 ], [ -94.893825314133679, 18.413001510371753 ], [ -94.893650280825938, 18.412383053200458 ], [ -94.893821456199817, 18.411639959441192 ], [ -94.894397414565304, 18.411060897736089 ], [ -94.894857967402359, 18.410523380035542 ], [ -94.895607196299878, 18.40994388200108 ], [ -94.895893524370706, 18.409076718434566 ], [ -94.89589199582214, 18.408540348503163 ], [ -94.896005513650849, 18.407838653293258 ], [ -94.896004336979928, 18.407426060950264 ], [ -94.895713897918284, 18.406849152700666 ], [ -94.895711544764382, 18.406023968210526 ], [ -94.896405112261448, 18.406187273336457 ], [ -94.896578386544391, 18.406186839995328 ], [ -94.897155023533344, 18.405855320038523 ], [ -94.897963045101676, 18.405646996257474 ], [ -94.898367587913228, 18.405728500001128 ], [ -94.898656615061171, 18.405810293255257 ], [ -94.899003282251286, 18.405850681518167 ], [ -94.899522038213718, 18.40547803905374 ], [ -94.900329938399778, 18.405228444812874 ], [ -94.900735077034952, 18.405516240821974 ], [ -94.901198451369439, 18.405968928237364 ], [ -94.901719348436757, 18.406338949953891 ], [ -94.902354691970956, 18.406337342514167 ], [ -94.902816282803812, 18.406171133914984 ], [ -94.903104239198086, 18.405881584828798 ], [ -94.903507352593451, 18.405467963126394 ], [ -94.903909506436833, 18.404724263316492 ], [ -94.904255336224551, 18.404475824404578 ], [ -94.910313831333212, 18.405207662003463 ], [ -94.94071537522521, 18.408877078161268 ], [ -94.941351397944132, 18.409081648062035 ], [ -94.942277390794843, 18.409656777338338 ], [ -94.943087607858217, 18.410149697348871 ], [ -94.944012452124923, 18.410353467467377 ], [ -94.944648357011829, 18.410516766613057 ], [ -94.945746365504448, 18.410678790813478 ], [ -94.946323863741739, 18.41063593639505 ], [ -94.946613844347382, 18.41100649317308 ], [ -94.946960940761443, 18.411170582426077 ], [ -94.948117501164518, 18.411580004209195 ], [ -94.948927748100246, 18.412072904102299 ], [ -94.949276021204341, 18.412608344877484 ], [ -94.949507792005278, 18.412834643304446 ], [ -94.949739563411995, 18.413060941560854 ], [ -94.950199587805486, 18.412399471642988 ], [ -94.957585162239027, 18.409820542814952 ], [ -94.977233632899583, 18.412404973152785 ], [ -94.980411929790094, 18.412754760615609 ], [ -94.981475668848617, 18.41287181845129 ], [ -94.995494719726111, 18.414413966654667 ], [ -94.996013776631145, 18.414164815902105 ], [ -94.99699709175718, 18.414533223956646 ], [ -94.99757547314708, 18.414737796136457 ], [ -94.998790434338687, 18.415270552518731 ], [ -94.999889015625598, 18.415556069754309 ], [ -95.000640566953436, 18.415718843553979 ], [ -95.001045797015649, 18.415965197501329 ], [ -95.001393545162145, 18.416294254655782 ], [ -95.001973366007448, 18.416911455744216 ], [ -95.002610388721948, 18.417363423479237 ], [ -95.003419578204685, 18.417484747969734 ], [ -95.003823101098106, 18.417235928196419 ], [ -95.00393649254255, 18.41661661341077 ], [ -95.004049882721674, 18.415997298371536 ], [ -95.004739805481947, 18.415046101486151 ], [ -95.005547408898806, 18.414713508996545 ], [ -95.00606617065155, 18.414381799639358 ], [ -95.006585505879244, 18.414215145433786 ], [ -95.007221239779398, 18.414295719726312 ], [ -95.008029990185733, 18.414293229486915 ], [ -95.008724648588711, 18.414703735592735 ], [ -95.00965023923672, 18.415072261766632 ], [ -95.010748560947818, 18.41527519027284 ], [ -95.011094012601944, 18.414944001844276 ], [ -95.011900883485822, 18.414405057418165 ], [ -95.012478565573716, 18.414403264799581 ], [ -95.013170185120956, 18.413947201440717 ], [ -95.013918695565337, 18.413243367576893 ], [ -95.014610161290079, 18.412746032701023 ], [ -95.015533424292045, 18.412454296211653 ], [ -95.016167846428758, 18.412163457937346 ], [ -95.017226039540716, 18.411178704181811 ], [ -95.017414934075973, 18.411002917012834 ], [ -95.018125494229437, 18.410341656972964 ], [ -95.018473859777444, 18.410835746047319 ], [ -95.018936293022662, 18.410916823817278 ], [ -95.019398285771828, 18.410874106069645 ], [ -95.019687123195339, 18.41087319740512 ], [ -95.019572764929805, 18.411203679568011 ], [ -95.019631562146714, 18.411492351663231 ], [ -95.019633032860838, 18.411904999974553 ], [ -95.019750480531826, 18.412441079402548 ], [ -95.019866752015929, 18.412647040168196 ], [ -95.020041674560105, 18.413100408233358 ], [ -95.020099737049804, 18.413182756175594 ], [ -95.020159123595818, 18.413636487751898 ], [ -95.020276573030472, 18.414172567312995 ], [ -95.020336842397128, 18.414873888068666 ], [ -95.020223069195353, 18.415369429636971 ], [ -95.019993756676868, 18.415865334135752 ], [ -95.019590547250615, 18.416196723103862 ], [ -95.019244958937207, 18.416486664837258 ], [ -95.018958605429034, 18.417189072387373 ], [ -95.018903035053469, 18.417808225238026 ], [ -95.019020187360255, 18.418261775632722 ], [ -95.019253026871937, 18.418756228590478 ], [ -95.019485134125816, 18.419044357488854 ], [ -95.01977530590915, 18.419414834612077 ], [ -95.020007855127432, 18.419826757655784 ], [ -95.020066359508149, 18.420032900464204 ], [ -95.020241139283414, 18.420445004766737 ], [ -95.02024246030652, 18.420816388240048 ], [ -95.020244221420683, 18.421311566188955 ], [ -95.020188651176355, 18.421930719837132 ], [ -95.020190118117142, 18.42234336807028 ], [ -95.020134399936694, 18.422921256733421 ], [ -95.020193784601034, 18.42337498859953 ], [ -95.020138358561638, 18.424035406785769 ], [ -95.02066021324373, 18.424570219247503 ], [ -95.020718132094785, 18.424611302873377 ], [ -95.020834850189871, 18.424941059149386 ], [ -95.020836757272832, 18.425477502102083 ], [ -95.020781184666433, 18.42609665586744 ], [ -95.020782944229779, 18.426591833906286 ], [ -95.020669157512685, 18.427087374057397 ], [ -95.020497889706604, 18.427665624608601 ], [ -95.020210341638347, 18.428037912435776 ], [ -95.020269579067261, 18.428450379657718 ], [ -95.020270311064294, 18.428656703691875 ], [ -95.020445095828322, 18.429068809271538 ], [ -95.020619734818581, 18.429439650014807 ], [ -95.020968282196478, 18.429975007245474 ], [ -95.021258324618813, 18.430304221014509 ], [ -95.021779905065941, 18.430756504636431 ], [ -95.022184912202974, 18.430920295665331 ], [ -95.022474077742501, 18.431001918901956 ], [ -95.022821311878317, 18.431165890129744 ], [ -95.023168546775324, 18.431329860842695 ], [ -95.023400380144622, 18.431535459218441 ], [ -95.023459036876034, 18.431782867244614 ], [ -95.023439344745995, 18.431890462252458 ], [ -95.023345691847467, 18.432402204405111 ], [ -95.023245671939819, 18.432788762710786 ], [ -95.023174717287603, 18.433062987680742 ], [ -95.023061369473439, 18.433682324254821 ], [ -95.022947286568751, 18.434095336033714 ], [ -95.022949341158807, 18.434673044744574 ], [ -95.023008144089658, 18.434961717837094 ], [ -95.023124723006603, 18.435250209670635 ], [ -95.023299078222166, 18.435538520193333 ], [ -95.023531503706863, 18.435909179158372 ], [ -95.023763783225732, 18.436238573077389 ], [ -95.023937846509156, 18.436444353488486 ], [ -95.024227609987662, 18.436691035750396 ], [ -95.024575150858155, 18.436937536112239 ], [ -95.024864474889441, 18.437060422762709 ], [ -95.02515350510636, 18.437100779052255 ], [ -95.025904159658339, 18.436974619281422 ], [ -95.026423412217625, 18.436766655102542 ], [ -95.026769334087433, 18.436559236271929 ], [ -95.027288584737548, 18.436351269275058 ], [ -95.029947049924132, 18.436549182365667 ], [ -95.030640222668325, 18.436505716432922 ], [ -95.03150538757221, 18.436090309124882 ], [ -95.031562569292845, 18.435925064181241 ], [ -95.031677081106807, 18.43563583946592 ], [ -95.031964921845301, 18.43534606274708 ], [ -95.032310984895361, 18.435179897273315 ], [ -95.032771854752482, 18.434807035864367 ], [ -95.033637305784126, 18.434474146928135 ], [ -95.033924693289734, 18.434060570017916 ], [ -95.034442734830535, 18.433522456898228 ], [ -95.035306978950899, 18.43285943475685 ], [ -95.035883238130296, 18.432444927410241 ], [ -95.036402619607145, 18.432278196402251 ], [ -95.037153704218525, 18.432275783022863 ], [ -95.038077514899754, 18.432107746258581 ], [ -95.038886375930943, 18.432105139788462 ], [ -95.039406660012347, 18.432185993663168 ], [ -95.039928152258156, 18.432596971545557 ], [ -95.040564368724645, 18.432780613642375 ], [ -95.041200586950211, 18.432964253850603 ], [ -95.041778652252958, 18.433044914927006 ], [ -95.04224101427485, 18.433084683126939 ], [ -95.042992258745102, 18.433123512998794 ], [ -95.043860271696929, 18.433492091194811 ], [ -95.044785761749011, 18.433777946349363 ], [ -95.045189894773827, 18.433694098128885 ], [ -95.045708819762069, 18.433403542814972 ], [ -95.047094697899723, 18.433192688490013 ], [ -95.047383276025826, 18.433109212566077 ], [ -95.047613771810163, 18.432943393054302 ], [ -95.048305562509469, 18.432528464397581 ], [ -95.048998115735571, 18.432319862922689 ], [ -95.049980623620797, 18.432399173148298 ], [ -95.051309947290122, 18.432518604469461 ], [ -95.052061814089612, 18.4327224630409 ], [ -95.052467944991491, 18.433175059011255 ], [ -95.05281506906185, 18.433297715082251 ], [ -95.053162193740079, 18.433420370607401 ], [ -95.053624873436647, 18.433542644187657 ], [ -95.054088325277149, 18.433871248211386 ], [ -95.054610482595365, 18.43444725832623 ], [ -95.055075174366209, 18.435105991364399 ], [ -95.05542384982644, 18.435641307151965 ], [ -95.055656661767756, 18.436094472356164 ], [ -95.055947871354277, 18.436712511712766 ], [ -95.056179448880357, 18.436835545779108 ], [ -95.056354485332619, 18.437288902010103 ], [ -95.056529677140801, 18.437783524621246 ], [ -95.056763267381356, 18.438443021446538 ], [ -95.056823211806105, 18.439020559610682 ], [ -95.056883465518965, 18.439680630595692 ], [ -95.056943564555269, 18.440299435216986 ], [ -95.05706051570408, 18.440670450174679 ], [ -95.057351271108516, 18.441164690302791 ], [ -95.057583938376396, 18.441576588862588 ], [ -95.057758671573779, 18.44194741236311 ], [ -95.058166384785892, 18.442812667074843 ], [ -95.058340965236653, 18.443142224021241 ], [ -95.058571933285222, 18.443100191196915 ], [ -95.059034644151296, 18.443222457035443 ], [ -95.059614003387665, 18.443633203561102 ], [ -95.060135739619668, 18.444085407396834 ], [ -95.06054176069793, 18.444496728065797 ], [ -95.061468128110477, 18.444988850474022 ], [ -95.06094949254161, 18.445361980345805 ], [ -95.062565043455905, 18.444737591963012 ], [ -95.063489392262028, 18.444693239054885 ], [ -95.063663673066955, 18.444940259942591 ], [ -95.064069237458398, 18.445227774873125 ], [ -95.064358302557679, 18.445268075470224 ], [ -95.064704993480518, 18.445266915569189 ], [ -95.065109310039972, 18.44522429480568 ], [ -95.065455062554292, 18.444975532971966 ], [ -95.065916064439023, 18.444643849244468 ], [ -95.066204189765145, 18.444436546170348 ], [ -95.066665345694432, 18.444146126873335 ], [ -95.066838847245833, 18.444186811492937 ], [ -95.067242847801296, 18.444061651910271 ], [ -95.067705257594469, 18.444101364424302 ], [ -95.067995422420196, 18.444430527360655 ], [ -95.068112556860243, 18.444842807211074 ], [ -95.068461762723587, 18.445501910465989 ], [ -95.068868753262691, 18.44616081896088 ], [ -95.069103027578436, 18.446985378704309 ], [ -95.069392570150058, 18.447149473134829 ], [ -95.069854832280683, 18.447147915076801 ], [ -95.070317409632679, 18.447228889812884 ], [ -95.070433920424861, 18.447476101656182 ], [ -95.070666627745268, 18.447887991347166 ], [ -95.070899336036504, 18.448299880945736 ], [ -95.071305553129292, 18.448752452011458 ], [ -95.071538736937626, 18.449288142329785 ], [ -95.07148316062144, 18.449866075628538 ], [ -95.071194714426696, 18.449990852167254 ], [ -95.070906740373616, 18.450239429125702 ], [ -95.071138033485425, 18.450279916149164 ], [ -95.071485209900899, 18.450402546698168 ], [ -95.071833175407747, 18.450731511795794 ], [ -95.071892063408214, 18.451020185724399 ], [ -95.071835698227531, 18.451391784080897 ], [ -95.072010785835573, 18.45184513575775 ], [ -95.072240346369568, 18.451431684503547 ], [ -95.072643732004124, 18.451141447673223 ], [ -95.07299043783155, 18.451140274766324 ], [ -95.073395402254747, 18.451262706827194 ], [ -95.073567174487167, 18.450849448846323 ], [ -95.07356511899097, 18.45031297660654 ], [ -95.073505121134659, 18.449735433040072 ], [ -95.073850558586102, 18.449404121133828 ], [ -95.074080743942829, 18.449155734621002 ], [ -95.074368712266349, 18.448907151608179 ], [ -95.074770661877679, 18.448245504004717 ], [ -95.075057834613389, 18.447790583605425 ], [ -95.075228645940612, 18.447129719533201 ], [ -95.075398820439105, 18.446303786270594 ], [ -95.075802029460249, 18.445972272132234 ], [ -95.07637874400946, 18.445681433391261 ], [ -95.076609238450033, 18.445515576604514 ], [ -95.076722416773194, 18.444896173811021 ], [ -95.076661132939535, 18.443988491359953 ], [ -95.076542862878441, 18.443287342327881 ], [ -95.07671429776714, 18.442791543810049 ], [ -95.077117176494184, 18.442377490210212 ], [ -95.077636573287265, 18.442210644147785 ], [ -95.077925800455759, 18.442292190957932 ], [ -95.078389809997987, 18.442744550229417 ], [ -95.078969545754717, 18.443237780460525 ], [ -95.079833056869575, 18.443686619402374 ], [ -95.080186969901092, 18.444265306626225 ], [ -95.080247779040235, 18.444830269531614 ], [ -95.080306855063512, 18.44537913029378 ], [ -95.080713575884758, 18.445955486835352 ], [ -95.081177762204234, 18.446449109774306 ], [ -95.082710736398468, 18.446798602100966 ], [ -95.08331767223082, 18.446936969596958 ], [ -95.084923144359635, 18.447313281387078 ], [ -95.085399815230033, 18.447425006997246 ], [ -95.086151650426757, 18.447587481735312 ], [ -95.086845380713584, 18.447667618370374 ], [ -95.087886301685117, 18.447870354233547 ], [ -95.089043280605239, 18.448196486905587 ], [ -95.089736206241398, 18.44807027456898 ], [ -95.090487077975354, 18.447985126260711 ], [ -95.091642927808763, 18.448022368799506 ], [ -95.092162499536613, 18.447896751348644 ], [ -95.09291500008456, 18.44822427253651 ], [ -95.093957406196594, 18.448798388847255 ], [ -95.094768026727237, 18.449208237961859 ], [ -95.095403335097686, 18.449123475205738 ], [ -95.096038479684424, 18.448997442112709 ], [ -95.096789521311237, 18.448953537050041 ], [ -95.097193688934738, 18.448869579630482 ], [ -95.097598676155954, 18.448991962032789 ], [ -95.098122679689126, 18.449980568622092 ], [ -95.098761603455827, 18.450803695168638 ], [ -95.09974626348459, 18.451377989334411 ], [ -95.100382403604812, 18.451499552207849 ], [ -95.100902643403046, 18.45153898467013 ], [ -95.099750366630985, 18.459673004239384 ], [ -95.095095608862579, 18.458987748181606 ], [ -95.094696949727151, 18.460474808138589 ], [ -95.089725511789894, 18.460079402604716 ], [ -95.086269140642898, 18.462897574882863 ], [ -95.080140016624, 18.462010673799409 ], [ -95.079813601378945, 18.462023813222043 ], [ -95.067318953371128, 18.462526339779188 ], [ -95.065579471330878, 18.462596234254313 ], [ -95.064718249522343, 18.464084720486657 ], [ -95.064649999992255, 18.46476166667026 ], [ -95.064553733812119, 18.466437496192601 ], [ -95.061960342760642, 18.468344378460277 ], [ -95.059650923310841, 18.46892973744551 ], [ -95.059594672468151, 18.469342591995513 ], [ -95.058210485843688, 18.470089948374383 ], [ -95.057343792852123, 18.470134060015791 ], [ -95.056940643279162, 18.470506783164652 ], [ -95.056652918781595, 18.470837860273885 ], [ -95.056134950620276, 18.471417290915163 ], [ -95.055442997170815, 18.471832221170832 ], [ -95.054924869341548, 18.472370380914352 ], [ -95.054811271735176, 18.472907218824783 ], [ -95.054814626944491, 18.473815075185207 ], [ -95.054643693384492, 18.474475899754381 ], [ -95.053429778211282, 18.474397321068331 ], [ -95.03694764599885, 18.471148972576628 ], [ -95.034634618394648, 18.470743634800268 ], [ -95.034173343899894, 18.471033951720656 ], [ -95.033426073604375, 18.472150483301512 ], [ -95.033081844631951, 18.47285308461764 ], [ -95.032736876385727, 18.473349358633257 ], [ -95.031871948126906, 18.473888531128889 ], [ -95.031353458633959, 18.474344080722634 ], [ -95.030951719339129, 18.475129387147074 ] ] ] } },
{ "type": "Feature", "properties": { "ID": 647.0, "ENTIDAD": 30, "DISTRITO_F": 19, "DISTRITO_L": 25, "MUNICIPIO": 34, "SECCION": 650, "TIPO": 4, "CONTROL": 1715.0, "GEOMETRY1_": null, "SEC": 650, "distrito": 50, "municipio": 68, "seccion": 1300, "listaNominal": 1039, "rppv": 24, "boletaSobrante": 399, "noElectoresVotaron": 411, "rppvotaron": 9, "sumaCyD": 0, "boetasExtraidasUrna": 0, "pan": 51, "pri": 2, "verde": 95, "pt": 123, "mc": 221, "morena": 131, "verde-morena": 14, "CNR": 0, "VN": 27, "sumaTotal": 664, "VOTO_4T_25": 363.0, "VOTO_OPO_25": 53.0, "VOTO_MC_25": 221.0, "VOTO_4T_21": 310.0, "VOTO_OPO_21": 239.0, "VOTO_MC_21": 20.0, "GANADOR_21": "4T", "GANADOR_25": "4T" }, "geometry": { "type": "Polygon", "coordinates": [ [ [ -95.003419578204685, 18.417484747969734 ], [ -95.002610388721948, 18.417363423479237 ], [ -95.001973366007448, 18.416911455744216 ], [ -95.001393545162145, 18.416294254655782 ], [ -95.001045797015649, 18.415965197501329 ], [ -95.000640566953436, 18.415718843553979 ], [ -94.999889015625598, 18.415556069754309 ], [ -94.998790434338687, 18.415270552518731 ], [ -94.99757547314708, 18.414737796136457 ], [ -94.99699709175718, 18.414533223956646 ], [ -94.996013776631145, 18.414164815902105 ], [ -94.995494719726111, 18.414413966654667 ], [ -94.981475668848617, 18.41287181845129 ], [ -94.980411929790094, 18.412754760615609 ], [ -94.977233632899583, 18.412404973152785 ], [ -94.957585162239027, 18.409820542814952 ], [ -94.950199587805486, 18.412399471642988 ], [ -94.949739563411995, 18.413060941560854 ], [ -94.949507792005278, 18.412834643304446 ], [ -94.949276021204341, 18.412608344877484 ], [ -94.948927748100246, 18.412072904102299 ], [ -94.948117501164518, 18.411580004209195 ], [ -94.946960940761443, 18.411170582426077 ], [ -94.946613844347382, 18.41100649317308 ], [ -94.946323863741739, 18.41063593639505 ], [ -94.945746365504448, 18.410678790813478 ], [ -94.944648357011829, 18.410516766613057 ], [ -94.944012452124923, 18.410353467467377 ], [ -94.943087607858217, 18.410149697348871 ], [ -94.942277390794843, 18.409656777338338 ], [ -94.941351397944132, 18.409081648062035 ], [ -94.94071537522521, 18.408877078161268 ], [ -94.910313831333212, 18.405207662003463 ], [ -94.904255336224551, 18.404475824404578 ], [ -94.903909506436833, 18.404724263316492 ], [ -94.903507352593451, 18.405467963126394 ], [ -94.903104239198086, 18.405881584828798 ], [ -94.902816282803812, 18.406171133914984 ], [ -94.902354691970956, 18.406337342514167 ], [ -94.901719348436757, 18.406338949953891 ], [ -94.901198451369439, 18.405968928237364 ], [ -94.900735077034952, 18.405516240821974 ], [ -94.900329938399778, 18.405228444812874 ], [ -94.899522038213718, 18.40547803905374 ], [ -94.899003282251286, 18.405850681518167 ], [ -94.898656615061171, 18.405810293255257 ], [ -94.898367587913228, 18.405728500001128 ], [ -94.897963045101676, 18.405646996257474 ], [ -94.897155023533344, 18.405855320038523 ], [ -94.896578386544391, 18.406186839995328 ], [ -94.896405112261448, 18.406187273336457 ], [ -94.895711544764382, 18.406023968210526 ], [ -94.895713897918284, 18.406849152700666 ], [ -94.894615200289508, 18.406398037764305 ], [ -94.89380635362825, 18.406317531801932 ], [ -94.89334499257312, 18.406566234874202 ], [ -94.892768114215812, 18.406815223128625 ], [ -94.891902560700117, 18.407106183499376 ], [ -94.891210862094397, 18.407603006214011 ], [ -94.890345186940024, 18.407852699181962 ], [ -94.889825246617065, 18.407812721662687 ], [ -94.889304030102664, 18.407318894586226 ], [ -94.888724362945069, 18.406577655276294 ], [ -94.887914249829251, 18.406043276993007 ], [ -94.887625230933423, 18.405961468251217 ], [ -94.886585828511372, 18.406046534566702 ], [ -94.886124115515855, 18.406171441794093 ], [ -94.885026495011388, 18.406091605492545 ], [ -94.884274845555112, 18.405804625488983 ], [ -94.883464638658495, 18.405228972874241 ], [ -94.883058963817959, 18.404734852432235 ], [ -94.882423181660812, 18.404571361738469 ], [ -94.881672002449591, 18.404449407834221 ], [ -94.881268163858536, 18.404615421894455 ], [ -94.88040375468259, 18.405318913271365 ], [ -94.87965508023764, 18.406104637646589 ], [ -94.878733695098859, 18.407097066867305 ], [ -94.878041742201731, 18.407511317196978 ], [ -94.877292142045249, 18.407966961174232 ], [ -94.876253863495208, 18.408464550517831 ], [ -94.875330644555859, 18.408796824305259 ], [ -94.874811051389884, 18.408880580396584 ], [ -94.873943227584263, 18.408346286396334 ], [ -94.873595111602967, 18.407769495848012 ], [ -94.873535333087816, 18.40702698568256 ], [ -94.87330172299157, 18.406078596770989 ], [ -94.872664269749009, 18.405296201753437 ], [ -94.872489318447052, 18.404677741053831 ], [ -94.872602810323812, 18.403934819690161 ], [ -94.872889679567024, 18.403232743974129 ], [ -94.872771584321782, 18.402284080811366 ], [ -94.872597082785703, 18.401830653265524 ], [ -94.871959757041665, 18.401089517473149 ], [ -94.871611882270187, 18.400595243387951 ], [ -94.871146818775927, 18.399482371678079 ], [ -94.870452200895755, 18.398906403103997 ], [ -94.869816124560202, 18.398619102405142 ], [ -94.869064990074435, 18.398497105248286 ], [ -94.868544983462385, 18.398415817745274 ], [ -94.86813881260764, 18.397715386741741 ], [ -94.86796410323484, 18.397179442135357 ], [ -94.867327036377105, 18.396520813653854 ], [ -94.867037937705987, 18.396397720537394 ], [ -94.866574580129623, 18.395903713875221 ], [ -94.866226396685846, 18.3952856611137 ], [ -94.866109002072335, 18.39458454882849 ], [ -94.865933633481148, 18.393801056788462 ], [ -94.865816350981603, 18.393141202554244 ], [ -94.865814683074674, 18.392522334344431 ], [ -94.865813904557911, 18.392233529170465 ], [ -94.865754818460033, 18.391738570593731 ], [ -94.865696177366416, 18.391408643565157 ], [ -94.865637202632939, 18.390954942920402 ], [ -94.865520922076769, 18.390666409828938 ], [ -94.86459468773063, 18.389843427120844 ], [ -94.864073601635312, 18.389349554741049 ], [ -94.863898686668279, 18.38873109458541 ], [ -94.863641926302108, 18.388377588077077 ], [ -94.86326133001927, 18.387948687868917 ], [ -94.862392870115372, 18.387125563654195 ], [ -94.862536856397739, 18.386980823262078 ], [ -94.862608849447383, 18.386908453006487 ], [ -94.862680842435978, 18.386836082711294 ], [ -94.863056102882908, 18.386793944482953 ], [ -94.863431363305352, 18.386751805474724 ], [ -94.864124467922991, 18.386791434438365 ], [ -94.864499895319412, 18.386811180017389 ], [ -94.864875322962291, 18.386830924868974 ], [ -94.866319286317335, 18.386910033512844 ], [ -94.86787864098909, 18.386947599499464 ], [ -94.869553498935645, 18.386984877843965 ], [ -94.870535473258101, 18.38706505428814 ], [ -94.87186417608585, 18.387226913418573 ], [ -94.872326177372472, 18.387225807461835 ], [ -94.87318891884631, 18.385944725225343 ], [ -94.874167372389152, 18.384745874942109 ], [ -94.874741567832388, 18.383547992309158 ], [ -94.875663044917374, 18.382638077239715 ], [ -94.876296226255533, 18.381893888979388 ], [ -94.877160510196077, 18.381190395309741 ], [ -94.878083568347748, 18.380858082159261 ], [ -94.8791799839139, 18.3805665998804 ], [ -94.880333453534647, 18.380027417749602 ], [ -94.88114077468957, 18.379612852453089 ], [ -94.881427434572117, 18.378869489049691 ], [ -94.881310435516355, 18.378333409923716 ], [ -94.88090435219307, 18.377674262945153 ], [ -94.88015201879621, 18.377098481425243 ], [ -94.879284657513935, 18.376688014423241 ], [ -94.878995461362152, 18.376523685688653 ], [ -94.879282121783206, 18.375780326160335 ], [ -94.879567740549547, 18.374665638496236 ], [ -94.879796070144096, 18.37371612543906 ], [ -94.880371334025057, 18.372930796009086 ], [ -94.881236595936699, 18.372598599109018 ], [ -94.882564403000714, 18.372471552388213 ], [ -94.883431174164045, 18.372675708079043 ], [ -94.884760034258974, 18.372919975177947 ], [ -94.886433035365172, 18.372338194758235 ], [ -94.887760021923611, 18.371922297738319 ], [ -94.889317516311067, 18.371340776026074 ], [ -94.890240507107677, 18.371008388455895 ], [ -94.891567123878389, 18.370468683496554 ], [ -94.892143989076203, 18.370260933910799 ], [ -94.893413564606945, 18.369968914595681 ], [ -94.894452035362249, 18.369636211654825 ], [ -94.895662664440394, 18.368931728443776 ], [ -94.895719931757412, 18.368766544437722 ], [ -94.896178424485754, 18.367568849015207 ], [ -94.896811103182074, 18.366700784935226 ], [ -94.897385790161223, 18.36575034595645 ], [ -94.897383267226559, 18.364883897959409 ], [ -94.897381584765427, 18.364306265931585 ], [ -94.897437645842288, 18.363728486372562 ], [ -94.897492382977688, 18.3626968528487 ], [ -94.897373768050088, 18.361624402633552 ], [ -94.897255273528771, 18.360593211980113 ], [ -94.89707975869635, 18.359809725725658 ], [ -94.897019849778502, 18.359067203645267 ], [ -94.89701683990873, 18.35803571783639 ], [ -94.897129191595909, 18.356962676819176 ], [ -94.897531815372147, 18.356425268327239 ], [ -94.898049556851376, 18.355763783604921 ], [ -94.898855878835278, 18.355060294784298 ], [ -94.899462645595221, 18.355223772619617 ], [ -94.90006941388647, 18.355387248736378 ], [ -94.900995219375332, 18.356045018648814 ], [ -94.901575067384698, 18.356868719716104 ], [ -94.901923708339226, 18.35761049797091 ], [ -94.902272595053944, 18.358434795478075 ], [ -94.903139707597234, 18.358762631174219 ], [ -94.903717500243118, 18.358884913728239 ], [ -94.904064078749528, 18.358925274686882 ], [ -94.904066153443097, 18.359626690523246 ], [ -94.903837376563871, 18.360369964961965 ], [ -94.903781949389909, 18.361154049649929 ], [ -94.903957983493115, 18.362102574801884 ], [ -94.904420178140285, 18.36218389688651 ], [ -94.905053528832767, 18.361563351734606 ], [ -94.905340780524838, 18.361067483929801 ], [ -94.905917114731636, 18.360694643543461 ], [ -94.906609546393398, 18.360527799219241 ], [ -94.907360211757378, 18.360525840964243 ], [ -94.908225258044808, 18.360152238251786 ], [ -94.908512621539444, 18.359697623308005 ], [ -94.908914360832824, 18.358871365226793 ], [ -94.909316095622216, 18.358045105490422 ], [ -94.910295993450163, 18.357464886668442 ], [ -94.91087267784529, 18.357215806903739 ], [ -94.911623456339811, 18.357255089060466 ], [ -94.912661831811405, 18.356922264234655 ], [ -94.913297249913896, 18.357003104943672 ], [ -94.91387430377965, 18.356877795539667 ], [ -94.914565221634703, 18.356215794659771 ], [ -94.91479494413521, 18.355802579027532 ], [ -94.914909804916817, 18.355595971021636 ], [ -94.915024665386042, 18.355389362889262 ], [ -94.915888423636162, 18.354603113681556 ], [ -94.91652283523085, 18.354353859483638 ], [ -94.917275238068328, 18.354929502003735 ], [ -94.917451099041585, 18.355795507553708 ], [ -94.917742822961799, 18.356784986106973 ], [ -94.918092417852549, 18.357815571000877 ], [ -94.918672362645324, 18.358639236755518 ], [ -94.919540906437973, 18.359420868863754 ], [ -94.920350329096664, 18.359748787698486 ], [ -94.922140018613888, 18.359620199981102 ], [ -94.922947804540883, 18.359411720779068 ], [ -94.924448899697964, 18.359325148584702 ], [ -94.926179699683345, 18.358825330367296 ], [ -94.927159181710195, 18.358121231808866 ], [ -94.928312271436283, 18.357540437293974 ], [ -94.929120301521436, 18.357414450247866 ], [ -94.930216280248516, 18.357040104353878 ], [ -94.931485744145675, 18.356747798260532 ], [ -94.932409903288431, 18.356827784597769 ], [ -94.933161865130103, 18.357238331990207 ], [ -94.934315582909193, 18.356863801624986 ], [ -94.935239228485514, 18.35677872977659 ], [ -94.936106947315409, 18.357271470263303 ], [ -94.936916407287001, 18.357599322598425 ], [ -94.937955937876836, 18.357637702046631 ], [ -94.938129041170455, 18.357595959866835 ], [ -94.938822627635062, 18.357800341588312 ], [ -94.939400726766991, 18.358005042475046 ], [ -94.939518435618439, 18.358706164603223 ], [ -94.939347810196807, 18.359531873984224 ], [ -94.939753201785308, 18.359902102135703 ], [ -94.940562160388112, 18.360064896870426 ], [ -94.941371644805287, 18.360392734294624 ], [ -94.941950542712988, 18.3608449985574 ], [ -94.942298721830326, 18.361380430148063 ], [ -94.942589549962975, 18.362039807434144 ], [ -94.942360923386104, 18.362783159842941 ], [ -94.942477595674632, 18.363154190806807 ], [ -94.943114251738535, 18.363606292513264 ], [ -94.94352057934428, 18.364265346746144 ], [ -94.944042010440356, 18.364800292717607 ], [ -94.944330746956481, 18.364799484248145 ], [ -94.944447292781803, 18.365129253437232 ], [ -94.94468012257947, 18.365706268641976 ], [ -94.945143155958533, 18.366035066724194 ], [ -94.945546337553552, 18.365703839875177 ], [ -94.945833495586768, 18.365207889615245 ], [ -94.945889135160627, 18.36454754098034 ], [ -94.94611880620073, 18.364134275266256 ], [ -94.946753761675993, 18.364049965225121 ], [ -94.947677717600314, 18.364047362572766 ], [ -94.948543662270865, 18.363962394937808 ], [ -94.949408147770697, 18.363423543190134 ], [ -94.950213552403355, 18.362472231527491 ], [ -94.950789158933446, 18.361892927445851 ], [ -94.951250200774382, 18.361602782378974 ], [ -94.95211653485093, 18.361641581543907 ], [ -94.953098898304873, 18.361845095602373 ], [ -94.954137807297386, 18.361677081776801 ], [ -94.955291806761693, 18.361384945044204 ], [ -94.97254097956322, 18.356176873310343 ], [ -94.972943262026533, 18.355597995925383 ], [ -94.973692711320027, 18.35522440429315 ], [ -94.974615256440458, 18.354809031335432 ], [ -94.976575408215055, 18.353854135638446 ], [ -94.977612733133071, 18.353232085053016 ], [ -94.978535261225986, 18.352816689110721 ], [ -94.97934299658813, 18.352607950301842 ], [ -94.980093547357953, 18.352564434086229 ], [ -94.981017334970005, 18.352520393787138 ], [ -94.981710140761663, 18.352477044722555 ], [ -94.982462526450405, 18.352969942445824 ], [ -94.982868017433219, 18.353340093473911 ], [ -94.983272803993188, 18.353503927047491 ], [ -94.983848991775602, 18.353130812179305 ], [ -94.984194476961918, 18.35284092070269 ], [ -94.985001360480638, 18.352384575728237 ], [ -94.985866979362456, 18.352216895801174 ], [ -94.986906545470845, 18.352255002838923 ], [ -94.987368654426788, 18.352294861705808 ], [ -94.988408223062322, 18.35233296066826 ], [ -94.989159491393735, 18.352495726175018 ], [ -94.990082285148944, 18.352162795367445 ], [ -95.000228177271907, 18.347179761574054 ], [ -95.000632392104748, 18.347178501849388 ], [ -95.001267733040535, 18.347217784751287 ], [ -95.002364743367295, 18.347173093264811 ], [ -95.003173175054343, 18.347170563839615 ], [ -95.00055303197577, 18.367622134068611 ], [ -95.000154694266627, 18.370730584326495 ], [ -94.999407261277042, 18.376562662364218 ], [ -95.001426945679071, 18.376061260002142 ], [ -95.011781903749323, 18.380753835307214 ], [ -95.011810674514933, 18.380766007480453 ], [ -95.018607696944656, 18.383641495464758 ], [ -95.016531501598124, 18.38451463880109 ], [ -95.016591032011107, 18.385009633657738 ], [ -95.01665026718922, 18.385422098980982 ], [ -95.016595165436769, 18.386165047416348 ], [ -95.016366047215783, 18.386702218824627 ], [ -95.016193801921503, 18.38699161893064 ], [ -95.015849014696528, 18.3874878888479 ], [ -95.01561900807171, 18.387777470163755 ], [ -95.015330652237523, 18.3879021740997 ], [ -95.014810963734021, 18.387945075239887 ], [ -95.014464259755485, 18.387904900722695 ], [ -95.014176490904248, 18.388194661345562 ], [ -95.013890042498716, 18.388855803161501 ], [ -95.013661204691502, 18.389475498172146 ], [ -95.013489684990716, 18.389971217492356 ], [ -95.013317431015651, 18.390260613370671 ], [ -95.013587874633387, 18.392768785080424 ], [ -95.013735534073135, 18.394138220022931 ], [ -95.014199092502551, 18.394549417697878 ], [ -95.014604451256346, 18.394837001912016 ], [ -95.014894874580619, 18.395290006857916 ], [ -95.015359613474999, 18.39603132028908 ], [ -95.015476753137591, 18.396484869088951 ], [ -95.015536717854474, 18.397103658097915 ], [ -95.01548027628138, 18.397475221691561 ], [ -95.015423834301956, 18.397846785211254 ], [ -95.015425888496807, 18.398424490812015 ], [ -95.015311682492651, 18.398796235423493 ], [ -95.015486439029743, 18.399208338576575 ], [ -95.015661196230127, 18.399620441713299 ], [ -95.016240152686635, 18.399990010655952 ], [ -95.01687790433887, 18.400648249912351 ], [ -95.016996812155881, 18.401596975909641 ], [ -95.016884378807632, 18.402031588999275 ], [ -95.016825869562879, 18.402257756247508 ], [ -95.016597013753611, 18.402877452771968 ], [ -95.016310684432938, 18.403579859317215 ], [ -95.016139295983621, 18.404116843962711 ], [ -95.016025671329373, 18.404653647182432 ], [ -95.016142520839352, 18.405024667310798 ], [ -95.016433106879134, 18.40551893826126 ], [ -95.01672398768487, 18.406095738500269 ], [ -95.0168409857759, 18.406508023348319 ], [ -95.016959157491883, 18.407250426026827 ], [ -95.016960623882753, 18.407663073278496 ], [ -95.016847436765161, 18.408323671034406 ], [ -95.016676042095384, 18.408860655385649 ], [ -95.016735713270663, 18.409396915620398 ], [ -95.016967659794773, 18.409643779916415 ], [ -95.017546795710558, 18.410054616227914 ], [ -95.018125494229437, 18.410341656972964 ], [ -95.017414934075973, 18.411002917012834 ], [ -95.017226039540716, 18.411178704181811 ], [ -95.016167846428758, 18.412163457937346 ], [ -95.015533424292045, 18.412454296211653 ], [ -95.014610161290079, 18.412746032701023 ], [ -95.013918695565337, 18.413243367576893 ], [ -95.013170185120956, 18.413947201440717 ], [ -95.012478565573716, 18.414403264799581 ], [ -95.011900883485822, 18.414405057418165 ], [ -95.011094012601944, 18.414944001844276 ], [ -95.010748560947818, 18.41527519027284 ], [ -95.00965023923672, 18.415072261766632 ], [ -95.008724648588711, 18.414703735592735 ], [ -95.008029990185733, 18.414293229486915 ], [ -95.007221239779398, 18.414295719726312 ], [ -95.006585505879244, 18.414215145433786 ], [ -95.00606617065155, 18.414381799639358 ], [ -95.005547408898806, 18.414713508996545 ], [ -95.004739805481947, 18.415046101486151 ], [ -95.004049882721674, 18.415997298371536 ], [ -95.00393649254255, 18.41661661341077 ], [ -95.003823101098106, 18.417235928196419 ], [ -95.003419578204685, 18.417484747969734 ] ] ] } },
{ "type": "Feature", "properties": { "ID": 648.0, "ENTIDAD": 30, "DISTRITO_F": 19, "DISTRITO_L": 25, "MUNICIPIO": 34, "SECCION": 651, "TIPO": 4, "CONTROL": 1711.0, "GEOMETRY1_": null, "SEC": 651, "distrito": 50, "municipio": 68, "seccion": 1302, "listaNominal": 1058, "rppv": 24, "boletaSobrante": 414, "noElectoresVotaron": 0, "rppvotaron": 0, "sumaCyD": 0, "boetasExtraidasUrna": 0, "pan": 8, "pri": 0, "verde": 46, "pt": 99, "mc": 293, "morena": 188, "verde-morena": 12, "CNR": 0, "VN": 24, "sumaTotal": 670, "VOTO_4T_25": 345.0, "VOTO_OPO_25": 8.0, "VOTO_MC_25": 293.0, "VOTO_4T_21": 496.0, "VOTO_OPO_21": 102.0, "VOTO_MC_21": 15.0, "GANADOR_21": "4T", "GANADOR_25": "4T" }, "geometry": { "type": "Polygon", "coordinates": [ [ [ -95.153624877163423, 18.379130346082626 ], [ -95.153909185372868, 18.379587067275597 ], [ -95.154192787121787, 18.380126466914216 ], [ -95.154476744251355, 18.380624527112566 ], [ -95.154646482307527, 18.380997773945086 ], [ -95.154757164509789, 18.381535980443317 ], [ -95.154753625988832, 18.381949373703794 ], [ -95.154572561743677, 18.382898984896677 ], [ -95.154566898205147, 18.383560413888457 ], [ -95.154536297858712, 18.383688255397121 ], [ -95.154506955323811, 18.383828721562466 ], [ -95.154476983783269, 18.38396287537736 ], [ -95.154447012176192, 18.384097029177504 ], [ -95.154157031660247, 18.384301735982241 ], [ -95.153694124232487, 18.384505247876973 ], [ -95.153172865011783, 18.384791038621579 ], [ -95.152595380181666, 18.384911072250507 ], [ -95.152018958891148, 18.384907086405047 ], [ -95.151384541092952, 18.384944039115414 ], [ -95.15086540756522, 18.384981787740657 ], [ -95.150517070022872, 18.385268767099301 ], [ -95.150396104370742, 18.385929394556378 ], [ -95.15033420045431, 18.386425064604314 ], [ -95.150387581247685, 18.386921533163626 ], [ -95.150444868783808, 18.386963271554993 ], [ -95.150674019219878, 18.387130224996589 ], [ -95.15096045792086, 18.387338916520132 ], [ -95.151535112103005, 18.387549602856872 ], [ -95.152052479721092, 18.387718549697006 ], [ -95.152627491743061, 18.387887893986299 ], [ -95.15320285975001, 18.388015897503802 ], [ -95.153604590156291, 18.388225382841942 ], [ -95.153891389234616, 18.388392731638579 ], [ -95.15440628281786, 18.388851047908378 ], [ -95.154748956365964, 18.389225490409821 ], [ -95.155207627381628, 18.389518049934242 ], [ -95.155436432385528, 18.389726338375631 ], [ -95.155490181347659, 18.390181468915639 ], [ -95.155427933594524, 18.390718482183736 ], [ -95.155309457459396, 18.391089740019837 ], [ -95.155306978082109, 18.391379115230965 ], [ -95.15518779245599, 18.391833051457191 ], [ -95.155068251670173, 18.392328326777619 ], [ -95.154660130866915, 18.392862949605782 ], [ -95.154194007726659, 18.393438511802479 ], [ -95.154536687839538, 18.39381295613385 ], [ -95.15465056037479, 18.393979110106795 ], [ -95.154936305915598, 18.394270477044138 ], [ -95.155222761173448, 18.394479165121012 ], [ -95.155566508445119, 18.394729590404356 ], [ -95.154696506724235, 18.395343704611729 ], [ -95.154056373373123, 18.396042087196371 ], [ -95.15376565996425, 18.396329467891679 ], [ -95.153532946579901, 18.396575907679811 ], [ -95.15318423022299, 18.396904227390774 ], [ -95.153009161465292, 18.397151065288192 ], [ -95.152890673234097, 18.397522319653266 ], [ -95.152715248160249, 18.397810496247576 ], [ -95.152482531113478, 18.398056934073939 ], [ -95.152017450336444, 18.398508469350393 ], [ -95.151494009356256, 18.399042281562721 ], [ -95.150973054615889, 18.399286718104708 ], [ -95.150625750757357, 18.399449674849965 ], [ -95.150278090518682, 18.399653969889904 ], [ -95.149757132708729, 18.399898402419776 ], [ -95.149178170519519, 18.400183771782558 ], [ -95.148542272151388, 18.400386060400663 ], [ -95.147906016236831, 18.400629685547912 ], [ -95.147211041895915, 18.400996923845799 ], [ -95.146689720242335, 18.401282685252493 ], [ -95.146052388613825, 18.401650319628434 ], [ -95.145358478496831, 18.401893533153874 ], [ -95.144953518288446, 18.402056075768201 ], [ -95.144316538337222, 18.402382364302444 ], [ -95.144084161348459, 18.402587449622274 ], [ -95.144311177304189, 18.403002445837064 ], [ -95.14448233336833, 18.403210346005654 ], [ -95.144709708249025, 18.403584003264836 ], [ -95.144823217350549, 18.403791501249813 ], [ -95.144934225402167, 18.404288370758021 ], [ -95.144816070202282, 18.404618276980656 ], [ -95.144812853702632, 18.404990326037236 ], [ -95.14475091625134, 18.405485989290757 ], [ -95.144747699217987, 18.405858038291182 ], [ -95.144859064628292, 18.40631356918411 ], [ -95.145202813186657, 18.406564014606044 ], [ -95.145719152550171, 18.406857004267209 ], [ -95.146006326113238, 18.406983030201634 ], [ -95.146523025497487, 18.407234679288798 ], [ -95.146690259877914, 18.407897306101823 ], [ -95.143024202602575, 18.413779150020265 ], [ -95.136735342987848, 18.423867722319763 ], [ -95.135570543837432, 18.422895475806492 ], [ -95.135108140592322, 18.422855936881284 ], [ -95.134415667747191, 18.423064880346651 ], [ -95.133897746863411, 18.423562061984082 ], [ -95.133204054480984, 18.423482111780249 ], [ -95.132451022700181, 18.423030946906433 ], [ -95.131928935021548, 18.422537648784523 ], [ -95.131117786561006, 18.422004155927048 ], [ -95.130377772581795, 18.421620130839273 ], [ -95.130249211844301, 18.421553414711493 ], [ -95.130245576370299, 18.420686751923849 ], [ -95.130128116886098, 18.420233215592248 ], [ -95.130097843119373, 18.419903165831609 ], [ -95.130083266126874, 18.419744245021679 ], [ -95.13006756934179, 18.419573116078659 ], [ -95.129892160350082, 18.419078525117946 ], [ -95.129370437159778, 18.418667762582857 ], [ -95.12885044563734, 18.418669695099197 ], [ -95.128272850364169, 18.418713110239771 ], [ -95.127868585508864, 18.418755880625383 ], [ -95.127115417633902, 18.418263431186503 ], [ -95.126766516602714, 18.41772821199584 ], [ -95.126419168932244, 18.417564418064405 ], [ -95.125668766030657, 18.417732276057357 ], [ -95.125148263170573, 18.417610390571507 ], [ -95.12451272472795, 18.417612738866861 ], [ -95.124108806820516, 18.417738040329617 ], [ -95.123647283935313, 18.417904823314938 ], [ -95.123185245632499, 18.417947796924125 ], [ -95.122837559290716, 18.417701458273228 ], [ -95.122489702566753, 18.417413849829082 ], [ -95.122314831922807, 18.417043064151532 ], [ -95.121734846605975, 18.416508689817292 ], [ -95.12132921859083, 18.416221292608451 ], [ -95.121155378451149, 18.416098122184234 ], [ -95.122329899659334, 18.415102943673755 ], [ -95.12131132508263, 18.414242851080978 ], [ -95.120633124647142, 18.413847896638941 ], [ -95.120280879810792, 18.41420292172948 ], [ -95.120101417780447, 18.414425079158733 ], [ -95.119842013590713, 18.414746196080426 ], [ -95.119708234768311, 18.414919310508949 ], [ -95.119523003103239, 18.415159007315697 ], [ -95.119288210975441, 18.41502571534339 ], [ -95.119177259195851, 18.414962727593068 ], [ -95.118607289074788, 18.414663031976417 ], [ -95.118663528009549, 18.414291397617706 ], [ -95.118546784027004, 18.414002936980509 ], [ -95.118893261136733, 18.413960396766765 ], [ -95.119296829487155, 18.413752567052871 ], [ -95.11958450605141, 18.413462622151961 ], [ -95.119814065211941, 18.413090350399379 ], [ -95.120100884300626, 18.412594058110191 ], [ -95.120387187976078, 18.411973957284907 ], [ -95.120500510117537, 18.411437031862327 ], [ -95.120555886231813, 18.410859049547881 ], [ -95.12043811235786, 18.410322974246263 ], [ -95.120263593118764, 18.410034727122923 ], [ -95.119800207954825, 18.409747542316484 ], [ -95.119163847044376, 18.409543531924331 ], [ -95.118932070536431, 18.409379303965302 ], [ -95.118815327729521, 18.409090843910867 ], [ -95.11869807241257, 18.408678576261817 ], [ -95.118292124829807, 18.408308638341492 ], [ -95.118521848278519, 18.407977636439437 ], [ -95.118867799915108, 18.407811286395386 ], [ -95.119328953777867, 18.407561972339668 ], [ -95.119385699303905, 18.407314144528694 ], [ -95.119095126031951, 18.406902514400574 ], [ -95.11863140869859, 18.406532790176271 ], [ -95.118746097665635, 18.406326019567331 ], [ -95.11908964915969, 18.40558189932964 ], [ -95.1191446816065, 18.404921379225964 ], [ -95.119489255537857, 18.404424872810672 ], [ -95.119776741681605, 18.404093655205227 ], [ -95.119947998191932, 18.403597785615307 ], [ -95.119715370383148, 18.403227213590643 ], [ -95.119540171578123, 18.402773890181489 ], [ -95.119825767530841, 18.401988710007146 ], [ -95.120228446017535, 18.401574526294613 ], [ -95.120282267897906, 18.400625119574272 ], [ -95.120034012429443, 18.396499043368728 ], [ -95.120263712644089, 18.396168035510733 ], [ -95.120608261178617, 18.395671522879105 ], [ -95.120722421985988, 18.395340941140443 ], [ -95.12089400640906, 18.394927606904762 ], [ -95.120892629376328, 18.394597452222953 ], [ -95.120578995613158, 18.392332383469277 ], [ -95.120509394481189, 18.39183103641879 ], [ -95.120714437508227, 18.391762364769011 ], [ -95.121145630932702, 18.391756642130325 ], [ -95.121796944077403, 18.39165935724311 ], [ -95.122207030131477, 18.391413283459755 ], [ -95.122499517978866, 18.391107121401685 ], [ -95.122713607021808, 18.390697950699028 ], [ -95.122776929133096, 18.390437568836905 ], [ -95.122574901444722, 18.390411816763244 ], [ -95.122611085508282, 18.389948278779048 ], [ -95.122825174551238, 18.389965446874832 ], [ -95.122819143873954, 18.389639252763526 ], [ -95.122776929124015, 18.389353117063585 ], [ -95.12258394745156, 18.388820903410007 ], [ -95.122348751038189, 18.388265797095595 ], [ -95.122125615979328, 18.387630570150566 ], [ -95.121923588290926, 18.387684936512311 ], [ -95.121712514577538, 18.387169886075224 ], [ -95.121444149439199, 18.386786458644298 ], [ -95.121245137089446, 18.386760706024919 ], [ -95.121037078723774, 18.386531793685091 ], [ -95.121191686721517, 18.386230333882924 ], [ -95.121320563503517, 18.386114472713615 ], [ -95.121469789251108, 18.386075852306629 ], [ -95.121578317067531, 18.386062978835621 ], [ -95.121700410861024, 18.386069415571257 ], [ -95.121815721665968, 18.38608228904177 ], [ -95.121964947413545, 18.386127346180793 ], [ -95.122087041207038, 18.386185276770874 ], [ -95.122168437069334, 18.386217460423591 ], [ -95.122243049943137, 18.386230333882946 ], [ -95.122365143736587, 18.386223897153382 ], [ -95.122514369484207, 18.386185276770814 ], [ -95.122602548335053, 18.386101599245698 ], [ -95.122738208105574, 18.385998611466551 ], [ -95.122826386956419, 18.385940680813778 ], [ -95.123002744658109, 18.385837692938544 ], [ -95.123118055463067, 18.385786198977865 ], [ -95.123172319371292, 18.385696084509672 ], [ -95.12324693224511, 18.385490108405417 ], [ -95.123301196153321, 18.385271258524895 ], [ -95.123328328107419, 18.385084592230875 ], [ -95.123328328107419, 18.384885052175779 ], [ -95.123280847187743, 18.384827121148728 ], [ -95.123206234313955, 18.384782063669853 ], [ -95.123192668336912, 18.384724132608188 ], [ -95.123206234313969, 18.384608270426611 ], [ -95.123240149256588, 18.384511718549067 ], [ -95.12321301730249, 18.384460224192324 ], [ -95.123158753394279, 18.384389419426668 ], [ -95.12313162144018, 18.384312177830896 ], [ -95.12308414052049, 18.384247809808045 ], [ -95.123009527646701, 18.384189878566879 ], [ -95.122914565807335, 18.384157694535634 ], [ -95.122846735922082, 18.384099763264174 ], [ -95.122785689025335, 18.384009647914375 ], [ -95.1227789060368, 18.383958153407612 ], [ -95.122799255002391, 18.383861601165979 ], [ -95.122826386956504, 18.383790796154432 ], [ -95.122826386956504, 18.383726427936931 ], [ -95.122806037990927, 18.383636312391999 ], [ -95.122792472013884, 18.383526886309781 ], [ -95.122797675996807, 18.383470917777139 ], [ -95.122812820979462, 18.38330803393702 ], [ -95.12279925500242, 18.383159986586168 ], [ -95.122744991094223, 18.382928260042661 ], [ -95.12271785914011, 18.382767338648701 ], [ -95.12271785914011, 18.382632164561592 ], [ -95.122724642128659, 18.382496990368594 ], [ -95.122751774082758, 18.382316757946413 ], [ -95.122819603968054, 18.382207331026695 ], [ -95.122948480750054, 18.382130088453287 ], [ -95.123104489486153, 18.382052845845401 ], [ -95.123301196153434, 18.381962729425638 ], [ -95.123477553855139, 18.381866176066573 ], [ -95.12361321362566, 18.381756748860891 ], [ -95.123693604682856, 18.381617866706026 ], [ -95.123859740338716, 18.381711548422867 ], [ -95.124029569662071, 18.381832943373997 ], [ -95.124269404354081, 18.381896955124844 ], [ -95.124419301036596, 18.381832943373997 ], [ -95.124524228714378, 18.381776044020029 ], [ -95.124636651226254, 18.381726257069925 ], [ -95.124711599567505, 18.381704919801233 ], [ -95.124771558240539, 18.381712032224435 ], [ -95.12480903241115, 18.381754706757484 ], [ -95.124839011747653, 18.381825830955847 ], [ -95.124861283514548, 18.381904797416805 ], [ -95.124929113399816, 18.38199491386677 ], [ -95.125037641216238, 18.382149399100015 ], [ -95.125159735009717, 18.38226526293408 ], [ -95.125336092711393, 18.382445495410213 ], [ -95.125512450413069, 18.382535611577563 ], [ -95.125715940068858, 18.382638601425455 ], [ -95.125851599839407, 18.382702970049174 ], [ -95.125987259609929, 18.382702970049127 ], [ -95.126177183288689, 18.382664348877878 ], [ -95.126423681850227, 18.382519545438978 ], [ -95.126521378821096, 18.382416853937976 ], [ -95.126656724122896, 18.382251091394455 ], [ -95.126828350187253, 18.382046408960004 ], [ -95.127045405820112, 18.381879049851143 ], [ -95.127316725361155, 18.381737438170575 ], [ -95.12750664903993, 18.381647321586051 ], [ -95.127750836626873, 18.381570078761793 ], [ -95.127943495439723, 18.381561993595732 ], [ -95.128123783879985, 18.381510208952314 ], [ -95.1282279567953, 18.381431360839635 ], [ -95.128317872528271, 18.381325774681098 ], [ -95.128578361227127, 18.381145242609914 ], [ -95.128862316333311, 18.381101043607615 ], [ -95.129075775518999, 18.381122090520286 ], [ -95.129243094102748, 18.381183864121578 ], [ -95.129446583758551, 18.381261107118803 ], [ -95.12962063049109, 18.381344138097496 ], [ -95.129853563070142, 18.381389845370716 ], [ -95.130097750657072, 18.381376971549919 ], [ -95.130382636175199, 18.381312602431223 ], [ -95.130694653647424, 18.38127398094845 ], [ -95.131277990660706, 18.381273980948418 ], [ -95.131915591582214, 18.381325476256944 ], [ -95.132295438939693, 18.381364097728152 ], [ -95.132661720320115, 18.381441340644731 ], [ -95.133082265608763, 18.381647321586247 ], [ -95.133448546989186, 18.381994913867175 ], [ -95.133828394346665, 18.382381126690781 ], [ -95.134086147910665, 18.382599980240151 ], [ -95.134547391130482, 18.382728717492352 ], [ -95.134927238487961, 18.382780212366281 ], [ -95.135320651822482, 18.382793086082398 ], [ -95.135985384698088, 18.382805959797579 ], [ -95.136346085948972, 18.382884469802871 ], [ -95.136700579861881, 18.382976216373287 ], [ -95.137130269453309, 18.383098545057955 ], [ -95.137570701284517, 18.383210679609267 ], [ -95.138064844314655, 18.383271843879253 ], [ -95.138483791666303, 18.383302426006136 ], [ -95.138838285579212, 18.383445142526362 ], [ -95.139300201889981, 18.383496112683556 ], [ -95.139611726843782, 18.383516500742235 ], [ -95.140084385394331, 18.383526694770683 ], [ -95.140471106026624, 18.383557276852354 ], [ -95.140718177541686, 18.383485918653424 ], [ -95.140868568898696, 18.383098545058118 ], [ -95.140943764577216, 18.382904857934125 ], [ -95.141045457780521, 18.382538958576841 ], [ -95.141313822802061, 18.381566575901964 ], [ -95.141826156024948, 18.380246904929063 ], [ -95.142021330586047, 18.379621794100967 ], [ -95.142167711506886, 18.378950376243122 ], [ -95.142411679708246, 18.37804743086426 ], [ -95.143387552513673, 18.378140040864263 ], [ -95.144582996700294, 18.378255803294469 ], [ -95.145778440886943, 18.378325260715254 ], [ -95.147095869174223, 18.378487327921665 ], [ -95.147998551519237, 18.378579937685522 ], [ -95.149535551187782, 18.37864939497582 ], [ -95.150633408093867, 18.378811461877557 ], [ -95.151633677719403, 18.378880919074582 ], [ -95.151653929441778, 18.378789300603373 ], [ -95.151701731428005, 18.378638088068112 ], [ -95.151757500411932, 18.378426390295999 ], [ -95.151813269395859, 18.378294079056403 ], [ -95.151833186890116, 18.378150426738507 ], [ -95.151873021878671, 18.377908485722081 ], [ -95.151936757860284, 18.377662764029875 ], [ -95.152211619281061, 18.377727029737038 ], [ -95.152470546706411, 18.377776174085191 ], [ -95.152829246274706, 18.377801918748823 ], [ -95.152882282581899, 18.378339727033879 ], [ -95.153223873802148, 18.378838185977958 ], [ -95.153624877163423, 18.379130346082626 ] ] ] } },
{ "type": "Feature", "properties": { "ID": 649.0, "ENTIDAD": 30, "DISTRITO_F": 19, "DISTRITO_L": 25, "MUNICIPIO": 34, "SECCION": 652, "TIPO": 4, "CONTROL": 1712.0, "GEOMETRY1_": null, "SEC": 652, "distrito": 75, "municipio": 102, "seccion": 1956, "listaNominal": 1531, "rppv": 36, "boletaSobrante": 780, "noElectoresVotaron": 260, "rppvotaron": 6, "sumaCyD": 0, "boetasExtraidasUrna": 0, "pan": 30, "pri": 2, "verde": 58, "pt": 99, "mc": 383, "morena": 171, "verde-morena": 10, "CNR": 0, "VN": 34, "sumaTotal": 787, "VOTO_4T_25": 338.0, "VOTO_OPO_25": 32.0, "VOTO_MC_25": 383.0, "VOTO_4T_21": 532.0, "VOTO_OPO_21": 212.0, "VOTO_MC_21": 25.0, "GANADOR_21": "4T", "GANADOR_25": "MC" }, "geometry": { "type": "Polygon", "coordinates": [ [ [ -95.123693604682856, 18.381617866706026 ], [ -95.123806180193924, 18.381417394032816 ], [ -95.123850459759083, 18.381252558787086 ], [ -95.123823243393716, 18.380975500216579 ], [ -95.123750540337895, 18.380740052743043 ], [ -95.12359019461779, 18.380439008930949 ], [ -95.123494272891776, 18.380245626757635 ], [ -95.123330597302555, 18.38009340130921 ], [ -95.123303619493385, 18.37980571293874 ], [ -95.123374941854706, 18.379605107865345 ], [ -95.123441541859378, 18.379511467381498 ], [ -95.123524440388735, 18.37945571713573 ], [ -95.12368849361647, 18.379422137047627 ], [ -95.123772768596936, 18.379304870446575 ], [ -95.123753677372918, 18.379197804236465 ], [ -95.123657359906204, 18.37908505981467 ], [ -95.123529597848517, 18.379033218225768 ], [ -95.12336062525128, 18.378902579798368 ], [ -95.123260606957103, 18.378741361383653 ], [ -95.122660562891838, 18.377924104423286 ], [ -95.122525863493209, 18.377798267722291 ], [ -95.122080591076696, 18.377217788600532 ], [ -95.121549326014318, 18.376568864054658 ], [ -95.121402351170246, 18.376347516668478 ], [ -95.12125010516192, 18.376237733096083 ], [ -95.120527770705166, 18.375431369451981 ], [ -95.119883992732696, 18.374833319076259 ], [ -95.119606073658517, 18.374620440172929 ], [ -95.119401505342438, 18.374493793108492 ], [ -95.119282109821313, 18.374503046771522 ], [ -95.119094126622343, 18.374454076341681 ], [ -95.118978796330182, 18.374423000957488 ], [ -95.118849362994709, 18.374280460338596 ], [ -95.118774756668159, 18.374131629215789 ], [ -95.118360156604197, 18.373840060527876 ], [ -95.11784343724068, 18.373441046644924 ], [ -95.117591421507342, 18.373255109762063 ], [ -95.117326533908994, 18.373174789999347 ], [ -95.116869445820896, 18.372861836311991 ], [ -95.116230200124605, 18.37236589389444 ], [ -95.115811190887868, 18.37217654328483 ], [ -95.115061525502696, 18.371831549368274 ], [ -95.114197051871443, 18.371648649746625 ], [ -95.11365960698123, 18.371527145615595 ], [ -95.112997777427012, 18.371391676321238 ], [ -95.112709319913748, 18.371475277874627 ], [ -95.112190335498013, 18.371683536075746 ], [ -95.111729281207673, 18.371932849323457 ], [ -95.111614273940077, 18.372057080927352 ], [ -95.111558565402291, 18.372552521227618 ], [ -95.111270618221795, 18.372759927056553 ], [ -95.110579371638195, 18.373216429767993 ], [ -95.10988914464464, 18.373920542806669 ], [ -95.109488057085812, 18.374706132963116 ], [ -95.109377644254977, 18.375944622742441 ], [ -95.109323968550058, 18.376935287460636 ], [ -95.109211848529952, 18.377761087625601 ], [ -95.109099046317169, 18.37842181197146 ], [ -95.108813465648581, 18.379206975653421 ], [ -95.108756553076702, 18.379413530902688 ], [ -95.108412186645097, 18.379951291170123 ], [ -95.107894190165922, 18.380407144673537 ], [ -95.107259478542133, 18.380574535548678 ], [ -95.107028427582662, 18.380575377060122 ], [ -95.106565817686231, 18.380453252962226 ], [ -95.105929751648702, 18.380290489271651 ], [ -95.105698532208152, 18.380250060510186 ], [ -95.105467143797568, 18.380168362775269 ], [ -95.105119892626618, 18.380004547021624 ], [ -95.104945929276951, 18.37984010157189 ], [ -95.104711838080433, 18.379098104188198 ], [ -95.104652892996512, 18.378809433148259 ], [ -95.104418634640354, 18.378026167162091 ], [ -95.104301421520432, 18.377613899855731 ], [ -95.104068516975943, 18.377160783241699 ], [ -95.103894050395169, 18.376872531548457 ], [ -95.103662160881825, 18.376667026656975 ], [ -95.103546131910861, 18.37654363982254 ], [ -95.103313905649628, 18.376255597399329 ], [ -95.103197370823096, 18.376008404568548 ], [ -95.103423855185881, 18.37489331338368 ], [ -95.104545328493884, 18.369019159611966 ], [ -95.104620274636844, 18.368626577532186 ], [ -95.107042408145801, 18.3559374709954 ], [ -95.107416617094643, 18.355647211304277 ], [ -95.107790824839071, 18.355356950634707 ], [ -95.110964916125042, 18.354767489765937 ], [ -95.113500851679845, 18.351308631117877 ], [ -95.113571835852326, 18.351211810210554 ], [ -95.115099739193212, 18.349139483802222 ], [ -95.11503956567752, 18.348561929383244 ], [ -95.114979219232524, 18.347943105766721 ], [ -95.114976970811952, 18.347406605815472 ], [ -95.115148497026794, 18.346993268903489 ], [ -95.115551549202067, 18.346702879374146 ], [ -95.115897541168337, 18.34657778098833 ], [ -95.116241626157333, 18.345998719726772 ], [ -95.11647089911547, 18.345585165420971 ], [ -95.116757054802733, 18.344965048562194 ], [ -95.116927879194478, 18.344386631433867 ], [ -95.117099396648371, 18.343973291236484 ], [ -95.117185068170372, 18.343745986349862 ], [ -95.117270739414465, 18.34351868137863 ], [ -95.123520781104801, 18.342032037123371 ], [ -95.123617057929323, 18.342009134681156 ], [ -95.124662189927093, 18.343325840819805 ], [ -95.125125956609494, 18.343736792847192 ], [ -95.12587918687575, 18.344311731469762 ], [ -95.126573966936022, 18.344721807570917 ], [ -95.127210822497233, 18.34509083065975 ], [ -95.128077456763791, 18.34517008789441 ], [ -95.128769601288681, 18.344961110043954 ], [ -95.129348181998225, 18.345206536556688 ], [ -95.129467393223848, 18.346072764928987 ], [ -95.129412640460274, 18.346774571793478 ], [ -95.130170666951756, 18.348463785226254 ], [ -95.13036942559026, 18.348527495697571 ], [ -95.131443011035785, 18.348871653856438 ], [ -95.132137293590915, 18.349157905377613 ], [ -95.133178633911498, 18.34956664367752 ], [ -95.133814104972743, 18.349605490083281 ], [ -95.135141026534384, 18.349270254914462 ], [ -95.135949760384165, 18.349308431431353 ], [ -95.136472394698899, 18.349966763294812 ], [ -95.137226763437013, 18.350789289677945 ], [ -95.137522306203707, 18.352356449723267 ], [ -95.138330700306014, 18.352312078400775 ], [ -95.138966007516899, 18.352309639374354 ], [ -95.139094542490213, 18.355321923974685 ], [ -95.141575200380345, 18.354652049794794 ], [ -95.142268811946181, 18.354773189959186 ], [ -95.142904489377329, 18.354853280230412 ], [ -95.143943923925193, 18.35480799527344 ], [ -95.144583376217611, 18.355754760229079 ], [ -95.145107320775054, 18.356701971135593 ], [ -95.146494211316025, 18.356861686067397 ], [ -95.147128819866495, 18.356694140421478 ], [ -95.147881467164268, 18.357103932569405 ], [ -95.148403088298281, 18.357514620038064 ], [ -95.149038240684149, 18.357470880119429 ], [ -95.149498493790858, 18.357056376065056 ], [ -95.150017949136327, 18.356971811248396 ], [ -95.151004082203826, 18.35534078925587 ], [ -95.15096978771345, 18.355981349046139 ], [ -95.150935492491698, 18.356621908750274 ], [ -95.151101674239825, 18.357408546247214 ], [ -95.151039445464448, 18.357945559167721 ], [ -95.151034849217424, 18.358482969333991 ], [ -95.15097049746025, 18.359268017498895 ], [ -95.151023533821458, 18.35980582500499 ], [ -95.151190069761583, 18.360551123616339 ], [ -95.151067020701731, 18.361459791881487 ], [ -95.151121471559506, 18.361832242509518 ], [ -95.151059238481253, 18.362369254962132 ], [ -95.151058000304218, 18.362513942262844 ], [ -95.151056762100694, 18.362658629561381 ], [ -95.150995589455192, 18.363071624195392 ], [ -95.151105552004253, 18.363692507863213 ], [ -95.151274919120283, 18.364107093066696 ], [ -95.151268904259155, 18.364809859993933 ], [ -95.151260411626481, 18.365802001454362 ], [ -95.151372498220496, 18.366174849953058 ], [ -95.15137072880529, 18.366381546097003 ], [ -95.151307784132271, 18.367001236721066 ], [ -95.151473614151513, 18.367829214603031 ], [ -95.15147078258893, 18.36815992841904 ], [ -95.151525941453301, 18.368449700821223 ], [ -95.151636967364624, 18.368946567197504 ], [ -95.151574020839945, 18.369566257784573 ], [ -95.151569418656891, 18.370103667705497 ], [ -95.151564816108319, 18.370641077597572 ], [ -95.151619621030008, 18.370972189311264 ], [ -95.151673717905879, 18.371385979486423 ], [ -95.151670885295118, 18.371716693269427 ], [ -95.151667344336957, 18.372130085482912 ], [ -95.151950576798825, 18.372710824499965 ], [ -95.152177234724235, 18.37316714779309 ], [ -95.15229038705418, 18.373415979036277 ], [ -95.152401769584415, 18.373871506507182 ], [ -95.152454451761855, 18.37445065386558 ], [ -95.152566896946141, 18.374782163649126 ], [ -95.15261639288623, 18.375733364333037 ], [ -95.152610019435997, 18.376477470814873 ], [ -95.152665534220489, 18.376725904279787 ], [ -95.15271786212196, 18.37734639100206 ], [ -95.152829246274706, 18.377801918748823 ], [ -95.152470546706411, 18.377776174085191 ], [ -95.152211619281061, 18.377727029737038 ], [ -95.151936757860284, 18.377662764029875 ], [ -95.151873021878671, 18.377908485722081 ], [ -95.151833186890116, 18.378150426738507 ], [ -95.151813269395859, 18.378294079056403 ], [ -95.151757500411932, 18.378426390295999 ], [ -95.151701731428005, 18.378638088068112 ], [ -95.151653929441778, 18.378789300603373 ], [ -95.151633677719403, 18.378880919074582 ], [ -95.150633408093867, 18.378811461877557 ], [ -95.149535551187782, 18.37864939497582 ], [ -95.147998551519237, 18.378579937685522 ], [ -95.147095869174223, 18.378487327921665 ], [ -95.145778440886943, 18.378325260715254 ], [ -95.144582996700294, 18.378255803294469 ], [ -95.143387552513673, 18.378140040864263 ], [ -95.142411679708246, 18.37804743086426 ], [ -95.142167711506886, 18.378950376243122 ], [ -95.142021330586047, 18.379621794100967 ], [ -95.141826156024948, 18.380246904929063 ], [ -95.141313822802061, 18.381566575901964 ], [ -95.141045457780521, 18.382538958576841 ], [ -95.140943764577216, 18.382904857934125 ], [ -95.140868568898696, 18.383098545058118 ], [ -95.140718177541686, 18.383485918653424 ], [ -95.140471106026624, 18.383557276852354 ], [ -95.140084385394331, 18.383526694770683 ], [ -95.139611726843782, 18.383516500742235 ], [ -95.139300201889981, 18.383496112683556 ], [ -95.138838285579212, 18.383445142526362 ], [ -95.138483791666303, 18.383302426006136 ], [ -95.138064844314655, 18.383271843879253 ], [ -95.137570701284517, 18.383210679609267 ], [ -95.137130269453309, 18.383098545057955 ], [ -95.136700579861881, 18.382976216373287 ], [ -95.136346085948972, 18.382884469802871 ], [ -95.135985384698088, 18.382805959797579 ], [ -95.135320651822482, 18.382793086082398 ], [ -95.134927238487961, 18.382780212366281 ], [ -95.134547391130482, 18.382728717492352 ], [ -95.134086147910665, 18.382599980240151 ], [ -95.133828394346665, 18.382381126690781 ], [ -95.133448546989186, 18.381994913867175 ], [ -95.133082265608763, 18.381647321586247 ], [ -95.132661720320115, 18.381441340644731 ], [ -95.132295438939693, 18.381364097728152 ], [ -95.131915591582214, 18.381325476256944 ], [ -95.131277990660706, 18.381273980948418 ], [ -95.130694653647424, 18.38127398094845 ], [ -95.130382636175199, 18.381312602431223 ], [ -95.130097750657072, 18.381376971549919 ], [ -95.129853563070142, 18.381389845370716 ], [ -95.12962063049109, 18.381344138097496 ], [ -95.129446583758551, 18.381261107118803 ], [ -95.129243094102748, 18.381183864121578 ], [ -95.129075775518999, 18.381122090520286 ], [ -95.128862316333311, 18.381101043607615 ], [ -95.128578361227127, 18.381145242609914 ], [ -95.128317872528271, 18.381325774681098 ], [ -95.1282279567953, 18.381431360839635 ], [ -95.128123783879985, 18.381510208952314 ], [ -95.127943495439723, 18.381561993595732 ], [ -95.127750836626873, 18.381570078761793 ], [ -95.12750664903993, 18.381647321586051 ], [ -95.127316725361155, 18.381737438170575 ], [ -95.127045405820112, 18.381879049851143 ], [ -95.126828350187253, 18.382046408960004 ], [ -95.126656724122896, 18.382251091394455 ], [ -95.126521378821096, 18.382416853937976 ], [ -95.126423681850227, 18.382519545438978 ], [ -95.126177183288689, 18.382664348877878 ], [ -95.125987259609929, 18.382702970049127 ], [ -95.125851599839407, 18.382702970049174 ], [ -95.125715940068858, 18.382638601425455 ], [ -95.125512450413069, 18.382535611577563 ], [ -95.125336092711393, 18.382445495410213 ], [ -95.125159735009717, 18.38226526293408 ], [ -95.125037641216238, 18.382149399100015 ], [ -95.124929113399816, 18.38199491386677 ], [ -95.124861283514548, 18.381904797416805 ], [ -95.124839011747653, 18.381825830955847 ], [ -95.12480903241115, 18.381754706757484 ], [ -95.124771558240539, 18.381712032224435 ], [ -95.124711599567505, 18.381704919801233 ], [ -95.124636651226254, 18.381726257069925 ], [ -95.124524228714378, 18.381776044020029 ], [ -95.124419301036596, 18.381832943373997 ], [ -95.124269404354081, 18.381896955124844 ], [ -95.124029569662071, 18.381832943373997 ], [ -95.123859740338716, 18.381711548422867 ], [ -95.123693604682856, 18.381617866706026 ] ] ] } },
{ "type": "Feature", "properties": { "ID": 650.0, "ENTIDAD": 30, "DISTRITO_F": 19, "DISTRITO_L": 25, "MUNICIPIO": 34, "SECCION": 653, "TIPO": 4, "CONTROL": 1714.0, "GEOMETRY1_": null, "SEC": 653, "distrito": 75, "municipio": 102, "seccion": 1959, "listaNominal": 1460, "rppv": 36, "boletaSobrante": 590, "noElectoresVotaron": 884, "rppvotaron": 22, "sumaCyD": 0, "boetasExtraidasUrna": 0, "pan": 47, "pri": 0, "verde": 191, "pt": 168, "mc": 121, "morena": 307, "verde-morena": 28, "CNR": 0, "VN": 44, "sumaTotal": 906, "VOTO_4T_25": 694.0, "VOTO_OPO_25": 47.0, "VOTO_MC_25": 121.0, "VOTO_4T_21": 668.0, "VOTO_OPO_21": 177.0, "VOTO_MC_21": 22.0, "GANADOR_21": "4T", "GANADOR_25": "4T" }, "geometry": { "type": "Polygon", "coordinates": [ [ [ -95.120509394481189, 18.39183103641879 ], [ -95.120578995613158, 18.392332383469277 ], [ -95.120892629376328, 18.394597452222953 ], [ -95.12089400640906, 18.394927606904762 ], [ -95.120722421985988, 18.395340941140443 ], [ -95.120608261178617, 18.395671522879105 ], [ -95.120263712644089, 18.396168035510733 ], [ -95.120034012429443, 18.396499043368728 ], [ -95.120282267897906, 18.400625119574272 ], [ -95.120228446017535, 18.401574526294613 ], [ -95.119825767530841, 18.401988710007146 ], [ -95.119540171578123, 18.402773890181489 ], [ -95.119715370383148, 18.403227213590643 ], [ -95.119947998191932, 18.403597785615307 ], [ -95.119776741681605, 18.404093655205227 ], [ -95.119489255537857, 18.404424872810672 ], [ -95.1191446816065, 18.404921379225964 ], [ -95.11908964915969, 18.40558189932964 ], [ -95.118746097665635, 18.406326019567331 ], [ -95.11863140869859, 18.406532790176271 ], [ -95.119095126031951, 18.406902514400574 ], [ -95.119385699303905, 18.407314144528694 ], [ -95.119328953777867, 18.407561972339668 ], [ -95.118867799915108, 18.407811286395386 ], [ -95.118521848278519, 18.407977636439437 ], [ -95.118292124829807, 18.408308638341492 ], [ -95.11869807241257, 18.408678576261817 ], [ -95.118815327729521, 18.409090843910867 ], [ -95.118932070536431, 18.409379303965302 ], [ -95.119163847044376, 18.409543531924331 ], [ -95.119800207954825, 18.409747542316484 ], [ -95.120263593118764, 18.410034727122923 ], [ -95.12043811235786, 18.410322974246263 ], [ -95.120555886231813, 18.410859049547881 ], [ -95.120500510117537, 18.411437031862327 ], [ -95.120387187976078, 18.411973957284907 ], [ -95.120100884300626, 18.412594058110191 ], [ -95.119814065211941, 18.413090350399379 ], [ -95.11958450605141, 18.413462622151961 ], [ -95.119296829487155, 18.413752567052871 ], [ -95.118893261136733, 18.413960396766765 ], [ -95.118546784027004, 18.414002936980509 ], [ -95.118663528009549, 18.414291397617706 ], [ -95.118607289074788, 18.414663031976417 ], [ -95.117515018369062, 18.415987664231537 ], [ -95.116707696409605, 18.416362043125424 ], [ -95.115784311120308, 18.416613032358935 ], [ -95.115033571382313, 18.41669830901413 ], [ -95.11418281549804, 18.416844495632262 ], [ -95.11405206919099, 18.416866961586546 ], [ -95.113590374732794, 18.416992449736217 ], [ -95.112897070994151, 18.416994969481671 ], [ -95.112262050006635, 18.417121083684734 ], [ -95.111783514804713, 18.417191224241279 ], [ -95.111684634949071, 18.417205717240421 ], [ -95.111222095262065, 18.417124854898333 ], [ -95.11093271309386, 18.417002094943385 ], [ -95.110470511813602, 18.417003768554263 ], [ -95.109834143276757, 18.41679972399492 ], [ -95.109371101443671, 18.416595051190043 ], [ -95.108619859333658, 18.416556495624459 ], [ -95.107984671819651, 18.416641326489895 ], [ -95.107369399556418, 18.4166643294189 ], [ -95.106744830406157, 18.416739812638891 ], [ -95.106290219151589, 18.416671802196742 ], [ -95.105557627926601, 18.416526257633464 ], [ -95.104920266511201, 18.416074586501534 ], [ -95.104456231566104, 18.41562229176899 ], [ -95.104281069772554, 18.4151689597877 ], [ -95.103932252492854, 18.414633712631147 ], [ -95.103642380420936, 18.41438713766733 ], [ -95.10306368897713, 18.414318827872812 ], [ -95.102672296297087, 18.41438995310952 ], [ -95.102411930616825, 18.414535017572351 ], [ -95.102157534665963, 18.414783118434009 ], [ -95.101978457859374, 18.415001100475582 ], [ -95.101816851935141, 18.415179858885818 ], [ -95.101654531873592, 18.415390268312375 ], [ -95.101432934994534, 18.415654874706668 ], [ -95.101277297335727, 18.415936669190778 ], [ -95.101096433269348, 18.41623377793799 ], [ -95.100932683259899, 18.416507488757336 ], [ -95.100582097673339, 18.416975270535048 ], [ -95.100290927382545, 18.41719886250333 ], [ -95.099999399278374, 18.417438279453908 ], [ -95.099701723440674, 18.417582571944717 ], [ -95.09923393022568, 18.417731282221261 ], [ -95.09886811297423, 18.417771258121796 ], [ -95.098519232273802, 18.417795748729514 ], [ -95.098007059187225, 18.417706049626986 ], [ -95.097479379573102, 18.417568531577803 ], [ -95.096930833329864, 18.417620577287959 ], [ -95.096446459711217, 18.417768939078474 ], [ -95.095940501551482, 18.418138515212078 ], [ -95.095536520085361, 18.418399358771488 ], [ -95.09533005965595, 18.418727598695035 ], [ -95.095123240788624, 18.419071663718107 ], [ -95.094982023532765, 18.419448744631396 ], [ -95.094590683035065, 18.419884006797044 ], [ -95.093837811006296, 18.420169327249827 ], [ -95.093496920133418, 18.420573959734728 ], [ -95.092971863613485, 18.421053961708331 ], [ -95.092608305784381, 18.421727282602408 ], [ -95.09259148617798, 18.422471077661271 ], [ -95.09282336198433, 18.423219996586674 ], [ -95.093105336537946, 18.423954114852545 ], [ -95.092924865260059, 18.424599541651943 ], [ -95.0927952057352, 18.425198516596609 ], [ -95.092662323472666, 18.425939920051341 ], [ -95.092683313482326, 18.426478667680009 ], [ -95.092666131583812, 18.427238287853825 ], [ -95.092486819497651, 18.427632768396048 ], [ -95.092026071422168, 18.428005803385254 ], [ -95.091449765803802, 18.428379242121821 ], [ -95.0911039159745, 18.428586797119145 ], [ -95.090469012717932, 18.428754095055265 ], [ -95.09012201929508, 18.428672772669184 ], [ -95.089658492553099, 18.428344246617865 ], [ -95.089426729884153, 18.428179983286199 ], [ -95.08896402043456, 18.428057795216628 ], [ -95.088502776858761, 18.42830701651982 ], [ -95.088099309759315, 18.428556034880561 ], [ -95.087696166696105, 18.428887587724244 ], [ -95.087524458451483, 18.429300869677583 ], [ -95.087584673622473, 18.42991968495225 ], [ -95.087181526065109, 18.430251235883809 ], [ -95.086662171604033, 18.430418116777407 ], [ -95.086259507644229, 18.430873468322734 ], [ -95.086086983004463, 18.431080409369102 ], [ -95.085682696383856, 18.431123082222911 ], [ -95.085277762285187, 18.431000683494229 ], [ -95.084700949750427, 18.43125029405244 ], [ -95.08458733317886, 18.431745906410423 ], [ -95.084473715675784, 18.432241518558513 ], [ -95.084185630062976, 18.432448857598946 ], [ -95.083550709830519, 18.432616128350794 ], [ -95.083090415046939, 18.433112938035553 ], [ -95.082744386448937, 18.433279206466015 ], [ -95.08234106145926, 18.433569476253176 ], [ -95.081591704258358, 18.434026010743434 ], [ -95.081303291128151, 18.434150809186917 ], [ -95.081188697272225, 18.434398812327501 ], [ -95.081248244457043, 18.434852555531634 ], [ -95.081134613876642, 18.435348163376862 ], [ -95.080903817079061, 18.435431494239158 ], [ -95.080789221467739, 18.435679496845918 ], [ -95.080673983346784, 18.435762429502542 ], [ -95.080559226619599, 18.435969164412498 ], [ -95.080502891203864, 18.436340770212457 ], [ -95.080619734700889, 18.436670512243214 ], [ -95.080678638015868, 18.436959185610689 ], [ -95.080853583195037, 18.437371263768465 ], [ -95.080913128900875, 18.437825006996594 ], [ -95.080857274174519, 18.438320415237531 ], [ -95.081031739091699, 18.438608691141205 ], [ -95.081552567634063, 18.438813238792044 ], [ -95.081957836065101, 18.439018183351795 ], [ -95.082247383076606, 18.439182257975407 ], [ -95.082364070190678, 18.439470732317741 ], [ -95.082364552465307, 18.439594534865602 ], [ -95.082539021045918, 18.439882810058943 ], [ -95.082599535437282, 18.440584158793087 ], [ -95.082427155678104, 18.440832361220991 ], [ -95.082024452379088, 18.441287696742489 ], [ -95.081736507728706, 18.441536296012661 ], [ -95.081218397740287, 18.442033294139989 ], [ -95.080816169036012, 18.44261242823849 ], [ -95.080568570138226, 18.442936624619808 ], [ -95.080281016407156, 18.443218872554219 ], [ -95.079833056869575, 18.443686619402374 ], [ -95.078969545754717, 18.443237780460525 ], [ -95.078389809997987, 18.442744550229417 ], [ -95.077925800455759, 18.442292190957932 ], [ -95.077636573287265, 18.442210644147785 ], [ -95.077117176494184, 18.442377490210212 ], [ -95.07671429776714, 18.442791543810049 ], [ -95.076542862878441, 18.443287342327881 ], [ -95.076661132939535, 18.443988491359953 ], [ -95.076722416773194, 18.444896173811021 ], [ -95.076609238450033, 18.445515576604514 ], [ -95.07637874400946, 18.445681433391261 ], [ -95.075802029460249, 18.445972272132234 ], [ -95.075398820439105, 18.446303786270594 ], [ -95.075228645940612, 18.447129719533201 ], [ -95.075057834613389, 18.447790583605425 ], [ -95.074770661877679, 18.448245504004717 ], [ -95.074368712266349, 18.448907151608179 ], [ -95.074080743942829, 18.449155734621002 ], [ -95.073850558586102, 18.449404121133828 ], [ -95.073505121134659, 18.449735433040072 ], [ -95.07356511899097, 18.45031297660654 ], [ -95.073567174487167, 18.450849448846323 ], [ -95.073395402254747, 18.451262706827194 ], [ -95.07299043783155, 18.451140274766324 ], [ -95.072643732004124, 18.451141447673223 ], [ -95.072240346369568, 18.451431684503547 ], [ -95.072010785835573, 18.45184513575775 ], [ -95.071835698227531, 18.451391784080897 ], [ -95.071892063408214, 18.451020185724399 ], [ -95.071833175407747, 18.450731511795794 ], [ -95.071485209900899, 18.450402546698168 ], [ -95.071138033485425, 18.450279916149164 ], [ -95.070906740373616, 18.450239429125702 ], [ -95.071194714426696, 18.449990852167254 ], [ -95.07148316062144, 18.449866075628538 ], [ -95.071538736937626, 18.449288142329785 ], [ -95.071305553129292, 18.448752452011458 ], [ -95.070899336036504, 18.448299880945736 ], [ -95.070666627745268, 18.447887991347166 ], [ -95.070433920424861, 18.447476101656182 ], [ -95.070317409632679, 18.447228889812884 ], [ -95.069854832280683, 18.447147915076801 ], [ -95.069392570150058, 18.447149473134829 ], [ -95.069103027578436, 18.446985378704309 ], [ -95.068868753262691, 18.44616081896088 ], [ -95.068461762723587, 18.445501910465989 ], [ -95.068112556860243, 18.444842807211074 ], [ -95.067995422420196, 18.444430527360655 ], [ -95.067705257594469, 18.444101364424302 ], [ -95.067242847801296, 18.444061651910271 ], [ -95.066838847245833, 18.444186811492937 ], [ -95.066665345694432, 18.444146126873335 ], [ -95.066204189765145, 18.444436546170348 ], [ -95.065916064439023, 18.444643849244468 ], [ -95.065455062554292, 18.444975532971966 ], [ -95.065109310039972, 18.44522429480568 ], [ -95.064704993480518, 18.445266915569189 ], [ -95.064358302557679, 18.445268075470224 ], [ -95.064069237458398, 18.445227774873125 ], [ -95.063663673066955, 18.444940259942591 ], [ -95.063489392262028, 18.444693239054885 ], [ -95.062565043455905, 18.444737591963012 ], [ -95.06094949254161, 18.445361980345805 ], [ -95.061468128110477, 18.444988850474022 ], [ -95.06054176069793, 18.444496728065797 ], [ -95.060135739619668, 18.444085407396834 ], [ -95.059614003387665, 18.443633203561102 ], [ -95.059034644151296, 18.443222457035443 ], [ -95.058571933285222, 18.443100191196915 ], [ -95.058340965236653, 18.443142224021241 ], [ -95.058166384785892, 18.442812667074843 ], [ -95.057758671573779, 18.44194741236311 ], [ -95.057583938376396, 18.441576588862588 ], [ -95.057351271108516, 18.441164690302791 ], [ -95.05706051570408, 18.440670450174679 ], [ -95.056943564555269, 18.440299435216986 ], [ -95.056883465518965, 18.439680630595692 ], [ -95.056823211806105, 18.439020559610682 ], [ -95.056763267381356, 18.438443021446538 ], [ -95.056529677140801, 18.437783524621246 ], [ -95.056354485332619, 18.437288902010103 ], [ -95.056179448880357, 18.436835545779108 ], [ -95.055947871354277, 18.436712511712766 ], [ -95.055656661767756, 18.436094472356164 ], [ -95.05542384982644, 18.435641307151965 ], [ -95.055075174366209, 18.435105991364399 ], [ -95.054610482595365, 18.43444725832623 ], [ -95.054088325277149, 18.433871248211386 ], [ -95.053624873436647, 18.433542644187657 ], [ -95.053162193740079, 18.433420370607401 ], [ -95.05281506906185, 18.433297715082251 ], [ -95.052467944991491, 18.433175059011255 ], [ -95.052061814089612, 18.4327224630409 ], [ -95.051309947290122, 18.432518604469461 ], [ -95.049980623620797, 18.432399173148298 ], [ -95.048998115735571, 18.432319862922689 ], [ -95.048305562509469, 18.432528464397581 ], [ -95.047613771810163, 18.432943393054302 ], [ -95.047383276025826, 18.433109212566077 ], [ -95.047094697899723, 18.433192688490013 ], [ -95.045708819762069, 18.433403542814972 ], [ -95.045189894773827, 18.433694098128885 ], [ -95.044785761749011, 18.433777946349363 ], [ -95.043860271696929, 18.433492091194811 ], [ -95.042992258745102, 18.433123512998794 ], [ -95.04224101427485, 18.433084683126939 ], [ -95.041778652252958, 18.433044914927006 ], [ -95.041200586950211, 18.432964253850603 ], [ -95.040564368724645, 18.432780613642375 ], [ -95.039928152258156, 18.432596971545557 ], [ -95.039406660012347, 18.432185993663168 ], [ -95.038886375930943, 18.432105139788462 ], [ -95.038077514899754, 18.432107746258581 ], [ -95.037153704218525, 18.432275783022863 ], [ -95.036402619607145, 18.432278196402251 ], [ -95.035883238130296, 18.432444927410241 ], [ -95.035306978950899, 18.43285943475685 ], [ -95.034442734830535, 18.433522456898228 ], [ -95.033924693289734, 18.434060570017916 ], [ -95.033637305784126, 18.434474146928135 ], [ -95.032771854752482, 18.434807035864367 ], [ -95.032310984895361, 18.435179897273315 ], [ -95.031964921845301, 18.43534606274708 ], [ -95.031677081106807, 18.43563583946592 ], [ -95.031562569292845, 18.435925064181241 ], [ -95.03150538757221, 18.436090309124882 ], [ -95.030640222668325, 18.436505716432922 ], [ -95.029947049924132, 18.436549182365667 ], [ -95.027288584737548, 18.436351269275058 ], [ -95.026769334087433, 18.436559236271929 ], [ -95.026423412217625, 18.436766655102542 ], [ -95.025904159658339, 18.436974619281422 ], [ -95.02515350510636, 18.437100779052255 ], [ -95.024864474889441, 18.437060422762709 ], [ -95.024575150858155, 18.436937536112239 ], [ -95.024227609987662, 18.436691035750396 ], [ -95.023937846509156, 18.436444353488486 ], [ -95.023763783225732, 18.436238573077389 ], [ -95.023531503706863, 18.435909179158372 ], [ -95.023299078222166, 18.435538520193333 ], [ -95.023124723006603, 18.435250209670635 ], [ -95.023008144089658, 18.434961717837094 ], [ -95.022949341158807, 18.434673044744574 ], [ -95.022947286568751, 18.434095336033714 ], [ -95.023061369473439, 18.433682324254821 ], [ -95.023174717287603, 18.433062987680742 ], [ -95.023245671939819, 18.432788762710786 ], [ -95.023345691847467, 18.432402204405111 ], [ -95.023439344745995, 18.431890462252458 ], [ -95.023459036876034, 18.431782867244614 ], [ -95.023400380144622, 18.431535459218441 ], [ -95.023168546775324, 18.431329860842695 ], [ -95.022821311878317, 18.431165890129744 ], [ -95.022474077742501, 18.431001918901956 ], [ -95.022184912202974, 18.430920295665331 ], [ -95.021779905065941, 18.430756504636431 ], [ -95.021258324618813, 18.430304221014509 ], [ -95.020968282196478, 18.429975007245474 ], [ -95.020619734818581, 18.429439650014807 ], [ -95.020445095828322, 18.429068809271538 ], [ -95.020270311064294, 18.428656703691875 ], [ -95.020269579067261, 18.428450379657718 ], [ -95.020210341638347, 18.428037912435776 ], [ -95.020497889706604, 18.427665624608601 ], [ -95.020669157512685, 18.427087374057397 ], [ -95.020782944229779, 18.426591833906286 ], [ -95.020781184666433, 18.42609665586744 ], [ -95.020836757272832, 18.425477502102083 ], [ -95.020834850189871, 18.424941059149386 ], [ -95.020718132094785, 18.424611302873377 ], [ -95.02066021324373, 18.424570219247503 ], [ -95.020138358561638, 18.424035406785769 ], [ -95.020193784601034, 18.42337498859953 ], [ -95.020134399936694, 18.422921256733421 ], [ -95.020190118117142, 18.42234336807028 ], [ -95.020188651176355, 18.421930719837132 ], [ -95.020244221420683, 18.421311566188955 ], [ -95.02024246030652, 18.420816388240048 ], [ -95.020241139283414, 18.420445004766737 ], [ -95.020066359508149, 18.420032900464204 ], [ -95.020007855127432, 18.419826757655784 ], [ -95.01977530590915, 18.419414834612077 ], [ -95.019485134125816, 18.419044357488854 ], [ -95.019253026871937, 18.418756228590478 ], [ -95.019020187360255, 18.418261775632722 ], [ -95.018903035053469, 18.417808225238026 ], [ -95.018958605429034, 18.417189072387373 ], [ -95.019244958937207, 18.416486664837258 ], [ -95.019590547250615, 18.416196723103862 ], [ -95.019993756676868, 18.415865334135752 ], [ -95.020223069195353, 18.415369429636971 ], [ -95.020336842397128, 18.414873888068666 ], [ -95.020276573030472, 18.414172567312995 ], [ -95.020159123595818, 18.413636487751898 ], [ -95.020099737049804, 18.413182756175594 ], [ -95.020041674560105, 18.413100408233358 ], [ -95.019866752015929, 18.412647040168196 ], [ -95.019750480531826, 18.412441079402548 ], [ -95.019633032860838, 18.411904999974553 ], [ -95.019631562146714, 18.411492351663231 ], [ -95.019572764929805, 18.411203679568011 ], [ -95.019687123195339, 18.41087319740512 ], [ -95.019398285771828, 18.410874106069645 ], [ -95.018936293022662, 18.410916823817278 ], [ -95.018473859777444, 18.410835746047319 ], [ -95.018125494229437, 18.410341656972964 ], [ -95.017546795710558, 18.410054616227914 ], [ -95.016967659794773, 18.409643779916415 ], [ -95.016735713270663, 18.409396915620398 ], [ -95.016676042095384, 18.408860655385649 ], [ -95.016847436765161, 18.408323671034406 ], [ -95.016960623882753, 18.407663073278496 ], [ -95.016959157491883, 18.407250426026827 ], [ -95.0168409857759, 18.406508023348319 ], [ -95.01672398768487, 18.406095738500269 ], [ -95.016433106879134, 18.40551893826126 ], [ -95.016142520839352, 18.405024667310798 ], [ -95.016025671329373, 18.404653647182432 ], [ -95.016139295983621, 18.404116843962711 ], [ -95.016310684432938, 18.403579859317215 ], [ -95.016597013753611, 18.402877452771968 ], [ -95.016825869562879, 18.402257756247508 ], [ -95.016884378807632, 18.402031588999275 ], [ -95.016996812155881, 18.401596975909641 ], [ -95.01687790433887, 18.400648249912351 ], [ -95.016240152686635, 18.399990010655952 ], [ -95.015661196230127, 18.399620441713299 ], [ -95.015486439029743, 18.399208338576575 ], [ -95.015311682492651, 18.398796235423493 ], [ -95.015425888496807, 18.398424490812015 ], [ -95.015423834301956, 18.397846785211254 ], [ -95.01548027628138, 18.397475221691561 ], [ -95.015536717854474, 18.397103658097915 ], [ -95.015476753137591, 18.396484869088951 ], [ -95.015359613474999, 18.39603132028908 ], [ -95.014894874580619, 18.395290006857916 ], [ -95.014604451256346, 18.394837001912016 ], [ -95.014199092502551, 18.394549417697878 ], [ -95.013735534073135, 18.394138220022931 ], [ -95.013587874633387, 18.392768785080424 ], [ -95.013317431015651, 18.390260613370671 ], [ -95.013489684990716, 18.389971217492356 ], [ -95.013661204691502, 18.389475498172146 ], [ -95.013890042498716, 18.388855803161501 ], [ -95.014176490904248, 18.388194661345562 ], [ -95.014464259755485, 18.387904900722695 ], [ -95.014810963734021, 18.387945075239887 ], [ -95.015330652237523, 18.3879021740997 ], [ -95.01561900807171, 18.387777470163755 ], [ -95.015849014696528, 18.3874878888479 ], [ -95.016193801921503, 18.38699161893064 ], [ -95.016366047215783, 18.386702218824627 ], [ -95.016595165436769, 18.386165047416348 ], [ -95.01665026718922, 18.385422098980982 ], [ -95.016591032011107, 18.385009633657738 ], [ -95.016531501598124, 18.38451463880109 ], [ -95.018607696944656, 18.383641495464758 ], [ -95.011810674514933, 18.380766007480453 ], [ -95.011781903749323, 18.380753835307214 ], [ -95.001426945679071, 18.376061260002142 ], [ -94.999407261277042, 18.376562662364218 ], [ -95.000154694266627, 18.370730584326495 ], [ -95.00055303197577, 18.367622134068611 ], [ -95.003173175054343, 18.347170563839615 ], [ -95.004037154789529, 18.346548884871293 ], [ -95.004903036577545, 18.346463637652928 ], [ -95.00542230125518, 18.346338211427568 ], [ -95.006114947522107, 18.346253502887084 ], [ -95.006922641971713, 18.346044634316257 ], [ -95.007961462618084, 18.345876297229996 ], [ -95.008768268330783, 18.345419832719678 ], [ -95.009400800519927, 18.344675060451365 ], [ -95.009674200010068, 18.344426604133098 ], [ -95.009947598723045, 18.344178147266248 ], [ -95.010494393817567, 18.343681231886894 ], [ -95.011299996121352, 18.342894635916014 ], [ -95.012278376956118, 18.341983689324657 ], [ -95.013026666279316, 18.341321061074769 ], [ -95.013890288060139, 18.340616795037779 ], [ -95.014869688831766, 18.339994683772545 ], [ -95.015849681969726, 18.339537625631667 ], [ -95.016368923154957, 18.339412163910694 ], [ -95.016888163865517, 18.33928670062479 ], [ -95.017779240131233, 18.339142244678065 ], [ -95.024783196715106, 18.338006646030728 ], [ -95.025198383028396, 18.337939320212005 ], [ -95.025556950422768, 18.338050130865163 ], [ -95.025915518402513, 18.338160940927448 ], [ -95.034957519289577, 18.340954980708997 ], [ -95.038148192439436, 18.341940803253269 ], [ -95.055309434127963, 18.344647933830043 ], [ -95.060904602969231, 18.346974890290923 ], [ -95.061290520950479, 18.347135380676285 ], [ -95.061903422473307, 18.347390263863712 ], [ -95.06323196873268, 18.347468223838348 ], [ -95.063808654921075, 18.347259897358018 ], [ -95.06426968132422, 18.347010700698217 ], [ -95.064634921892392, 18.346747707805967 ], [ -95.064787972317674, 18.346637501982471 ], [ -95.065538868224053, 18.346676172883257 ], [ -95.065827773839729, 18.346716440659375 ], [ -95.066347191198588, 18.346632106615697 ], [ -95.067098088703233, 18.346670771408988 ], [ -95.067560403819741, 18.34675170282383 ], [ -95.067963999827413, 18.346585230696036 ], [ -95.068541003996344, 18.346459422600617 ], [ -95.068828128779842, 18.346045746508786 ], [ -95.069174297739693, 18.345962006581647 ], [ -95.069520466486381, 18.345878265959584 ], [ -95.069982944212583, 18.346000458560646 ], [ -95.070273799419979, 18.346535926895189 ], [ -95.070449644650793, 18.347195599559303 ], [ -95.07004718409425, 18.347650947997607 ], [ -95.069817807974928, 18.348064424903622 ], [ -95.070804909426215, 18.34942282549893 ], [ -95.071266747904275, 18.349379947638578 ], [ -95.071729074039794, 18.349460870608581 ], [ -95.072077038736452, 18.349831067251621 ], [ -95.072482267263183, 18.350077259733965 ], [ -95.073003486542746, 18.350446850032093 ], [ -95.073580992500311, 18.350444830617775 ], [ -95.074101726533257, 18.350690616238452 ], [ -95.07462148322, 18.350688795972118 ], [ -95.075200624067307, 18.351099446584847 ], [ -95.075780094657546, 18.351592630939916 ], [ -95.076069177320761, 18.35167415261613 ], [ -95.076818960930368, 18.351423910600754 ], [ -95.077743962910148, 18.351668266620159 ], [ -95.078669296530364, 18.351995153874423 ], [ -95.079477981358977, 18.352033571066752 ], [ -95.080343596400567, 18.351865442388331 ], [ -95.080978204565227, 18.351698126399395 ], [ -95.082075813249816, 18.351776778909887 ], [ -95.082480899388855, 18.35198168572969 ], [ -95.083289918706598, 18.352102622488065 ], [ -95.084098443731634, 18.352099752408257 ], [ -95.084445616478561, 18.352263592844658 ], [ -95.084620857908178, 18.352758191751533 ], [ -95.086593725676039, 18.352971466980549 ], [ -95.094706946393373, 18.353848323611714 ], [ -95.106057002691486, 18.355074425271422 ], [ -95.106549704168955, 18.355505948551841 ], [ -95.107042408145801, 18.3559374709954 ], [ -95.104620274636844, 18.368626577532186 ], [ -95.104545328493884, 18.369019159611966 ], [ -95.103423855185881, 18.37489331338368 ], [ -95.103197370823096, 18.376008404568548 ], [ -95.103313905649628, 18.376255597399329 ], [ -95.103546131910861, 18.37654363982254 ], [ -95.103662160881825, 18.376667026656975 ], [ -95.103894050395169, 18.376872531548457 ], [ -95.104068516975943, 18.377160783241699 ], [ -95.104301421520432, 18.377613899855731 ], [ -95.104418634640354, 18.378026167162091 ], [ -95.104652892996512, 18.378809433148259 ], [ -95.104711838080433, 18.379098104188198 ], [ -95.104945929276951, 18.37984010157189 ], [ -95.105119892626618, 18.380004547021624 ], [ -95.105467143797568, 18.380168362775269 ], [ -95.105698532208152, 18.380250060510186 ], [ -95.105929751648702, 18.380290489271651 ], [ -95.106565817686231, 18.380453252962226 ], [ -95.107028427582662, 18.380575377060122 ], [ -95.107259478542133, 18.380574535548678 ], [ -95.107894190165922, 18.380407144673537 ], [ -95.108412186645097, 18.379951291170123 ], [ -95.108756553076702, 18.379413530902688 ], [ -95.108813465648581, 18.379206975653421 ], [ -95.109099046317169, 18.37842181197146 ], [ -95.109211848529952, 18.377761087625601 ], [ -95.109323968550058, 18.376935287460636 ], [ -95.109377644254977, 18.375944622742441 ], [ -95.109488057085812, 18.374706132963116 ], [ -95.10988914464464, 18.373920542806669 ], [ -95.110579371638195, 18.373216429767993 ], [ -95.111270618221795, 18.372759927056553 ], [ -95.111558565402291, 18.372552521227618 ], [ -95.111614273940077, 18.372057080927352 ], [ -95.111729281207673, 18.371932849323457 ], [ -95.112190335498013, 18.371683536075746 ], [ -95.112709319913748, 18.371475277874627 ], [ -95.112997777427012, 18.371391676321238 ], [ -95.11365960698123, 18.371527145615595 ], [ -95.114197051871443, 18.371648649746625 ], [ -95.115061525502696, 18.371831549368274 ], [ -95.115811190887868, 18.37217654328483 ], [ -95.116230200124605, 18.37236589389444 ], [ -95.116869445820896, 18.372861836311991 ], [ -95.117326533908994, 18.373174789999347 ], [ -95.117591421507342, 18.373255109762063 ], [ -95.11784343724068, 18.373441046644924 ], [ -95.118360156604197, 18.373840060527876 ], [ -95.118774756668159, 18.374131629215789 ], [ -95.118849362994709, 18.374280460338596 ], [ -95.118978796330182, 18.374423000957488 ], [ -95.119094126622343, 18.374454076341681 ], [ -95.119282109821313, 18.374503046771522 ], [ -95.119401505342438, 18.374493793108492 ], [ -95.119606073658517, 18.374620440172929 ], [ -95.119883992732696, 18.374833319076259 ], [ -95.120527770705166, 18.375431369451981 ], [ -95.12125010516192, 18.376237733096083 ], [ -95.121402351170246, 18.376347516668478 ], [ -95.121549326014318, 18.376568864054658 ], [ -95.122080591076696, 18.377217788600532 ], [ -95.122525863493209, 18.377798267722291 ], [ -95.122660562891838, 18.377924104423286 ], [ -95.123260606957103, 18.378741361383653 ], [ -95.12336062525128, 18.378902579798368 ], [ -95.123529597848517, 18.379033218225768 ], [ -95.123657359906204, 18.37908505981467 ], [ -95.123753677372918, 18.379197804236465 ], [ -95.123772768596936, 18.379304870446575 ], [ -95.12368849361647, 18.379422137047627 ], [ -95.123524440388735, 18.37945571713573 ], [ -95.123441541859378, 18.379511467381498 ], [ -95.123374941854706, 18.379605107865345 ], [ -95.123303619493385, 18.37980571293874 ], [ -95.123330597302555, 18.38009340130921 ], [ -95.123494272891776, 18.380245626757635 ], [ -95.12359019461779, 18.380439008930949 ], [ -95.123750540337895, 18.380740052743043 ], [ -95.123823243393716, 18.380975500216579 ], [ -95.123850459759083, 18.381252558787086 ], [ -95.123806180193924, 18.381417394032816 ], [ -95.123693604682856, 18.381617866706026 ], [ -95.12361321362566, 18.381756748860891 ], [ -95.123477553855139, 18.381866176066573 ], [ -95.123301196153434, 18.381962729425638 ], [ -95.123104489486153, 18.382052845845401 ], [ -95.122948480750054, 18.382130088453287 ], [ -95.122819603968054, 18.382207331026695 ], [ -95.122751774082758, 18.382316757946413 ], [ -95.122724642128659, 18.382496990368594 ], [ -95.12271785914011, 18.382632164561592 ], [ -95.12271785914011, 18.382767338648701 ], [ -95.122744991094223, 18.382928260042661 ], [ -95.12279925500242, 18.383159986586168 ], [ -95.122812820979462, 18.38330803393702 ], [ -95.122797675996807, 18.383470917777139 ], [ -95.122792472013884, 18.383526886309781 ], [ -95.122806037990927, 18.383636312391999 ], [ -95.122826386956504, 18.383726427936931 ], [ -95.122826386956504, 18.383790796154432 ], [ -95.122799255002391, 18.383861601165979 ], [ -95.1227789060368, 18.383958153407612 ], [ -95.122785689025335, 18.384009647914375 ], [ -95.122846735922082, 18.384099763264174 ], [ -95.122914565807335, 18.384157694535634 ], [ -95.123009527646701, 18.384189878566879 ], [ -95.12308414052049, 18.384247809808045 ], [ -95.12313162144018, 18.384312177830896 ], [ -95.123158753394279, 18.384389419426668 ], [ -95.12321301730249, 18.384460224192324 ], [ -95.123240149256588, 18.384511718549067 ], [ -95.123206234313969, 18.384608270426611 ], [ -95.123192668336912, 18.384724132608188 ], [ -95.123206234313955, 18.384782063669853 ], [ -95.123280847187743, 18.384827121148728 ], [ -95.123328328107419, 18.384885052175779 ], [ -95.123328328107419, 18.385084592230875 ], [ -95.123301196153321, 18.385271258524895 ], [ -95.12324693224511, 18.385490108405417 ], [ -95.123172319371292, 18.385696084509672 ], [ -95.123118055463067, 18.385786198977865 ], [ -95.123002744658109, 18.385837692938544 ], [ -95.122826386956419, 18.385940680813778 ], [ -95.122738208105574, 18.385998611466551 ], [ -95.122602548335053, 18.386101599245698 ], [ -95.122514369484207, 18.386185276770814 ], [ -95.122365143736587, 18.386223897153382 ], [ -95.122243049943137, 18.386230333882946 ], [ -95.122168437069334, 18.386217460423591 ], [ -95.122087041207038, 18.386185276770874 ], [ -95.121964947413545, 18.386127346180793 ], [ -95.121815721665968, 18.38608228904177 ], [ -95.121700410861024, 18.386069415571257 ], [ -95.121578317067531, 18.386062978835621 ], [ -95.121469789251108, 18.386075852306629 ], [ -95.121320563503517, 18.386114472713615 ], [ -95.121191686721517, 18.386230333882924 ], [ -95.121037078723774, 18.386531793685091 ], [ -95.121245137089446, 18.386760706024919 ], [ -95.121444149439199, 18.386786458644298 ], [ -95.121712514577538, 18.387169886075224 ], [ -95.121923588290926, 18.387684936512311 ], [ -95.122125615979328, 18.387630570150566 ], [ -95.122348751038189, 18.388265797095595 ], [ -95.12258394745156, 18.388820903410007 ], [ -95.122776929124015, 18.389353117063585 ], [ -95.122819143873954, 18.389639252763526 ], [ -95.122825174551238, 18.389965446874832 ], [ -95.122611085508282, 18.389948278779048 ], [ -95.122574901444722, 18.390411816763244 ], [ -95.122776929133096, 18.390437568836905 ], [ -95.122713607021808, 18.390697950699028 ], [ -95.122499517978866, 18.391107121401685 ], [ -95.122207030131477, 18.391413283459755 ], [ -95.121796944077403, 18.39165935724311 ], [ -95.121145630932702, 18.391756642130325 ], [ -95.120714437508227, 18.391762364769011 ], [ -95.120509394481189, 18.39183103641879 ] ] ] } },
{ "type": "Feature", "properties": { "ID": 651.0, "ENTIDAD": 30, "DISTRITO_F": 19, "DISTRITO_L": 25, "MUNICIPIO": 34, "SECCION": 654, "TIPO": 4, "CONTROL": 4848.0, "GEOMETRY1_": null, "SEC": 654, "distrito": 75, "municipio": 102, "seccion": 1962, "listaNominal": 1576, "rppv": 36, "boletaSobrante": 737, "noElectoresVotaron": 304, "rppvotaron": 1, "sumaCyD": 0, "boetasExtraidasUrna": 0, "pan": 52, "pri": 6, "verde": 49, "pt": 287, "mc": 124, "morena": 310, "verde-morena": 19, "CNR": 0, "VN": 28, "sumaTotal": 875, "VOTO_4T_25": 665.0, "VOTO_OPO_25": 58.0, "VOTO_MC_25": 124.0, "VOTO_4T_21": 623.0, "VOTO_OPO_21": 235.0, "VOTO_MC_21": 32.0, "GANADOR_21": "4T", "GANADOR_25": "4T" }, "geometry": { "type": "Polygon", "coordinates": [ [ [ -95.107042408145801, 18.3559374709954 ], [ -95.106549704168955, 18.355505948551841 ], [ -95.106057002691486, 18.355074425271422 ], [ -95.094706946393373, 18.353848323611714 ], [ -95.086593725676039, 18.352971466980549 ], [ -95.084620857908178, 18.352758191751533 ], [ -95.084445616478561, 18.352263592844658 ], [ -95.084098443731634, 18.352099752408257 ], [ -95.083289918706598, 18.352102622488065 ], [ -95.082480899388855, 18.35198168572969 ], [ -95.082075813249816, 18.351776778909887 ], [ -95.080978204565227, 18.351698126399395 ], [ -95.080343596400567, 18.351865442388331 ], [ -95.079477981358977, 18.352033571066752 ], [ -95.078669296530364, 18.351995153874423 ], [ -95.077743962910148, 18.351668266620159 ], [ -95.076818960930368, 18.351423910600754 ], [ -95.076069177320761, 18.35167415261613 ], [ -95.075780094657546, 18.351592630939916 ], [ -95.075200624067307, 18.351099446584847 ], [ -95.07462148322, 18.350688795972118 ], [ -95.074101726533257, 18.350690616238452 ], [ -95.073580992500311, 18.350444830617775 ], [ -95.073003486542746, 18.350446850032093 ], [ -95.072482267263183, 18.350077259733965 ], [ -95.072077038736452, 18.349831067251621 ], [ -95.071729074039794, 18.349460870608581 ], [ -95.071266747904275, 18.349379947638578 ], [ -95.070804909426215, 18.34942282549893 ], [ -95.069817807974928, 18.348064424903622 ], [ -95.07004718409425, 18.347650947997607 ], [ -95.070449644650793, 18.347195599559303 ], [ -95.070273799419979, 18.346535926895189 ], [ -95.069982944212583, 18.346000458560646 ], [ -95.069520466486381, 18.345878265959584 ], [ -95.069174297739693, 18.345962006581647 ], [ -95.068828128779842, 18.346045746508786 ], [ -95.068541003996344, 18.346459422600617 ], [ -95.067963999827413, 18.346585230696036 ], [ -95.067560403819741, 18.34675170282383 ], [ -95.067098088703233, 18.346670771408988 ], [ -95.066347191198588, 18.346632106615697 ], [ -95.065827773839729, 18.346716440659375 ], [ -95.065538868224053, 18.346676172883257 ], [ -95.064787972317674, 18.346637501982471 ], [ -95.064634921892392, 18.346747707805967 ], [ -95.06426968132422, 18.347010700698217 ], [ -95.063808654921075, 18.347259897358018 ], [ -95.06323196873268, 18.347468223838348 ], [ -95.061903422473307, 18.347390263863712 ], [ -95.061290520950479, 18.347135380676285 ], [ -95.060904602969231, 18.346974890290923 ], [ -95.055309434127963, 18.344647933830043 ], [ -95.038148192439436, 18.341940803253269 ], [ -95.034957519289577, 18.340954980708997 ], [ -95.025915518402513, 18.338160940927448 ], [ -95.025556950422768, 18.338050130865163 ], [ -95.025198383028396, 18.337939320212005 ], [ -95.027425958533456, 18.333888087185535 ], [ -95.031335439310851, 18.326777381835061 ], [ -95.026125086682271, 18.323080585178946 ], [ -95.025606356882363, 18.323329880529819 ], [ -95.025087015063733, 18.323414112778011 ], [ -95.024393847185394, 18.323333848596342 ], [ -95.023931939139842, 18.32333535820252 ], [ -95.023297729518845, 18.323585023692807 ], [ -95.022431043675113, 18.323422787118819 ], [ -95.021448276276814, 18.323095861941269 ], [ -95.020871197286155, 18.323180270291765 ], [ -95.020353068828314, 18.323594610351638 ], [ -95.020065588916538, 18.323925668756974 ], [ -95.017754544587561, 18.323520501170812 ], [ -95.017259945207982, 18.322029301148923 ], [ -95.016703799937986, 18.320387721133674 ], [ -95.017510457596345, 18.319931191494408 ], [ -95.018318170314188, 18.319763513019595 ], [ -95.018837348860714, 18.319638032707211 ], [ -95.019124216005665, 18.319141914751579 ], [ -95.019064509999623, 18.318605655940392 ], [ -95.019178164864741, 18.318110099781173 ], [ -95.018944037413263, 18.317244282744024 ], [ -95.01888508908138, 18.316914349494226 ], [ -95.018999197054441, 18.31654258856107 ], [ -95.019691421360491, 18.316375276027117 ], [ -95.020268324936367, 18.316249601845474 ], [ -95.020844619861293, 18.315958865018256 ], [ -95.020900682943576, 18.315504759793573 ], [ -95.020494253207076, 18.314887099250857 ], [ -95.020260271828377, 18.314062548353458 ], [ -95.020488171087393, 18.313236492300838 ], [ -95.020832145558956, 18.312575119553159 ], [ -95.021177487819131, 18.312285132541515 ], [ -95.022100937410173, 18.312199583872115 ], [ -95.022794211724758, 18.312321113081275 ], [ -95.023370948086338, 18.312154161131357 ], [ -95.02423482670379, 18.311573606741071 ], [ -95.025155667809912, 18.310786530559913 ], [ -95.026136231497318, 18.310535708820733 ], [ -95.027059981763529, 18.310532664763539 ], [ -95.0285027268162, 18.310362837257681 ], [ -95.029772731197824, 18.310317368857987 ], [ -95.030753909137232, 18.310231584089582 ], [ -95.031908290916462, 18.310145218474851 ], [ -95.032370788048411, 18.310308745635812 ], [ -95.033009283982551, 18.311214478640146 ], [ -95.033473338005194, 18.311790661443833 ], [ -95.034108115023585, 18.311706013909561 ], [ -95.034394303391934, 18.311044798562683 ], [ -95.034853226725502, 18.310259206623559 ], [ -95.035196987789206, 18.309556530324834 ], [ -95.03565559069942, 18.308688403184036 ], [ -95.035828169852138, 18.308522760242013 ], [ -95.036579028305695, 18.308602779154519 ], [ -95.037503091406833, 18.308682214257377 ], [ -95.038137857569367, 18.308597550709983 ], [ -95.038311452380199, 18.308700133940576 ], [ -95.038485047416742, 18.308802717050867 ], [ -95.039005598823721, 18.309048566640271 ], [ -95.039408800741953, 18.308799611193631 ], [ -95.039551960860152, 18.308489630207447 ], [ -95.039695120373707, 18.30817964900854 ], [ -95.040040270946832, 18.307848353897544 ], [ -95.04032768595755, 18.307517252526559 ], [ -95.040729782072233, 18.306979430539656 ], [ -95.041132662194599, 18.306647937782291 ], [ -95.041997727362457, 18.306397415138644 ], [ -95.04240170760562, 18.306354782170825 ], [ -95.042341766585565, 18.305777251096142 ], [ -95.041762853579101, 18.305366542143577 ], [ -95.041242621510563, 18.305203233636323 ], [ -95.040374574981129, 18.304669698151713 ], [ -95.040259074967466, 18.304536523584606 ], [ -95.039910665807923, 18.304134797197953 ], [ -95.039388555311263, 18.303476292079658 ], [ -95.038809029893002, 18.302900512755429 ], [ -95.0380572519705, 18.302572911163793 ], [ -95.037363992883058, 18.30245144289627 ], [ -95.036440901065887, 18.302619608918583 ], [ -95.035806313988701, 18.30274553673377 ], [ -95.034996032208866, 18.302211788523003 ], [ -95.034474883359692, 18.301800869468263 ], [ -95.033841078433937, 18.302133120057896 ], [ -95.032747902903935, 18.303127161762447 ], [ -95.032230953470389, 18.30383041177879 ], [ -95.031972244163413, 18.304120137372298 ], [ -95.03171353396489, 18.304409862442572 ], [ -95.031426111612348, 18.304740948726987 ], [ -95.030792136108175, 18.305031920261065 ], [ -95.030273469769284, 18.305281240266037 ], [ -95.029581294138808, 18.305448601868132 ], [ -95.02880618295589, 18.298889862159044 ], [ -95.028661500461794, 18.298890342443332 ], [ -95.024476394022599, 18.2989041875461 ], [ -95.024815082684029, 18.296839774297609 ], [ -95.025204180801424, 18.29668374208439 ], [ -95.026371471778702, 18.296215639856783 ], [ -95.027062836864602, 18.295841955768669 ], [ -95.027292982170508, 18.295634862650843 ], [ -95.027349165687582, 18.295222015858801 ], [ -95.027636265588583, 18.294808402858884 ], [ -95.027980938310805, 18.2943533318936 ], [ -95.028730021910036, 18.293979447883029 ], [ -95.029306536526505, 18.293771199344949 ], [ -95.029593784488853, 18.293398847640333 ], [ -95.029419821923341, 18.293193096132597 ], [ -95.029130945302853, 18.293132158531783 ], [ -95.028842068972381, 18.293071220530724 ], [ -95.028033867275724, 18.293073907415021 ], [ -95.027168092321347, 18.293118047941192 ], [ -95.026532923105222, 18.293078888222215 ], [ -95.025435155233282, 18.292834927786068 ], [ -95.02474226026844, 18.292795953377823 ], [ -95.023817221760169, 18.292427615686442 ], [ -95.023412047828003, 18.292140091563194 ], [ -95.023007182789556, 18.291935097536385 ], [ -95.022833537793474, 18.291811872446978 ], [ -95.02306168163976, 18.291068334655314 ], [ -95.02329136161714, 18.29073744988969 ], [ -95.023809370182377, 18.290323080677496 ], [ -95.024268724149778, 18.289661307928128 ], [ -95.024498399709557, 18.289330420873942 ], [ -95.025014857495265, 18.28850339243607 ], [ -95.025302411155607, 18.288213578085106 ], [ -95.02622418538455, 18.287715329288005 ], [ -95.026916287413172, 18.287547966798602 ], [ -95.027666270412283, 18.287421675073432 ], [ -95.028243227831737, 18.287337222547201 ], [ -95.028821272409985, 18.287541627558422 ], [ -95.029340814440474, 18.287539895360705 ], [ -95.02974428066679, 18.287373484439094 ], [ -95.030146189542975, 18.286794415632588 ], [ -95.03049036897184, 18.286215538426461 ], [ -95.031009284289169, 18.286048737996044 ], [ -95.031586861744714, 18.286129337166209 ], [ -95.032106713454809, 18.286210128163088 ], [ -95.032368730002716, 18.286209265459039 ], [ -95.032453073346915, 18.286208967032557 ], [ -95.032738892466412, 18.28546521441622 ], [ -95.032737876062839, 18.285196986661227 ], [ -95.032736859575849, 18.284928758901213 ], [ -95.03192744276862, 18.28460134337239 ], [ -95.03190014120068, 18.284594932503769 ], [ -95.031407439809072, 18.284479287057589 ], [ -95.031520705947855, 18.283901179678828 ], [ -95.031606123367595, 18.28359139627981 ], [ -95.031691540375206, 18.283281612776761 ], [ -95.032004862686534, 18.282716776925941 ], [ -95.032150218586864, 18.282454748185366 ], [ -95.032378617129169, 18.281793720324217 ], [ -95.032779875250526, 18.281049578268746 ], [ -95.033528732312121, 18.280634396205631 ], [ -95.033960649130947, 18.280364710601692 ], [ -95.034392564726076, 18.280095023756463 ], [ -95.034967769183609, 18.279556620356153 ], [ -95.035343922767311, 18.279802949703601 ], [ -95.035720077499931, 18.280049278506272 ], [ -95.035667228725771, 18.281328717994548 ], [ -95.035843550099841, 18.282153452489759 ], [ -95.036020186889857, 18.283060719009516 ], [ -95.036311490416807, 18.283761266052156 ], [ -95.036428358423166, 18.28413227000663 ], [ -95.036660207441614, 18.284379086133164 ], [ -95.036719349936533, 18.284750285046691 ], [ -95.036663668632883, 18.285286937789209 ], [ -95.036722968339916, 18.28569940271964 ], [ -95.037010972673443, 18.285533363997644 ], [ -95.037586979862041, 18.285201284925147 ], [ -95.037990120666507, 18.284952321865269 ], [ -95.038509502318561, 18.284909297078794 ], [ -95.038971788868167, 18.285031530818586 ], [ -95.039549371777596, 18.285112105891592 ], [ -95.040069861246081, 18.285357939809472 ], [ -95.040474582095698, 18.28552163240667 ], [ -95.040763691583038, 18.285644450417308 ], [ -95.040995074507492, 18.285767464269089 ], [ -95.041227407928872, 18.286138075000686 ], [ -95.040881836213373, 18.28634558297361 ], [ -95.040538003440162, 18.287007017812304 ], [ -95.04077112775181, 18.287583959987863 ], [ -95.041004886046608, 18.288325966812142 ], [ -95.041007574985514, 18.289027491621585 ], [ -95.040605848849921, 18.289647855320865 ], [ -95.040087557393832, 18.28997974606062 ], [ -95.03974339625546, 18.290558645122612 ], [ -95.039688980377065, 18.29142542871632 ], [ -95.039806488701331, 18.291961497133926 ], [ -95.039981726638857, 18.292497370141209 ], [ -95.040558071687414, 18.292247817843805 ], [ -95.040960121956601, 18.291709987857743 ], [ -95.041881571223357, 18.291129125937502 ], [ -95.042054124657255, 18.29096347266594 ], [ -95.042802697827284, 18.290465725877773 ], [ -95.043727310135466, 18.290710178167046 ], [ -95.044304757740562, 18.290749476476677 ], [ -95.045459336564832, 18.29074553527548 ], [ -95.046151128721178, 18.290495568863498 ], [ -95.046725866878973, 18.289833330746735 ], [ -95.047474265256568, 18.28929429561687 ], [ -95.048280227839555, 18.288713791942339 ], [ -95.049144554196303, 18.288298151403993 ], [ -95.049720876658483, 18.28804856612264 ], [ -95.05041297525203, 18.287881114130663 ], [ -95.050759345297507, 18.287879920294912 ], [ -95.05168299936949, 18.287876733646602 ], [ -95.052606976276152, 18.287956075871929 ], [ -95.053241345404672, 18.287788812578658 ], [ -95.053415820115106, 18.288118346882722 ], [ -95.052897712067121, 18.288491544758557 ], [ -95.052149812475434, 18.289154405074299 ], [ -95.051517044099256, 18.289734329847061 ], [ -95.051055533108084, 18.289818455606039 ], [ -95.04990063304767, 18.289739898844154 ], [ -95.049208206435452, 18.28982481439855 ], [ -95.048689766016125, 18.290115465085055 ], [ -95.047883796961045, 18.290695969454159 ], [ -95.047192962297061, 18.291193541075181 ], [ -95.046674515083353, 18.291484184823478 ], [ -95.046155907078486, 18.291733560439059 ], [ -95.045868533761279, 18.292064678108463 ], [ -95.045985425299421, 18.292435680894172 ], [ -95.046102953908289, 18.292971749204359 ], [ -95.04627884961063, 18.293672685790781 ], [ -95.046223666087201, 18.294333145159982 ], [ -95.046629369949713, 18.294744428006176 ], [ -95.04686331728152, 18.295527700202697 ], [ -95.046866183160944, 18.296270495447168 ], [ -95.04675119886609, 18.296394689227661 ], [ -95.046174525771221, 18.296561726540219 ], [ -95.046175956863976, 18.296933123863852 ], [ -95.046754063507962, 18.297137484334154 ], [ -95.047043833806839, 18.297425362832772 ], [ -95.046756132020036, 18.297673947442139 ], [ -95.046815136259553, 18.29800388139537 ], [ -95.046874299695389, 18.29837508175941 ], [ -95.046414990534203, 18.299036920644351 ], [ -95.046878276522037, 18.2994067416011 ], [ -95.047573448116765, 18.300023371234239 ], [ -95.047864816148802, 18.300723913914013 ], [ -95.048213440923334, 18.301300459830109 ], [ -95.048791724133579, 18.301546083722357 ], [ -95.049599664173883, 18.301460783073047 ], [ -95.050178110430394, 18.30174766975178 ], [ -95.050641252565342, 18.302076217805691 ], [ -95.051047143030516, 18.302528762961998 ], [ -95.051453675387165, 18.303146373969941 ], [ -95.051974557380689, 18.303474721644207 ], [ -95.052726056116015, 18.303719740648621 ], [ -95.053074542558093, 18.304255015066985 ], [ -95.05324950791109, 18.304708352140963 ], [ -95.052965002972272, 18.305782278245626 ], [ -95.052735186097024, 18.306071938786463 ], [ -95.052563903320845, 18.306567733607537 ], [ -95.052910791885196, 18.306690342832535 ], [ -95.053315415862798, 18.306812752917594 ], [ -95.053892603791255, 18.306769499283693 ], [ -95.054412698872056, 18.306891509607766 ], [ -95.054587508707002, 18.307303579812139 ], [ -95.05481989386908, 18.3076741842826 ], [ -95.054936969814364, 18.308086453448155 ], [ -95.054938735699281, 18.308540387378073 ], [ -95.054882926198246, 18.309035786964628 ], [ -95.055057417322985, 18.309365323841057 ], [ -95.055403350207555, 18.309240329453058 ], [ -95.055692189665137, 18.30928060053914 ], [ -95.055924418533763, 18.30960993778849 ], [ -95.056099394376062, 18.31006327447847 ], [ -95.056388878704183, 18.310268611910875 ], [ -95.056909630537476, 18.310555684894844 ], [ -95.057084126828755, 18.310885220889002 ], [ -95.057316682127492, 18.31129709093576 ], [ -95.057779379969475, 18.311501828229087 ], [ -95.058357713770192, 18.31174743183259 ], [ -95.058705263245017, 18.312035100674308 ], [ -95.058880409289984, 18.312529703436095 ], [ -95.058766225052153, 18.312860238288323 ], [ -95.05899830265389, 18.313148306813687 ], [ -95.059633897118061, 18.313269907198297 ], [ -95.060270623759607, 18.313680374204893 ], [ -95.060676079616343, 18.31400910740798 ], [ -95.061371681992142, 18.314708240207761 ], [ -95.062298404753108, 18.315447835459896 ], [ -95.063339964166261, 18.316021957279752 ], [ -95.063918485382885, 18.316308815303998 ], [ -95.064784402729899, 18.316264527711407 ], [ -95.065706757355315, 18.3158898969427 ], [ -95.066398154650713, 18.315516069219839 ], [ -95.067496002995796, 18.315718563624518 ], [ -95.068422762563443, 18.316458134904678 ], [ -95.068771320861032, 18.316993393993325 ], [ -95.069061651377936, 18.317405053608724 ], [ -95.070043056495493, 18.317360337351477 ], [ -95.070504971468935, 18.31735871256334 ], [ -95.071026265272394, 18.317769557343837 ], [ -95.071375818158842, 18.318552418095546 ], [ -95.071668945318578, 18.319665621543464 ], [ -95.071787377437616, 18.320408028434993 ], [ -95.071617761828236, 18.32131652162661 ], [ -95.071850528110019, 18.321769650124903 ], [ -95.072256190771355, 18.322139633559516 ], [ -95.072777337657854, 18.322509209405236 ], [ -95.07318267575306, 18.322796656578664 ], [ -95.073526002635674, 18.322011351988333 ], [ -95.073638197936347, 18.321185594294111 ], [ -95.073806487387046, 18.319946957149014 ], [ -95.073687388355836, 18.319039479866913 ], [ -95.073801223452094, 18.318626396578239 ], [ -95.084114513911032, 18.31310094124628 ], [ -95.087151307309327, 18.307353644887215 ], [ -95.094709831510485, 18.304771354721698 ], [ -95.095453901810345, 18.304517129229076 ], [ -95.09724527627472, 18.304881979919713 ], [ -95.098170092536364, 18.305126196235783 ], [ -95.099673140478487, 18.30557462505373 ], [ -95.100482834297125, 18.305901794372772 ], [ -95.101522451649302, 18.305980495147857 ], [ -95.102505881142747, 18.306430823355267 ], [ -95.103373840719016, 18.306881575077252 ], [ -95.103838155338551, 18.307457628184086 ], [ -95.104993953535001, 18.307700959814639 ], [ -95.105800390274752, 18.307244000033325 ], [ -95.106779345644, 18.306621315541356 ], [ -95.10741307924782, 18.306288798751936 ], [ -95.108567492290263, 18.306201955535165 ], [ -95.108941039743854, 18.306289473238525 ], [ -95.109087654995577, 18.306323823224993 ], [ -95.110273127724739, 18.30697690174344 ], [ -95.111431532230569, 18.307615057492342 ], [ -95.113775448297062, 18.308906269245032 ], [ -95.112275274728816, 18.309159516745062 ], [ -95.11175718809325, 18.30953288628875 ], [ -95.111934582549836, 18.310522698732001 ], [ -95.110895443279091, 18.310567856442724 ], [ -95.110319262736851, 18.310858898245865 ], [ -95.109917167109742, 18.311355637013708 ], [ -95.109515589132798, 18.311976181787394 ], [ -95.109113834772089, 18.312555456063208 ], [ -95.108655375716481, 18.313382558361937 ], [ -95.108425625299461, 18.313672301623473 ], [ -95.108485614970917, 18.314208584348087 ], [ -95.108719173284996, 18.314826760449538 ], [ -95.108662816459798, 18.31515712782565 ], [ -95.108318445452468, 18.315653645411889 ], [ -95.108551485253727, 18.316148014759076 ], [ -95.108902603697402, 18.31726099020387 ], [ -95.109191658305534, 18.317342453885594 ], [ -95.109308180065511, 18.317589638441426 ], [ -95.109021719339708, 18.31812721077987 ], [ -95.108735256585035, 18.318664782331929 ], [ -95.108505497477609, 18.318954524285864 ], [ -95.108275910271075, 18.319285534837 ], [ -95.10816267030755, 18.319822461113517 ], [ -95.108280054758495, 18.320275991399637 ], [ -95.108396576220798, 18.320523176581379 ], [ -95.108340905316084, 18.321018619340489 ], [ -95.107997381092559, 18.321721478792281 ], [ -95.107653508799174, 18.32234179908745 ], [ -95.107309116795605, 18.322838311355678 ], [ -95.1076581633301, 18.323456061725587 ], [ -95.10783208403079, 18.323620495361393 ], [ -95.10547013339901, 18.331903776044317 ], [ -95.106542132945961, 18.332787116029742 ], [ -95.10642818402853, 18.333158962438652 ], [ -95.106950138207623, 18.333693539757252 ], [ -95.106605886836135, 18.334231314618275 ], [ -95.106318865971957, 18.334645068794032 ], [ -95.105973753339242, 18.334976497375482 ], [ -95.105628982010089, 18.335390462793516 ], [ -95.105111137139673, 18.335846333804756 ], [ -95.104767559311028, 18.336549178649918 ], [ -95.104539987317878, 18.337375404209748 ], [ -95.104311216316532, 18.337912747482562 ], [ -95.103349406227665, 18.339675723167346 ], [ -95.103250890218078, 18.339856300563554 ], [ -95.1033962858222, 18.340103383684401 ], [ -95.104034597260991, 18.340843891268076 ], [ -95.104758460225852, 18.34149402739741 ], [ -95.104904083054308, 18.341624818150567 ], [ -95.105773063744394, 18.342281935933212 ], [ -95.106062754020073, 18.342507852718324 ], [ -95.106352445081825, 18.342733769198265 ], [ -95.107108334452747, 18.343969072309992 ], [ -95.107689095760719, 18.344751054499497 ], [ -95.108040057365599, 18.34582276981692 ], [ -95.108389822100435, 18.346605602596302 ], [ -95.108565134069991, 18.347100191322593 ], [ -95.108913702240415, 18.347594141232971 ], [ -95.10926192909568, 18.348005552899011 ], [ -95.110303355274809, 18.34845567444393 ], [ -95.110882080940428, 18.348742423524623 ], [ -95.11104120078754, 18.348814057189667 ], [ -95.111200320787489, 18.348885690745401 ], [ -95.111515222085984, 18.349030496119017 ], [ -95.112445874150481, 18.349809649663612 ], [ -95.112878262777784, 18.350388423589813 ], [ -95.112968579366594, 18.350509299051353 ], [ -95.113111777530875, 18.350676064105304 ], [ -95.113571835852326, 18.351211810210554 ], [ -95.113500851679845, 18.351308631117877 ], [ -95.110964916125042, 18.354767489765937 ], [ -95.107790824839071, 18.355356950634707 ], [ -95.107416617094643, 18.355647211304277 ], [ -95.107042408145801, 18.3559374709954 ] ] ] } },
{ "type": "Feature", "properties": { "ID": 652.0, "ENTIDAD": 30, "DISTRITO_F": 19, "DISTRITO_L": 25, "MUNICIPIO": 34, "SECCION": 655, "TIPO": 4, "CONTROL": 4847.0, "GEOMETRY1_": null, "SEC": 655, "distrito": 75, "municipio": 102, "seccion": 1965, "listaNominal": 1703, "rppv": 36, "boletaSobrante": 854, "noElectoresVotaron": 866, "rppvotaron": 19, "sumaCyD": 0, "boetasExtraidasUrna": 0, "pan": 66, "pri": 0, "verde": 107, "pt": 75, "mc": 252, "morena": 349, "verde-morena": 9, "CNR": 0, "VN": 27, "sumaTotal": 885, "VOTO_4T_25": 540.0, "VOTO_OPO_25": 66.0, "VOTO_MC_25": 252.0, "VOTO_4T_21": 589.0, "VOTO_OPO_21": 311.0, "VOTO_MC_21": 29.0, "GANADOR_21": "4T", "GANADOR_25": "4T" }, "geometry": { "type": "Polygon", "coordinates": [ [ [ -95.148403088298281, 18.357514620038064 ], [ -95.147881467164268, 18.357103932569405 ], [ -95.147128819866495, 18.356694140421478 ], [ -95.146494211316025, 18.356861686067397 ], [ -95.145107320775054, 18.356701971135593 ], [ -95.144583376217611, 18.355754760229079 ], [ -95.143943923925193, 18.35480799527344 ], [ -95.142904489377329, 18.354853280230412 ], [ -95.142268811946181, 18.354773189959186 ], [ -95.141575200380345, 18.354652049794794 ], [ -95.139094542490213, 18.355321923974685 ], [ -95.138966007516899, 18.352309639374354 ], [ -95.138330700306014, 18.352312078400775 ], [ -95.137522306203707, 18.352356449723267 ], [ -95.137226763437013, 18.350789289677945 ], [ -95.136472394698899, 18.349966763294812 ], [ -95.135949760384165, 18.349308431431353 ], [ -95.135141026534384, 18.349270254914462 ], [ -95.133814104972743, 18.349605490083281 ], [ -95.133178633911498, 18.34956664367752 ], [ -95.132137293590915, 18.349157905377613 ], [ -95.131443011035785, 18.348871653856438 ], [ -95.13036942559026, 18.348527495697571 ], [ -95.130170666951756, 18.348463785226254 ], [ -95.129412640460274, 18.346774571793478 ], [ -95.129467393223848, 18.346072764928987 ], [ -95.129348181998225, 18.345206536556688 ], [ -95.128769601288681, 18.344961110043954 ], [ -95.128077456763791, 18.34517008789441 ], [ -95.127210822497233, 18.34509083065975 ], [ -95.126573966936022, 18.344721807570917 ], [ -95.12587918687575, 18.344311731469762 ], [ -95.125125956609494, 18.343736792847192 ], [ -95.124662189927093, 18.343325840819805 ], [ -95.123617057929323, 18.342009134681156 ], [ -95.123520781104801, 18.342032037123371 ], [ -95.117270739414465, 18.34351868137863 ], [ -95.117185068170372, 18.343745986349862 ], [ -95.117099396648371, 18.343973291236484 ], [ -95.116927879194478, 18.344386631433867 ], [ -95.116757054802733, 18.344965048562194 ], [ -95.11647089911547, 18.345585165420971 ], [ -95.116241626157333, 18.345998719726772 ], [ -95.115897541168337, 18.34657778098833 ], [ -95.115551549202067, 18.346702879374146 ], [ -95.115148497026794, 18.346993268903489 ], [ -95.114976970811952, 18.347406605815472 ], [ -95.114979219232524, 18.347943105766721 ], [ -95.11503956567752, 18.348561929383244 ], [ -95.115099739193212, 18.349139483802222 ], [ -95.113571835852326, 18.351211810210554 ], [ -95.113111777530875, 18.350676064105304 ], [ -95.112968579366594, 18.350509299051353 ], [ -95.112878262777784, 18.350388423589813 ], [ -95.112445874150481, 18.349809649663612 ], [ -95.111515222085984, 18.349030496119017 ], [ -95.111200320787489, 18.348885690745401 ], [ -95.11104120078754, 18.348814057189667 ], [ -95.110882080940428, 18.348742423524623 ], [ -95.110303355274809, 18.34845567444393 ], [ -95.10926192909568, 18.348005552899011 ], [ -95.108913702240415, 18.347594141232971 ], [ -95.108565134069991, 18.347100191322593 ], [ -95.108389822100435, 18.346605602596302 ], [ -95.108040057365599, 18.34582276981692 ], [ -95.107689095760719, 18.344751054499497 ], [ -95.107108334452747, 18.343969072309992 ], [ -95.106352445081825, 18.342733769198265 ], [ -95.106062754020073, 18.342507852718324 ], [ -95.105773063744394, 18.342281935933212 ], [ -95.104904083054308, 18.341624818150567 ], [ -95.104758460225852, 18.34149402739741 ], [ -95.104034597260991, 18.340843891268076 ], [ -95.1033962858222, 18.340103383684401 ], [ -95.103250890218078, 18.339856300563554 ], [ -95.103349406227665, 18.339675723167346 ], [ -95.104311216316532, 18.337912747482562 ], [ -95.104539987317878, 18.337375404209748 ], [ -95.104767559311028, 18.336549178649918 ], [ -95.105111137139673, 18.335846333804756 ], [ -95.105628982010089, 18.335390462793516 ], [ -95.105973753339242, 18.334976497375482 ], [ -95.106318865971957, 18.334645068794032 ], [ -95.106605886836135, 18.334231314618275 ], [ -95.106950138207623, 18.333693539757252 ], [ -95.10642818402853, 18.333158962438652 ], [ -95.106542132945961, 18.332787116029742 ], [ -95.10547013339901, 18.331903776044317 ], [ -95.10783208403079, 18.323620495361393 ], [ -95.1076581633301, 18.323456061725587 ], [ -95.107309116795605, 18.322838311355678 ], [ -95.107653508799174, 18.32234179908745 ], [ -95.107997381092559, 18.321721478792281 ], [ -95.108340905316084, 18.321018619340489 ], [ -95.108396576220798, 18.320523176581379 ], [ -95.108280054758495, 18.320275991399637 ], [ -95.10816267030755, 18.319822461113517 ], [ -95.108275910271075, 18.319285534837 ], [ -95.108505497477609, 18.318954524285864 ], [ -95.108735256585035, 18.318664782331929 ], [ -95.109021719339708, 18.31812721077987 ], [ -95.109308180065511, 18.317589638441426 ], [ -95.109191658305534, 18.317342453885594 ], [ -95.108902603697402, 18.31726099020387 ], [ -95.108551485253727, 18.316148014759076 ], [ -95.108318445452468, 18.315653645411889 ], [ -95.108662816459798, 18.31515712782565 ], [ -95.108719173284996, 18.314826760449538 ], [ -95.108485614970917, 18.314208584348087 ], [ -95.108425625299461, 18.313672301623473 ], [ -95.108655375716481, 18.313382558361937 ], [ -95.109113834772089, 18.312555456063208 ], [ -95.109515589132798, 18.311976181787394 ], [ -95.109917167109742, 18.311355637013708 ], [ -95.110319262736851, 18.310858898245865 ], [ -95.110895443279091, 18.310567856442724 ], [ -95.111934582549836, 18.310522698732001 ], [ -95.11175718809325, 18.30953288628875 ], [ -95.112275274728816, 18.309159516745062 ], [ -95.113775448297062, 18.308906269245032 ], [ -95.114354587060021, 18.309316793096134 ], [ -95.114529551885383, 18.30972883529417 ], [ -95.114935301407598, 18.31009873977391 ], [ -95.115628702556791, 18.310219941110407 ], [ -95.116433207281048, 18.309308969769241 ], [ -95.116951110418057, 18.308894316043759 ], [ -95.117353357186033, 18.308438826938197 ], [ -95.117697862621867, 18.307983554677534 ], [ -95.118272619610337, 18.307362330393314 ], [ -95.118906166185738, 18.306988502195338 ], [ -95.119424232696858, 18.306615108815421 ], [ -95.120289081767154, 18.306322939133768 ], [ -95.121038980351059, 18.306155012333157 ], [ -95.121442092767737, 18.305905859494054 ], [ -95.121787995225176, 18.305780734035078 ], [ -95.121611248285944, 18.304955999433034 ], [ -95.121376940720637, 18.304172754028261 ], [ -95.121776690787627, 18.303139475935076 ], [ -95.121886687094829, 18.301859676900001 ], [ -95.121709763081469, 18.300993673119549 ], [ -95.121588455109972, 18.299632213719139 ], [ -95.122047870906627, 18.29905267918771 ], [ -95.122391987988195, 18.298514852911843 ], [ -95.123025846754203, 18.298223542524543 ], [ -95.123602322308429, 18.298014989658892 ], [ -95.124062792004437, 18.297683066810198 ], [ -95.124695402106539, 18.29710286110344 ], [ -95.12555984073316, 18.296728117068923 ], [ -95.126136665562413, 18.296602094752341 ], [ -95.1267131335198, 18.296393530737085 ], [ -95.126999316959001, 18.29581464400993 ], [ -95.127343768840845, 18.295359344444758 ], [ -95.128436813799013, 18.294447187433864 ], [ -95.128954464498534, 18.293991216941645 ], [ -95.129414735400843, 18.293618007123086 ], [ -95.129875362563013, 18.293327335898628 ], [ -95.131029704658403, 18.293240338135167 ], [ -95.131490508269422, 18.292990932418267 ], [ -95.132410853836291, 18.292203225794047 ], [ -95.133044317575283, 18.291829334105621 ], [ -95.134141097320551, 18.291783809302636 ], [ -95.134891288667049, 18.291698354069879 ], [ -95.135755504857983, 18.291282284163373 ], [ -95.13661989830868, 18.290907479892095 ], [ -95.137600844039284, 18.290779842894199 ], [ -95.138640249153141, 18.290817056769573 ], [ -95.139330888229082, 18.290319103752672 ], [ -95.13996378911223, 18.289821373466623 ], [ -95.141232310179419, 18.289444962698543 ], [ -95.142632169329119, 18.290114497979591 ], [ -95.142981103239336, 18.290281386526523 ], [ -95.143318777448428, 18.291252709079767 ], [ -95.143558108039485, 18.293150250580059 ], [ -95.143564853633791, 18.294677263954409 ], [ -95.14374444250889, 18.296121055763908 ], [ -95.143979035405692, 18.296945561482509 ], [ -95.143926218559173, 18.298060095410246 ], [ -95.144103257605678, 18.298926098749575 ], [ -95.144915051372337, 18.299707066316881 ], [ -95.145899702367174, 18.300404808993644 ], [ -95.146190402897574, 18.3008576510701 ], [ -95.146365992728747, 18.301393488897226 ], [ -95.146311175623893, 18.302054047710264 ], [ -95.145620680304987, 18.302593291345779 ], [ -95.145045294762838, 18.303049536947618 ], [ -95.144989742127677, 18.303545011613988 ], [ -95.145222886344911, 18.304039352886296 ], [ -95.145338456478967, 18.304059534781871 ], [ -95.145454026653667, 18.304079716612254 ], [ -95.145685167125038, 18.304120080077084 ], [ -95.146261467951561, 18.303870186509496 ], [ -95.146722288492498, 18.303620745288889 ], [ -95.147241212740425, 18.303453616873345 ], [ -95.148333869888987, 18.302458794588258 ], [ -95.148561896699931, 18.301797550325094 ], [ -95.149019593386399, 18.300846497517107 ], [ -95.149362724512514, 18.30010225338566 ], [ -95.149822796909561, 18.299687718372056 ], [ -95.150282316146289, 18.299149369113163 ], [ -95.151032545025359, 18.299063854717755 ], [ -95.151957092794476, 18.299225275983748 ], [ -95.15264976843288, 18.299181255168985 ], [ -95.153571184151701, 18.298641061181787 ], [ -95.154087505098175, 18.29789611505446 ], [ -95.154718927163557, 18.2970681644716 ], [ -95.158574464262315, 18.298547429456722 ], [ -95.158743818395521, 18.298962001755491 ], [ -95.158855907787668, 18.299334842862155 ], [ -95.159139794156587, 18.299832877451191 ], [ -95.159366416148728, 18.300289180796575 ], [ -95.159704782211762, 18.301159665028873 ], [ -95.159930012444846, 18.301781327690705 ], [ -95.16009972023943, 18.302154559985492 ], [ -95.160326695336664, 18.302569523249328 ], [ -95.160609544248047, 18.30319157692751 ], [ -95.160721987271955, 18.303523078158754 ], [ -95.160833733616485, 18.303937259182678 ], [ -95.160999959804059, 18.304723890350949 ], [ -95.161112404021964, 18.305055391630454 ], [ -95.161340081085271, 18.305387674909809 ], [ -95.161509445695472, 18.305802246964415 ], [ -95.161678810945418, 18.30621681900336 ], [ -95.161846434842758, 18.30683809067779 ], [ -95.162131383693549, 18.307212104520488 ], [ -95.162531219556513, 18.307628239653436 ], [ -95.16281756395307, 18.307836893076413 ], [ -95.16304698816802, 18.307962475612776 ], [ -95.163617939857843, 18.308586481041406 ], [ -95.163674861216791, 18.308669551533072 ], [ -95.163672076662749, 18.309000271580036 ], [ -95.163440213686641, 18.30916406943448 ], [ -95.16303410423393, 18.309492054774712 ], [ -95.162858812918842, 18.309780262299533 ], [ -95.162682127473843, 18.31023382937153 ], [ -95.162390901636172, 18.310603934272944 ], [ -95.162100371583861, 18.310891358636145 ], [ -95.161635591220147, 18.311342968330592 ], [ -95.161458900390201, 18.311796533326849 ], [ -95.160994464648724, 18.312206800795455 ], [ -95.160760850184829, 18.312577293384091 ], [ -95.160354727528301, 18.312905270507326 ], [ -95.159948254208842, 18.313274586290706 ], [ -95.159830572132947, 18.313563181180399 ], [ -95.159654572054549, 18.313934063525874 ], [ -95.159649681909173, 18.314512820753613 ], [ -95.159586123888459, 18.315215205239021 ], [ -95.159466692239548, 18.315710498447565 ], [ -95.15934830803252, 18.316081772092783 ], [ -95.159113285409816, 18.316617620008568 ], [ -95.15905112112209, 18.317154644599601 ], [ -95.158932734467456, 18.317525917597234 ], [ -95.158699806061747, 18.31781372587216 ], [ -95.157951443239114, 18.31772594196628 ], [ -95.157548452278093, 18.317681852522828 ], [ -95.157260701831817, 18.317638548226107 ], [ -95.156570662007709, 18.317468472806318 ], [ -95.156111453824195, 18.3172586288057 ], [ -95.155365199458487, 18.316922797817728 ], [ -95.154906345183178, 18.316671611855607 ], [ -95.154218066544274, 18.316294831285827 ], [ -95.153528387864455, 18.316083406824436 ], [ -95.153356231691447, 18.315999545735753 ], [ -95.153068486281072, 18.315956235795262 ], [ -95.152829925093286, 18.316298031573279 ], [ -95.151130662817764, 18.31873257384245 ], [ -95.150946114548333, 18.318996971227968 ], [ -95.150563435482326, 18.31916374326989 ], [ -95.150695951623817, 18.338113583163786 ], [ -95.150698471334607, 18.338475085729105 ], [ -95.150707374854463, 18.339750259848742 ], [ -95.150717184444119, 18.341155647768467 ], [ -95.150720668375044, 18.341654853127931 ], [ -95.150723816035082, 18.342105908261555 ], [ -95.150730267341487, 18.343030332652411 ], [ -95.150734960632178, 18.34370316740749 ], [ -95.150735708807446, 18.343810411147093 ], [ -95.150743021530246, 18.344858714006428 ], [ -95.150745185426828, 18.345168948492667 ], [ -95.150727181080043, 18.347277251491327 ], [ -95.150774217576668, 18.348517826347877 ], [ -95.150825137845658, 18.349303669264611 ], [ -95.150879589625461, 18.349676119529313 ], [ -95.150870406583593, 18.350750940444474 ], [ -95.150980369762593, 18.351371823281809 ], [ -95.150912140688945, 18.352611604178836 ], [ -95.150844615613366, 18.353768706244388 ], [ -95.150953871654238, 18.354472267788395 ], [ -95.151004082203826, 18.35534078925587 ], [ -95.150017949136327, 18.356971811248396 ], [ -95.149498493790858, 18.357056376065056 ], [ -95.149038240684149, 18.357470880119429 ], [ -95.148403088298281, 18.357514620038064 ] ] ] } },
{ "type": "Feature", "properties": { "ID": 4836.0, "ENTIDAD": 30, "DISTRITO_F": 19, "DISTRITO_L": 25, "MUNICIPIO": 34, "SECCION": 4905, "TIPO": 2, "CONTROL": 7188.0, "GEOMETRY1_": null, "SEC": 4905, "distrito": 100, "municipio": 136, "seccion": 19620, "listaNominal": 2558, "rppv": 48, "boletaSobrante": 1180, "noElectoresVotaron": 353, "rppvotaron": 7, "sumaCyD": 0, "boetasExtraidasUrna": 0, "pan": 112, "pri": 5, "verde": 56, "pt": 325, "mc": 583, "morena": 285, "verde-morena": 20, "CNR": 0, "VN": 39, "sumaTotal": 1425, "VOTO_4T_25": 686.0, "VOTO_OPO_25": 117.0, "VOTO_MC_25": 583.0, "VOTO_4T_21": 761.0, "VOTO_OPO_21": 297.0, "VOTO_MC_21": 51.0, "GANADOR_21": "4T", "GANADOR_25": "4T" }, "geometry": { "type": "Polygon", "coordinates": [ [ [ -95.113577687954432, 18.434022838888016 ], [ -95.113182395350563, 18.433954690097806 ], [ -95.112851424871891, 18.433898446616269 ], [ -95.112511728023549, 18.433849779304772 ], [ -95.112254800830428, 18.433821653739862 ], [ -95.112160671238243, 18.433811348179887 ], [ -95.11184795853174, 18.433770269633225 ], [ -95.111589506172223, 18.433731465740401 ], [ -95.111360701565573, 18.433699014066988 ], [ -95.111274015623607, 18.433686713298954 ], [ -95.111166551651394, 18.433671651260852 ], [ -95.110960970311083, 18.433642824958916 ], [ -95.110345192975075, 18.433566249059979 ], [ -95.109627881378515, 18.433483372383712 ], [ -95.109414457478977, 18.434025625548312 ], [ -95.109373325208438, 18.434143501910722 ], [ -95.109276022669761, 18.434422349456291 ], [ -95.109187116851587, 18.434707390217994 ], [ -95.109019920582526, 18.43532496210576 ], [ -95.108984101489952, 18.435372997701609 ], [ -95.108822789444673, 18.435564292544484 ], [ -95.108644558986811, 18.435782484739327 ], [ -95.108562928385268, 18.43588489156522 ], [ -95.108374218563995, 18.436599904832811 ], [ -95.10817930588432, 18.437584926483396 ], [ -95.107908903690969, 18.438513451412838 ], [ -95.106642794843211, 18.438478928940501 ], [ -95.105753766319111, 18.438490425392871 ], [ -95.104864738525976, 18.438501917641503 ], [ -95.103838802128251, 18.438361774239151 ], [ -95.100939295230575, 18.438331903009775 ], [ -95.101453221185338, 18.434213486098734 ], [ -95.102694168409045, 18.434325983343602 ], [ -95.10313241550017, 18.434349270613701 ], [ -95.103233289493346, 18.434367456158714 ], [ -95.103598505867893, 18.434391075909453 ], [ -95.103716010639289, 18.434420344200955 ], [ -95.104215968624857, 18.434457473655812 ], [ -95.104590442807194, 18.434474026045109 ], [ -95.104670917664535, 18.434473831661816 ], [ -95.105064018671911, 18.433110612630625 ], [ -95.10507835721144, 18.43306088801026 ], [ -95.105173038657725, 18.432732541202142 ], [ -95.105281517825517, 18.432356342935119 ], [ -95.105394281554965, 18.431965283623061 ], [ -95.105489054051574, 18.431636615104736 ], [ -95.105584209165343, 18.431306617882999 ], [ -95.105620004139027, 18.431157791021302 ], [ -95.105668582115172, 18.430955815018116 ], [ -95.105712167509125, 18.430813562605781 ], [ -95.105777310853981, 18.430568430140827 ], [ -95.105867683997033, 18.430236537356517 ], [ -95.106056278353904, 18.429543924043102 ], [ -95.106156004192869, 18.429183317364508 ], [ -95.10634580493182, 18.428496995627711 ], [ -95.106467557997618, 18.42805713099991 ], [ -95.10660497976437, 18.427590446023995 ], [ -95.10689557924843, 18.426490970910866 ], [ -95.107235154709713, 18.426507050318826 ], [ -95.107558744411975, 18.426544432021338 ], [ -95.10784908055642, 18.426575438239308 ], [ -95.108538168148712, 18.426643089820658 ], [ -95.108351671288275, 18.427191423666883 ], [ -95.109630466118475, 18.427369400687056 ], [ -95.109396443386558, 18.427697693695517 ], [ -95.109249173550623, 18.427911928045681 ], [ -95.108928276036266, 18.428378737678159 ], [ -95.108838843435322, 18.428538053823395 ], [ -95.108355091376126, 18.429399807597061 ], [ -95.108973985752442, 18.429473378708789 ], [ -95.111019082786669, 18.429714332998355 ], [ -95.11109712169872, 18.429725246331856 ], [ -95.114234691950486, 18.430163991190934 ], [ -95.114306587544817, 18.430174044155326 ], [ -95.114202814363708, 18.430477263469665 ], [ -95.113831266085583, 18.430420484455809 ], [ -95.113633921055794, 18.430967623472533 ], [ -95.113387640340804, 18.431668557767594 ], [ -95.11324610211274, 18.432021656377813 ], [ -95.113597051443875, 18.432062051731865 ], [ -95.113966945136255, 18.432104626931537 ], [ -95.114336817046919, 18.432147198896427 ], [ -95.113835815063965, 18.433315834772415 ], [ -95.113577687954432, 18.434022838888016 ] ] ] } },
{ "type": "Feature", "properties": { "ID": 4837.0, "ENTIDAD": 30, "DISTRITO_F": 19, "DISTRITO_L": 25, "MUNICIPIO": 34, "SECCION": 4906, "TIPO": 2, "CONTROL": 7199.0, "GEOMETRY1_": null, "SEC": 4906, "distrito": 100, "municipio": 136, "seccion": 19624, "listaNominal": 2289, "rppv": 48, "boletaSobrante": 1150, "noElectoresVotaron": 583, "rppvotaron": 8, "sumaCyD": 0, "boetasExtraidasUrna": 0, "pan": 74, "pri": 0, "verde": 32, "pt": 181, "mc": 573, "morena": 258, "verde-morena": 26, "CNR": 0, "VN": 43, "sumaTotal": 1187, "VOTO_4T_25": 497.0, "VOTO_OPO_25": 74.0, "VOTO_MC_25": 573.0, "VOTO_4T_21": 590.0, "VOTO_OPO_21": 269.0, "VOTO_MC_21": 42.0, "GANADOR_21": "4T", "GANADOR_25": "MC" }, "geometry": { "type": "Polygon", "coordinates": [ [ [ -95.110155058544024, 18.436015558188544 ], [ -95.109806666392643, 18.435989999994888 ], [ -95.108562928385268, 18.43588489156522 ], [ -95.108644558986811, 18.435782484739327 ], [ -95.108822789444673, 18.435564292544484 ], [ -95.108984101489952, 18.435372997701609 ], [ -95.109019920582526, 18.43532496210576 ], [ -95.109187116851587, 18.434707390217994 ], [ -95.109276022669761, 18.434422349456291 ], [ -95.109373325208438, 18.434143501910722 ], [ -95.109414457478977, 18.434025625548312 ], [ -95.109627881378515, 18.433483372383712 ], [ -95.110345192975075, 18.433566249059979 ], [ -95.110960970311083, 18.433642824958916 ], [ -95.111166551651394, 18.433671651260852 ], [ -95.111274015623607, 18.433686713298954 ], [ -95.111360701565573, 18.433699014066988 ], [ -95.111589506172223, 18.433731465740401 ], [ -95.11184795853174, 18.433770269633225 ], [ -95.112160671238243, 18.433811348179887 ], [ -95.112254800830428, 18.433821653739862 ], [ -95.112511728023549, 18.433849779304772 ], [ -95.112851424871891, 18.433898446616269 ], [ -95.113182395350563, 18.433954690097806 ], [ -95.113577687954432, 18.434022838888016 ], [ -95.113835815063965, 18.433315834772415 ], [ -95.114336817046919, 18.432147198896427 ], [ -95.113966945136255, 18.432104626931537 ], [ -95.113597051443875, 18.432062051731865 ], [ -95.11324610211274, 18.432021656377813 ], [ -95.113387640340804, 18.431668557767594 ], [ -95.113633921055794, 18.430967623472533 ], [ -95.113831266085583, 18.430420484455809 ], [ -95.114202814363708, 18.430477263469665 ], [ -95.114306587544817, 18.430174044155326 ], [ -95.114363880098011, 18.430181701637597 ], [ -95.115359723047348, 18.43031479902081 ], [ -95.115434861077446, 18.430324841227566 ], [ -95.115482421146254, 18.430331210286862 ], [ -95.115915945122595, 18.430389265571893 ], [ -95.116287122126749, 18.430438970582294 ], [ -95.116381556717641, 18.430451616378196 ], [ -95.116464618580565, 18.43046273920541 ], [ -95.116541668873623, 18.430474530842371 ], [ -95.118292407910602, 18.430742452134918 ], [ -95.118343136454399, 18.430750215042647 ], [ -95.118376429817729, 18.430755309865024 ], [ -95.119060701684347, 18.43086002141137 ], [ -95.119257300593446, 18.430890105734907 ], [ -95.119849362443858, 18.430912896902104 ], [ -95.120134581127218, 18.43092387561445 ], [ -95.119681318207483, 18.432886104044954 ], [ -95.118958870962359, 18.435936726894919 ], [ -95.117422247604637, 18.435850188931511 ], [ -95.116926513906279, 18.435803870340553 ], [ -95.116854785180948, 18.435797168300986 ], [ -95.116624118865744, 18.43577561559659 ], [ -95.11659408406814, 18.43577280922279 ], [ -95.116531222336349, 18.43576693556988 ], [ -95.116305620358489, 18.435745855677347 ], [ -95.116256051387708, 18.435741223994974 ], [ -95.116212125767063, 18.435737119611446 ], [ -95.115982416770606, 18.435715655575287 ], [ -95.115959554870443, 18.435713519341334 ], [ -95.115936692971403, 18.435711383104721 ], [ -95.115731569811999, 18.43569341310468 ], [ -95.115693856253671, 18.435690138581663 ], [ -95.115663614030254, 18.435687512760527 ], [ -95.115433270591282, 18.435667512726944 ], [ -95.115359054753782, 18.43566106872186 ], [ -95.114805612479969, 18.435613013622813 ], [ -95.113253834313639, 18.436276967976049 ], [ -95.112167377129452, 18.436264853661214 ], [ -95.110155058544024, 18.436015558188544 ] ] ] } }
]
}
